game_id,season,team,gsis_id,status
"2010_01_ATL_PIT",2010,"PIT","00-0022177","out"
"2010_01_DAL_WAS",2010,"WAS","00-0011022","questionable"
"2010_02_HOU_WAS",2010,"WAS","00-0011022","questionable"
"2010_02_KC_CLE",2010,"CLE","00-0004161","doubtful"
"2010_02_PHI_DET",2010,"DET","00-0026498","out"
"2010_02_PHI_DET",2010,"PHI","00-0025423","out"
"2010_03_CLE_BAL",2010,"CLE","00-0004161","doubtful"
"2010_03_DET_MIN",2010,"DET","00-0026498","out"
"2010_03_PIT_TB",2010,"PIT","00-0026296","out"
"2010_04_BAL_PIT",2010,"PIT","00-0026296","out"
"2010_04_CIN_CLE",2010,"CLE","00-0004161","questionable"
"2010_04_DET_GB",2010,"DET","00-0026498","out"
"2010_05_ATL_CLE",2010,"CLE","00-0004161","questionable"
"2010_05_CHI_CAR",2010,"CHI","00-0024226","out"
"2010_05_GB_WAS",2010,"WAS","00-0011022","questionable"
"2010_05_PHI_SF",2010,"PHI","00-0020245","out"
"2010_05_STL_DET",2010,"DET","00-0026498","out"
"2010_06_ATL_PHI",2010,"PHI","00-0020245","questionable"
"2010_06_CLE_PIT",2010,"CLE","00-0004161","doubtful"
"2010_06_CLE_PIT",2010,"CLE","00-0022055","doubtful"
"2010_06_DAL_MIN",2010,"MIN","00-0005106","questionable"
"2010_06_DET_NYG",2010,"DET","00-0026498","questionable"
"2010_06_IND_WAS",2010,"WAS","00-0011022","questionable"
"2010_06_OAK_SF",2010,"LV","00-0024408","questionable"
"2010_07_CLE_NO",2010,"CLE","00-0004161","doubtful"
"2010_07_CLE_NO",2010,"CLE","00-0022055","doubtful"
"2010_07_JAX_KC",2010,"JAX","00-0021231","out"
"2010_07_JAX_KC",2010,"JAX","00-0025479","questionable"
"2010_07_OAK_DEN",2010,"LV","00-0023460","questionable"
"2010_07_OAK_DEN",2010,"LV","00-0024408","questionable"
"2010_07_PHI_TEN",2010,"PHI","00-0020245","questionable"
"2010_07_PHI_TEN",2010,"TEN","00-0024218","questionable"
"2010_08_DEN_SF",2010,"SF","00-0023436","out"
"2010_08_JAX_DAL",2010,"DAL","00-0021678","out"
"2010_08_JAX_DAL",2010,"JAX","00-0001545","questionable"
"2010_08_MIN_NE",2010,"MIN","00-0005106","questionable"
"2010_08_SEA_OAK",2010,"LV","00-0024408","questionable"
"2010_08_WAS_DET",2010,"DET","00-0020679","out"
"2010_08_WAS_DET",2010,"WAS","00-0011022","questionable"
"2010_09_DAL_GB",2010,"DAL","00-0021678","out"
"2010_09_NE_CLE",2010,"CLE","00-0004161","doubtful"
"2010_09_NE_CLE",2010,"CLE","00-0022055","questionable"
"2010_09_NYG_SEA",2010,"SEA","00-0007091","out"
"2010_09_NYJ_DET",2010,"DET","00-0020679","doubtful"
"2010_10_DAL_NYG",2010,"DAL","00-0021678","out"
"2010_10_DET_BUF",2010,"DET","00-0026498","out"
"2010_10_NYJ_CLE",2010,"CLE","00-0004161","questionable"
"2010_10_NYJ_CLE",2010,"CLE","00-0022055","questionable"
"2010_10_PHI_WAS",2010,"WAS","00-0011022","questionable"
"2010_10_STL_SF",2010,"SF","00-0023436","out"
"2010_10_TEN_MIA",2010,"TEN","00-0024218","questionable"
"2010_11_BAL_CAR",2010,"CAR","00-0027659","out"
"2010_11_CHI_MIA",2010,"MIA","00-0026197","doubtful"
"2010_11_CLE_JAX",2010,"CLE","00-0004161","questionable"
"2010_11_DET_DAL",2010,"DAL","00-0021678","out"
"2010_11_DET_DAL",2010,"DET","00-0026498","out"
"2010_11_HOU_NYJ",2010,"HOU","00-0022787","questionable"
"2010_11_WAS_TEN",2010,"TEN","00-0003292","doubtful"
"2010_12_CAR_CLE",2010,"CLE","00-0027688","doubtful"
"2010_12_MIA_OAK",2010,"MIA","00-0026197","questionable"
"2010_12_NE_DET",2010,"DET","00-0026498","out"
"2010_12_NE_DET",2010,"NE","00-0019596","questionable"
"2010_12_NO_DAL",2010,"DAL","00-0021678","out"
"2010_12_TEN_HOU",2010,"TEN","00-0003292","questionable"
"2010_13_CAR_SEA",2010,"CAR","00-0022101","questionable"
"2010_13_CHI_DET",2010,"DET","00-0020679","out"
"2010_13_CHI_DET",2010,"DET","00-0026498","out"
"2010_13_CLE_MIA",2010,"CLE","00-0027688","doubtful"
"2010_13_DAL_IND",2010,"DAL","00-0021678","out"
"2010_13_PIT_BAL",2010,"PIT","00-0022924","questionable"
"2010_14_CLE_BUF",2010,"CLE","00-0027688","questionable"
"2010_14_DEN_ARI",2010,"ARI","00-0023645","doubtful"
"2010_14_GB_DET",2010,"DET","00-0020679","out"
"2010_14_GB_DET",2010,"DET","00-0026498","out"
"2010_14_KC_SD",2010,"KC","00-0023662","doubtful"
"2010_14_NYG_MIN",2010,"MIN","00-0005106","questionable"
"2010_14_NYG_MIN",2010,"MIN","00-0027796","questionable"
"2010_14_PHI_DAL",2010,"DAL","00-0021678","out"
"2010_15_ARI_CAR",2010,"ARI","00-0023645","doubtful"
"2010_15_CHI_MIN",2010,"MIN","00-0005106","out"
"2010_15_DEN_OAK",2010,"DEN","00-0023541","questionable"
"2010_15_DET_TB",2010,"DET","00-0020679","questionable"
"2010_15_DET_TB",2010,"DET","00-0026498","out"
"2010_15_GB_NE",2010,"GB","00-0023459","doubtful"
"2010_15_JAX_IND",2010,"JAX","00-0021231","questionable"
"2010_15_KC_STL",2010,"KC","00-0023662","questionable"
"2010_15_WAS_DAL",2010,"DAL","00-0021678","out"
"2010_16_DET_MIA",2010,"DET","00-0020679","questionable"
"2010_16_DET_MIA",2010,"DET","00-0025430","questionable"
"2010_16_DET_MIA",2010,"DET","00-0026498","out"
"2010_16_HOU_DEN",2010,"DEN","00-0023541","questionable"
"2010_16_MIN_PHI",2010,"MIN","00-0005106","doubtful"
"2010_17_BUF_NYJ",2010,"BUF","00-0023682","questionable"
"2010_17_DAL_PHI",2010,"DAL","00-0009311","questionable"
"2010_17_DAL_PHI",2010,"PHI","00-0020245","questionable"
"2010_17_MIN_DET",2010,"MIN","00-0005106","doubtful"
"2010_17_SD_DEN",2010,"DEN","00-0023541","questionable"
"2010_17_STL_SEA",2010,"SEA","00-0007091","questionable"
"2011_01_CAR_ARI",2011,"ARI","00-0027754","questionable"
"2011_01_IND_HOU",2011,"IND","00-0010346","out"
"2011_01_PHI_STL",2011,"PHI","00-0024218","doubtful"
"2011_02_CLE_IND",2011,"IND","00-0010346","out"
"2011_02_PHI_ATL",2011,"PHI","00-0024218","questionable"
"2011_03_NYG_PHI",2011,"PHI","00-0020245","questionable"
"2011_03_PIT_IND",2011,"IND","00-0003292","questionable"
"2011_03_PIT_IND",2011,"IND","00-0010346","out"
"2011_03_WAS_DAL",2011,"DAL","00-0021678","questionable"
"2011_04_DET_DAL",2011,"DAL","00-0021678","questionable"
"2011_04_IND_TB",2011,"IND","00-0003292","questionable"
"2011_04_IND_TB",2011,"IND","00-0010346","out"
"2011_05_KC_IND",2011,"IND","00-0003292","questionable"
"2011_05_KC_IND",2011,"IND","00-0010346","out"
"2011_06_IND_CIN",2011,"IND","00-0003292","questionable"
"2011_06_IND_CIN",2011,"IND","00-0010346","out"
"2011_07_IND_NO",2011,"IND","00-0003292","questionable"
"2011_07_IND_NO",2011,"IND","00-0010346","out"
"2011_07_KC_OAK",2011,"LV","00-0023460","out"
"2011_07_SEA_CLE",2011,"SEA","00-0024279","doubtful"
"2011_07_STL_DAL",2011,"LA","00-0027854","questionable"
"2011_08_CIN_SEA",2011,"SEA","00-0024279","questionable"
"2011_08_DET_DEN",2011,"DET","00-0026498","questionable"
"2011_08_IND_TEN",2011,"IND","00-0010346","out"
"2011_08_NO_STL",2011,"LA","00-0027854","out"
"2011_09_ATL_IND",2011,"IND","00-0010346","out"
"2011_09_DEN_OAK",2011,"LV","00-0023460","out"
"2011_09_STL_ARI",2011,"ARI","00-0025423","doubtful"
"2011_09_STL_ARI",2011,"LA","00-0027854","questionable"
"2011_10_ARI_PHI",2011,"ARI","00-0025423","questionable"
"2011_10_JAX_IND",2011,"IND","00-0010346","out"
"2011_10_OAK_SD",2011,"LV","00-0023460","out"
"2011_10_STL_CLE",2011,"LA","00-0027854","questionable"
"2011_11_ARI_SF",2011,"ARI","00-0025423","questionable"
"2011_11_DAL_WAS",2011,"DAL","00-0009311","doubtful"
"2011_11_KC_NE",2011,"KC","00-0023662","out"
"2011_11_OAK_MIN",2011,"LV","00-0023460","out"
"2011_11_PHI_NYG",2011,"PHI","00-0020245","questionable"
"2011_12_ARI_STL",2011,"ARI","00-0025423","questionable"
"2011_12_CAR_IND",2011,"IND","00-0010346","out"
"2011_12_CHI_OAK",2011,"CHI","00-0024226","out"
"2011_12_CHI_OAK",2011,"LV","00-0023460","out"
"2011_12_MIA_DAL",2011,"DAL","00-0009311","out"
"2011_12_NE_PHI",2011,"PHI","00-0020245","questionable"
"2011_13_CAR_TB",2011,"TB","00-0026993","questionable"
"2011_13_DAL_ARI",2011,"DAL","00-0009311","out"
"2011_13_IND_NE",2011,"IND","00-0010346","out"
"2011_13_KC_CHI",2011,"CHI","00-0024226","out"
"2011_13_OAK_MIA",2011,"LV","00-0023460","out"
"2011_13_PHI_SEA",2011,"PHI","00-0020245","out"
"2011_13_STL_SF",2011,"LA","00-0027854","questionable"
"2011_14_CHI_DEN",2011,"CHI","00-0024226","out"
"2011_14_IND_BAL",2011,"IND","00-0010346","out"
"2011_14_KC_NYJ",2011,"KC","00-0023541","doubtful"
"2011_14_MIN_DET",2011,"MIN","00-0027950","questionable"
"2011_14_NYG_DAL",2011,"DAL","00-0009311","out"
"2011_14_OAK_GB",2011,"LV","00-0023460","out"
"2011_14_STL_SEA",2011,"LA","00-0020305","out"
"2011_14_STL_SEA",2011,"LA","00-0027854","questionable"
"2011_14_TB_JAX",2011,"TB","00-0026993","questionable"
"2011_15_CIN_STL",2011,"LA","00-0020305","out"
"2011_15_CIN_STL",2011,"LA","00-0027854","doubtful"
"2011_15_CLE_ARI",2011,"ARI","00-0025423","questionable"
"2011_15_CLE_ARI",2011,"CLE","00-0027688","out"
"2011_15_DET_OAK",2011,"LV","00-0023460","out"
"2011_15_MIA_BUF",2011,"MIA","00-0025708","questionable"
"2011_15_NYJ_PHI",2011,"PHI","00-0024218","questionable"
"2011_15_PIT_SF",2011,"PIT","00-0022924","questionable"
"2011_15_SEA_CHI",2011,"CHI","00-0024226","out"
"2011_15_TEN_IND",2011,"IND","00-0010346","out"
"2011_15_TEN_IND",2011,"TEN","00-0007091","questionable"
"2011_16_ARI_CIN",2011,"ARI","00-0025423","questionable"
"2011_16_CHI_GB",2011,"CHI","00-0024226","out"
"2011_16_CLE_BAL",2011,"CLE","00-0027688","out"
"2011_16_HOU_IND",2011,"IND","00-0010346","out"
"2011_16_OAK_KC",2011,"LV","00-0023460","out"
"2011_16_STL_PIT",2011,"LA","00-0020305","out"
"2011_16_STL_PIT",2011,"LA","00-0027854","doubtful"
"2011_16_STL_PIT",2011,"PIT","00-0022924","questionable"
"2011_17_BUF_NE",2011,"BUF","00-0024318","out"
"2011_17_IND_JAX",2011,"IND","00-0010346","out"
"2011_17_PIT_CLE",2011,"CLE","00-0027688","out"
"2011_17_SD_OAK",2011,"LV","00-0023460","out"
"2011_17_SEA_ARI",2011,"ARI","00-0025423","questionable"
"2011_17_SF_STL",2011,"LA","00-0020305","doubtful"
"2011_17_SF_STL",2011,"LA","00-0027854","doubtful"
"2011_17_TB_ATL",2011,"ATL","00-0019709","questionable"
"2012_01_PHI_CLE",2012,"CLE","00-0027253","questionable"
"2012_02_ARI_NE",2012,"ARI","00-0027754","doubtful"
"2012_02_TEN_SD",2012,"TEN","00-0027946","questionable"
"2012_03_PHI_ARI",2012,"ARI","00-0027754","questionable"
"2012_04_MIA_ARI",2012,"ARI","00-0027754","questionable"
"2012_05_ARI_STL",2012,"ARI","00-0027754","questionable"
"2012_05_TEN_MIN",2012,"TEN","00-0027946","out"
"2012_06_KC_TB",2012,"KC","00-0023662","out"
"2012_06_MIN_WAS",2012,"WAS","00-0029665","questionable"
"2012_06_PIT_TEN",2012,"TEN","00-0027946","out"
"2012_07_ARI_MIN",2012,"ARI","00-0025423","out"
"2012_07_TEN_BUF",2012,"TEN","00-0027946","out"
"2012_08_IND_TEN",2012,"TEN","00-0027946","out"
"2012_08_SF_ARI",2012,"ARI","00-0025423","out"
"2012_09_ARI_GB",2012,"ARI","00-0025423","out"
"2012_09_CHI_TEN",2012,"TEN","00-0027946","doubtful"
"2012_09_KC_SD",2012,"KC","00-0025409","out"
"2012_09_MIA_IND",2012,"MIA","00-0029701","questionable"
"2012_10_KC_PIT",2012,"KC","00-0025409","out"
"2012_11_ARI_ATL",2012,"ARI","00-0025423","out"
"2012_11_BAL_PIT",2012,"PIT","00-0022924","out"
"2012_11_CHI_SF",2012,"CHI","00-0024226","out"
"2012_11_CHI_SF",2012,"SF","00-0023436","questionable"
"2012_11_CIN_KC",2012,"KC","00-0025409","questionable"
"2012_11_PHI_WAS",2012,"PHI","00-0020245","out"
"2012_12_CAR_PHI",2012,"PHI","00-0020245","out"
"2012_12_MIN_CHI",2012,"CHI","00-0024226","questionable"
"2012_12_NE_NYJ",2012,"NYJ","00-0027876","questionable"
"2012_12_PIT_CLE",2012,"PIT","00-0022177","out"
"2012_12_PIT_CLE",2012,"PIT","00-0022924","out"
"2012_12_SF_NO",2012,"SF","00-0023436","questionable"
"2012_12_STL_ARI",2012,"ARI","00-0025423","questionable"
"2012_13_ARI_NYJ",2012,"ARI","00-0025423","questionable"
"2012_13_ARI_NYJ",2012,"NYJ","00-0027876","questionable"
"2012_13_PHI_DAL",2012,"PHI","00-0020245","out"
"2012_13_PIT_BAL",2012,"PIT","00-0022177","out"
"2012_13_PIT_BAL",2012,"PIT","00-0022924","out"
"2012_14_ARI_SEA",2012,"ARI","00-0025423","questionable"
"2012_14_NYJ_JAX",2012,"NYJ","00-0027876","questionable"
"2012_14_PHI_TB",2012,"PHI","00-0020245","out"
"2012_14_SD_PIT",2012,"PIT","00-0022177","questionable"
"2012_15_CIN_PHI",2012,"PHI","00-0020245","out"
"2012_15_WAS_CLE",2012,"WAS","00-0029665","questionable"
"2012_17_CLE_PIT",2012,"CLE","00-0027688","out"
"2012_17_CLE_PIT",2012,"CLE","00-0029677","out"
"2012_17_NYJ_BUF",2012,"NYJ","00-0028146","doubtful"
"2012_17_OAK_SD",2012,"LV","00-0021429","out"
"2012_18_MIN_GB",2012,"MIN","00-0027950","questionable"
"2013_01_KC_JAX",2013,"JAX","00-0027948","questionable"
"2013_01_MIA_CLE",2013,"MIA","00-0028453","out"
"2013_01_TB_NYJ",2013,"NYJ","00-0026898","out"
"2013_02_JAX_OAK",2013,"JAX","00-0027948","out"
"2013_02_MIA_IND",2013,"MIA","00-0028453","out"
"2013_02_NYJ_NE",2013,"NYJ","00-0026898","out"
"2013_03_ATL_MIA",2013,"MIA","00-0028453","questionable"
"2013_03_CLE_MIN",2013,"CLE","00-0029677","out"
"2013_03_JAX_SEA",2013,"JAX","00-0027948","out"
"2013_04_CIN_CLE",2013,"CLE","00-0029677","out"
"2013_04_PIT_MIN",2013,"MIN","00-0027950","out"
"2013_04_WAS_OAK",2013,"LV","00-0028825","questionable"
"2013_05_KC_TEN",2013,"TEN","00-0027946","out"
"2013_06_CIN_BUF",2013,"BUF","00-0030526","out"
"2013_06_DET_CLE",2013,"CLE","00-0026625","out"
"2013_06_JAX_DEN",2013,"JAX","00-0027948","out"
"2013_06_PHI_TB",2013,"PHI","00-0020245","questionable"
"2013_06_TEN_SEA",2013,"TEN","00-0027946","out"
"2013_07_BUF_MIA",2013,"BUF","00-0030526","out"
"2013_07_DAL_PHI",2013,"PHI","00-0020245","questionable"
"2013_07_HOU_KC",2013,"HOU","00-0022787","out"
"2013_07_SD_JAX",2013,"JAX","00-0027948","out"
"2013_07_SF_TEN",2013,"TEN","00-0027946","questionable"
"2013_08_BUF_NO",2013,"BUF","00-0030526","out"
"2013_08_GB_MIN",2013,"MIN","00-0026993","out"
"2013_08_NYG_PHI",2013,"PHI","00-0029567","out"
"2013_09_CHI_GB",2013,"CHI","00-0024226","out"
"2013_09_KC_BUF",2013,"BUF","00-0027253","doubtful"
"2013_09_KC_BUF",2013,"BUF","00-0030526","out"
"2013_09_PHI_OAK",2013,"PHI","00-0020245","out"
"2013_09_TEN_STL",2013,"LA","00-0025409","questionable"
"2013_10_PHI_GB",2013,"GB","00-0023459","out"
"2013_10_PHI_GB",2013,"PHI","00-0020245","doubtful"
"2013_10_STL_IND",2013,"LA","00-0025409","doubtful"
"2013_11_BAL_CHI",2013,"CHI","00-0024226","out"
"2013_11_GB_NYG",2013,"GB","00-0023459","out"
"2013_11_IND_TEN",2013,"TEN","00-0027946","out"
"2013_11_OAK_HOU",2013,"LV","00-0028825","questionable"
"2013_11_WAS_PHI",2013,"PHI","00-0020245","questionable"
"2013_12_CHI_STL",2013,"CHI","00-0024226","out"
"2013_12_CHI_STL",2013,"LA","00-0025409","out"
"2013_12_MIN_GB",2013,"GB","00-0023459","out"
"2013_12_NO_ATL",2013,"ATL","00-0028863","questionable"
"2013_12_TEN_OAK",2013,"LV","00-0028825","questionable"
"2013_13_CHI_MIN",2013,"CHI","00-0024226","out"
"2013_13_GB_DET",2013,"GB","00-0023459","out"
"2013_13_JAX_CLE",2013,"CLE","00-0023460","out"
"2013_14_ATL_GB",2013,"GB","00-0023459","out"
"2013_14_CLE_NE",2013,"CLE","00-0029677","out"
"2013_14_DAL_CHI",2013,"CHI","00-0024226","out"
"2013_14_MIN_BAL",2013,"MIN","00-0027950","out"
"2013_14_SEA_SF",2013,"SEA","00-0024279","questionable"
"2013_14_STL_ARI",2013,"ARI","00-0021429","questionable"
"2013_15_ARI_TEN",2013,"ARI","00-0021429","questionable"
"2013_15_GB_DAL",2013,"GB","00-0023459","out"
"2013_16_ARI_SEA",2013,"ARI","00-0021429","questionable"
"2013_16_DEN_HOU",2013,"HOU","00-0028986","out"
"2013_16_MIA_BUF",2013,"BUF","00-0030526","out"
"2013_16_NE_BAL",2013,"BAL","00-0026158","questionable"
"2013_16_PIT_GB",2013,"GB","00-0023459","out"
"2013_17_BUF_NE",2013,"BUF","00-0030526","doubtful"
"2013_17_HOU_TEN",2013,"HOU","00-0028986","questionable"
"2013_17_PHI_DAL",2013,"DAL","00-0021678","out"
"2014_01_BUF_CHI",2014,"CHI","00-0031076","out"
"2014_01_CAR_TB",2014,"CAR","00-0027939","questionable"
"2014_01_NE_MIA",2014,"NE","00-0019596","questionable"
"2014_02_ARI_NYG",2014,"ARI","00-0021429","questionable"
"2014_02_CHI_SF",2014,"CHI","00-0031076","out"
"2014_02_STL_TB",2014,"LA","00-0020679","questionable"
"2014_03_DAL_STL",2014,"LA","00-0020679","questionable"
"2014_03_SF_ARI",2014,"ARI","00-0021429","questionable"
"2014_03_WAS_PHI",2014,"WAS","00-0029665","out"
"2014_04_MIA_OAK",2014,"LV","00-0022787","out"
"2014_04_NYG_WAS",2014,"WAS","00-0029665","out"
"2014_04_TB_PIT",2014,"TB","00-0021206","doubtful"
"2014_04_TEN_IND",2014,"TEN","00-0027946","questionable"
"2014_05_ARI_DEN",2014,"ARI","00-0021429","out"
"2014_05_MIN_GB",2014,"MIN","00-0031237","questionable"
"2014_05_SEA_WAS",2014,"WAS","00-0029665","out"
"2014_05_TB_NO",2014,"TB","00-0021206","questionable"
"2014_06_BAL_TB",2014,"TB","00-0021206","doubtful"
"2014_06_JAX_TEN",2014,"TEN","00-0027946","questionable"
"2014_06_NE_BUF",2014,"NE","00-0019596","questionable"
"2014_06_SD_OAK",2014,"LV","00-0031280","questionable"
"2014_06_WAS_ARI",2014,"ARI","00-0021429","questionable"
"2014_06_WAS_ARI",2014,"ARI","00-0025430","questionable"
"2014_06_WAS_ARI",2014,"WAS","00-0029665","out"
"2014_07_TEN_WAS",2014,"TEN","00-0027946","questionable"
"2014_07_TEN_WAS",2014,"WAS","00-0029665","out"
"2014_08_MIN_TB",2014,"TB","00-0021206","questionable"
"2014_08_WAS_DAL",2014,"WAS","00-0029665","questionable"
"2014_09_ARI_DAL",2014,"DAL","00-0021678","questionable"
"2014_09_NYJ_KC",2014,"NYJ","00-0030565","questionable"
"2014_10_CAR_PHI",2014,"PHI","00-0029567","out"
"2014_11_PHI_GB",2014,"PHI","00-0029567","out"
"2014_12_TEN_PHI",2014,"PHI","00-0029567","out"
"2014_13_PHI_DAL",2014,"PHI","00-0029567","out"
"2014_14_NYG_TEN",2014,"TEN","00-0031266","questionable"
"2014_14_SEA_PHI",2014,"PHI","00-0029567","out"
"2014_15_DAL_PHI",2014,"PHI","00-0029567","out"
"2014_15_NYJ_TEN",2014,"TEN","00-0031266","out"
"2014_15_TB_CAR",2014,"CAR","00-0027939","out"
"2014_15_WAS_NYG",2014,"WAS","00-0027688","questionable"
"2014_16_BAL_HOU",2014,"HOU","00-0031064","out"
"2014_16_DEN_CIN",2014,"CIN","00-0031288","questionable"
"2014_16_DEN_CIN",2014,"DEN","00-0010346","questionable"
"2014_16_PHI_WAS",2014,"PHI","00-0029567","out"
"2014_16_SEA_ARI",2014,"ARI","00-0025430","doubtful"
"2014_16_TEN_JAX",2014,"JAX","00-0031407","questionable"
"2014_16_TEN_JAX",2014,"TEN","00-0031266","doubtful"
"2014_17_ARI_SF",2014,"ARI","00-0025430","out"
"2014_17_CHI_MIN",2014,"CHI","00-0027659","out"
"2014_17_CLE_BAL",2014,"CLE","00-0026625","doubtful"
"2014_17_CLE_BAL",2014,"CLE","00-0031409","out"
"2014_17_IND_TEN",2014,"TEN","00-0031266","questionable"
"2014_17_JAX_HOU",2014,"HOU","00-0031064","out"
"2014_17_PHI_NYG",2014,"PHI","00-0029567","out"
"2014_17_SD_KC",2014,"KC","00-0023436","out"
"2014_18_ARI_CAR",2014,"ARI","00-0025430","out"
"2015_01_CLE_NYJ",2015,"NYJ","00-0030565","out"
"2015_01_PIT_NE",2015,"PIT","00-0030524","out"
"2015_02_NYJ_IND",2015,"NYJ","00-0030565","out"
"2015_02_TEN_CLE",2015,"CLE","00-0021206","out"
"2015_03_CHI_SEA",2015,"CHI","00-0024226","out"
"2015_03_NO_CAR",2015,"NO","00-0020531","out"
"2015_04_BAL_PIT",2015,"PIT","00-0022924","out"
"2015_04_JAX_IND",2015,"IND","00-0029668","questionable"
"2015_04_OAK_CHI",2015,"CHI","00-0024226","questionable"
"2015_05_CHI_KC",2015,"CHI","00-0024226","questionable"
"2015_05_CHI_KC",2015,"CHI","00-0027659","questionable"
"2015_05_IND_HOU",2015,"IND","00-0007091","questionable"
"2015_05_IND_HOU",2015,"IND","00-0029668","questionable"
"2015_05_PIT_SD",2015,"PIT","00-0022924","out"
"2015_06_ARI_PIT",2015,"PIT","00-0022924","out"
"2015_06_CIN_BUF",2015,"BUF","00-0028118","questionable"
"2015_06_NE_IND",2015,"IND","00-0029668","questionable"
"2015_07_ATL_TEN",2015,"TEN","00-0032268","out"
"2015_07_BUF_JAX",2015,"BUF","00-0028118","out"
"2015_07_PIT_KC",2015,"PIT","00-0020245","out"
"2015_07_PIT_KC",2015,"PIT","00-0022924","questionable"
"2015_08_ARI_CLE",2015,"CLE","00-0021206","questionable"
"2015_08_CIN_PIT",2015,"PIT","00-0020245","out"
"2015_08_TEN_HOU",2015,"TEN","00-0032268","out"
"2015_09_CLE_CIN",2015,"CLE","00-0021206","out"
"2015_09_TEN_NO",2015,"NO","00-0022864","out"
"2015_10_CLE_PIT",2015,"CLE","00-0021206","questionable"
"2015_10_CLE_PIT",2015,"PIT","00-0022924","questionable"
"2015_10_MIN_OAK",2015,"MIN","00-0031237","questionable"
"2015_11_DEN_CHI",2015,"DEN","00-0010346","out"
"2015_11_IND_ATL",2015,"IND","00-0029668","out"
"2015_11_NYJ_HOU",2015,"HOU","00-0026625","out"
"2015_11_TB_PHI",2015,"PHI","00-0027854","out"
"2015_12_NE_DEN",2015,"DEN","00-0010346","out"
"2015_12_PHI_DET",2015,"PHI","00-0027854","questionable"
"2015_12_STL_CIN",2015,"LA","00-0028986","questionable"
"2015_12_TB_IND",2015,"IND","00-0029668","out"
"2015_13_ARI_STL",2015,"LA","00-0028986","questionable"
"2015_13_DAL_WAS",2015,"DAL","00-0021678","out"
"2015_13_DEN_SD",2015,"DEN","00-0010346","out"
"2015_13_IND_PIT",2015,"IND","00-0029668","out"
"2015_14_DAL_GB",2015,"DAL","00-0021678","out"
"2015_14_IND_JAX",2015,"IND","00-0029668","out"
"2015_14_OAK_DEN",2015,"DEN","00-0010346","out"
"2015_14_SEA_BAL",2015,"BAL","00-0022787","questionable"
"2015_15_CIN_SF",2015,"CIN","00-0027973","out"
"2015_15_DEN_PIT",2015,"DEN","00-0010346","out"
"2015_15_HOU_IND",2015,"HOU","00-0026625","out"
"2015_15_HOU_IND",2015,"IND","00-0029668","out"
"2015_15_NYJ_DAL",2015,"DAL","00-0021678","out"
"2015_15_TEN_NE",2015,"NE","00-0019596","questionable"
"2015_16_CIN_DEN",2015,"CIN","00-0027973","out"
"2015_16_CIN_DEN",2015,"DEN","00-0010346","out"
"2015_16_DAL_BUF",2015,"DAL","00-0021678","out"
"2015_16_HOU_TEN",2015,"HOU","00-0026625","questionable"
"2015_16_HOU_TEN",2015,"TEN","00-0032268","out"
"2015_16_IND_MIA",2015,"IND","00-0029668","out"
"2015_16_JAX_NO",2015,"NO","00-0020531","questionable"
"2015_17_BAL_CIN",2015,"CIN","00-0027973","out"
"2015_17_PIT_CLE",2015,"CLE","00-0031409","out"
"2015_17_TEN_IND",2015,"IND","00-0007091","out"
"2015_17_TEN_IND",2015,"IND","00-0029668","out"
"2015_17_TEN_IND",2015,"TEN","00-0032268","out"
"2015_18_PIT_CIN",2015,"CIN","00-0027973","out"
"2015_19_PIT_DEN",2015,"DEN","00-0029682","questionable"
"2015_19_PIT_DEN",2015,"PIT","00-0022924","questionable"
"2016_01_BUF_BAL",2016,"BUF","00-0033098","questionable"
"2016_01_CIN_NYJ",2016,"NYJ","00-0031568","out"
"2016_01_NYG_DAL",2016,"DAL","00-0021678","out"
"2016_02_DAL_WAS",2016,"DAL","00-0021678","out"
"2016_02_NYJ_BUF",2016,"BUF","00-0033098","questionable"
"2016_02_NYJ_BUF",2016,"NYJ","00-0031568","out"
"2016_03_ARI_BUF",2016,"BUF","00-0033098","questionable"
"2016_03_CHI_DAL",2016,"CHI","00-0024226","doubtful"
"2016_03_CHI_DAL",2016,"DAL","00-0021678","out"
"2016_03_CLE_MIA",2016,"CLE","00-0021206","out"
"2016_03_HOU_NE",2016,"NE","00-0031345","doubtful"
"2016_03_NYJ_KC",2016,"NYJ","00-0031568","out"
"2016_03_SD_IND",2016,"IND","00-0029668","questionable"
"2016_04_BUF_NE",2016,"BUF","00-0033098","questionable"
"2016_04_BUF_NE",2016,"NE","00-0031345","questionable"
"2016_04_BUF_NE",2016,"NE","00-0033119","questionable"
"2016_04_CLE_WAS",2016,"CLE","00-0021206","out"
"2016_04_DAL_SF",2016,"DAL","00-0021678","out"
"2016_04_DET_CHI",2016,"CHI","00-0024226","doubtful"
"2016_04_SEA_NYJ",2016,"NYJ","00-0031568","out"
"2016_05_ARI_SF",2016,"ARI","00-0021429","out"
"2016_05_ATL_DEN",2016,"DEN","00-0032156","questionable"
"2016_05_CHI_IND",2016,"CHI","00-0024226","doubtful"
"2016_05_CIN_DAL",2016,"DAL","00-0021678","out"
"2016_05_NE_CLE",2016,"CLE","00-0021206","out"
"2016_05_NE_CLE",2016,"NE","00-0031345","questionable"
"2016_05_NE_CLE",2016,"NE","00-0033119","out"
"2016_05_NYJ_PIT",2016,"NYJ","00-0031568","out"
"2016_05_TB_CAR",2016,"CAR","00-0027939","out"
"2016_06_CAR_NO",2016,"CAR","00-0027939","questionable"
"2016_06_CIN_NE",2016,"NE","00-0031345","questionable"
"2016_06_CLE_TEN",2016,"CLE","00-0021206","out"
"2016_06_DAL_GB",2016,"DAL","00-0021678","out"
"2016_06_DEN_SD",2016,"DEN","00-0032156","questionable"
"2016_06_JAX_CHI",2016,"CHI","00-0024226","doubtful"
"2016_07_BAL_NYJ",2016,"BAL","00-0026158","questionable"
"2016_07_CHI_GB",2016,"CHI","00-0024226","doubtful"
"2016_07_CLE_CIN",2016,"CLE","00-0021206","out"
"2016_07_NE_PIT",2016,"PIT","00-0022924","out"
"2016_07_SEA_ARI",2016,"ARI","00-0021429","questionable"
"2016_08_NYJ_CLE",2016,"CLE","00-0033104","out"
"2016_08_PHI_DAL",2016,"DAL","00-0021678","out"
"2016_09_DAL_CLE",2016,"DAL","00-0021678","out"
"2016_09_JAX_KC",2016,"KC","00-0023436","out"
"2016_09_PHI_NYG",2016,"NYG","00-0030586","questionable"
"2016_09_PIT_BAL",2016,"PIT","00-0022924","questionable"
"2016_10_DAL_PIT",2016,"DAL","00-0021678","questionable"
"2016_10_LA_NYJ",2016,"NYJ","00-0023682","questionable"
"2016_11_BAL_DAL",2016,"DAL","00-0021678","questionable"
"2016_12_NE_NYJ",2016,"NE","00-0019596","questionable"
"2016_12_NYG_CLE",2016,"CLE","00-0033104","out"
"2016_12_PIT_IND",2016,"IND","00-0029668","out"
"2016_12_TEN_CHI",2016,"CHI","00-0024226","doubtful"
"2016_13_DEN_JAX",2016,"DEN","00-0032156","out"
"2016_13_HOU_GB",2016,"GB","00-0023459","questionable"
"2016_13_LA_NE",2016,"NE","00-0019596","questionable"
"2016_13_SF_CHI",2016,"CHI","00-0024226","out"
"2016_14_ARI_MIA",2016,"MIA","00-0025708","questionable"
"2016_14_DEN_TEN",2016,"DEN","00-0032156","questionable"
"2016_14_HOU_IND",2016,"HOU","00-0031064","out"
"2016_15_CAR_WAS",2016,"CAR","00-0027939","questionable"
"2016_15_GB_CHI",2016,"GB","00-0023459","questionable"
"2016_15_MIA_NYJ",2016,"MIA","00-0029701","out"
"2016_16_MIA_BUF",2016,"MIA","00-0029701","out"
"2016_16_NYJ_NE",2016,"NE","00-0019596","questionable"
"2016_16_WAS_CHI",2016,"CHI","00-0031076","questionable"
"2016_16_WAS_CHI",2016,"WAS","00-0027688","questionable"
"2016_17_CAR_TB",2016,"CAR","00-0023645","out"
"2016_17_CAR_TB",2016,"CAR","00-0027939","questionable"
"2016_17_CHI_MIN",2016,"CHI","00-0031076","questionable"
"2016_17_NE_MIA",2016,"MIA","00-0029701","out"
"2016_17_NE_MIA",2016,"NE","00-0019596","questionable"
"2016_17_OAK_DEN",2016,"LV","00-0031280","out"
"2016_18_MIA_PIT",2016,"MIA","00-0029701","out"
"2016_18_OAK_HOU",2016,"HOU","00-0031064","out"
"2016_18_OAK_HOU",2016,"LV","00-0030419","questionable"
"2016_18_OAK_HOU",2016,"LV","00-0031280","out"
"2017_01_CAR_SF",2017,"CAR","00-0027939","questionable"
"2017_01_IND_LA",2017,"IND","00-0029668","out"
"2017_01_LAC_DEN",2017,"DEN","00-0033108","out"
"2017_02_ARI_IND",2017,"IND","00-0029668","out"
"2017_02_DAL_DEN",2017,"DEN","00-0033108","out"
"2017_02_MIN_PIT",2017,"MIN","00-0027854","questionable"
"2017_03_BAL_JAX",2017,"JAX","00-0026197","questionable"
"2017_03_CLE_IND",2017,"IND","00-0029668","out"
"2017_03_DEN_BUF",2017,"DEN","00-0033108","out"
"2017_03_NO_CAR",2017,"CAR","00-0027939","questionable"
"2017_03_TB_MIN",2017,"MIN","00-0027854","out"
"2017_04_DET_MIN",2017,"MIN","00-0027854","out"
"2017_04_IND_SEA",2017,"IND","00-0029668","out"
"2017_04_OAK_DEN",2017,"DEN","00-0033108","out"
"2017_05_BAL_OAK",2017,"LV","00-0031280","questionable"
"2017_05_MIN_CHI",2017,"MIN","00-0027854","questionable"
"2017_05_SF_IND",2017,"IND","00-0029668","out"
"2017_05_TEN_MIA",2017,"TEN","00-0032268","questionable"
"2017_06_DET_NO",2017,"DET","00-0026498","questionable"
"2017_06_GB_MIN",2017,"MIN","00-0027854","out"
"2017_06_IND_TEN",2017,"IND","00-0029668","out"
"2017_06_IND_TEN",2017,"TEN","00-0032268","questionable"
"2017_06_NYG_DEN",2017,"DEN","00-0033108","out"
"2017_07_BAL_MIN",2017,"MIN","00-0027854","out"
"2017_07_DEN_LAC",2017,"DEN","00-0033108","out"
"2017_07_JAX_IND",2017,"IND","00-0029668","out"
"2017_07_NO_GB",2017,"GB","00-0023459","out"
"2017_07_TB_BUF",2017,"TB","00-0031503","questionable"
"2017_08_CAR_TB",2017,"TB","00-0031503","questionable"
"2017_08_IND_CIN",2017,"IND","00-0029668","out"
"2017_08_MIA_BAL",2017,"MIA","00-0024226","out"
"2017_08_MIN_CLE",2017,"MIN","00-0027854","out"
"2017_09_BAL_TEN",2017,"BAL","00-0026158","questionable"
"2017_09_OAK_MIA",2017,"MIA","00-0024226","questionable"
"2017_09_TB_NO",2017,"TB","00-0031503","questionable"
"2017_10_NYJ_TB",2017,"TB","00-0031503","out"
"2017_11_ARI_HOU",2017,"ARI","00-0025430","questionable"
"2017_11_BUF_LAC",2017,"LAC","00-0022942","questionable"
"2017_11_TB_MIA",2017,"TB","00-0031503","out"
"2017_12_CHI_PHI",2017,"CHI","00-0026898","questionable"
"2017_12_JAX_ARI",2017,"ARI","00-0025430","questionable"
"2017_12_MIA_NE",2017,"MIA","00-0024226","out"
"2017_12_TB_ATL",2017,"TB","00-0031503","out"
"2017_13_DEN_MIA",2017,"DEN","00-0033108","out"
"2017_13_DEN_MIA",2017,"MIA","00-0025708","out"
"2017_13_TB_GB",2017,"TB","00-0031503","questionable"
"2017_14_DET_TB",2017,"DET","00-0026498","questionable"
"2017_14_IND_BUF",2017,"BUF","00-0028118","questionable"
"2017_14_NE_MIA",2017,"MIA","00-0025708","out"
"2017_14_NYJ_DEN",2017,"DEN","00-0033108","out"
"2017_15_BAL_CLE",2017,"BAL","00-0028012","questionable"
"2017_15_DEN_IND",2017,"DEN","00-0033108","out"
"2017_15_HOU_JAX",2017,"HOU","00-0031064","out"
"2017_15_LA_SEA",2017,"LA","00-0032434","doubtful"
"2017_15_MIA_BUF",2017,"BUF","00-0033958","out"
"2017_15_MIA_BUF",2017,"MIA","00-0025708","doubtful"
"2017_16_DEN_WAS",2017,"DEN","00-0033108","questionable"
"2017_16_MIA_KC",2017,"MIA","00-0025708","doubtful"
"2017_17_BUF_MIA",2017,"MIA","00-0025708","doubtful"
"2017_18_BUF_JAX",2017,"BUF","00-0027796","questionable"
"2017_18_CAR_NO",2017,"CAR","00-0023645","questionable"
"2017_19_NO_MIN",2017,"NO","00-0033357","questionable"
"2017_20_JAX_NE",2017,"NE","00-0019596","questionable"
"2018_01_ATL_PHI",2018,"PHI","00-0032950","out"
"2018_02_HOU_TEN",2018,"TEN","00-0032268","questionable"
"2018_02_KC_PIT",2018,"PIT","00-0022924","questionable"
"2018_02_MIN_GB",2018,"GB","00-0023459","questionable"
"2018_02_PHI_TB",2018,"PHI","00-0032950","out"
"2018_03_GB_WAS",2018,"GB","00-0023459","questionable"
"2018_03_TEN_JAX",2018,"TEN","00-0032268","questionable"
"2018_04_BUF_GB",2018,"GB","00-0023459","questionable"
"2018_04_CLE_OAK",2018,"CLE","00-0028118","questionable"
"2018_04_PHI_TEN",2018,"TEN","00-0027948","questionable"
"2018_05_MIA_CIN",2018,"MIA","00-0034412","out"
"2018_06_BUF_HOU",2018,"HOU","00-0033537","questionable"
"2018_06_CHI_MIA",2018,"MIA","00-0029701","questionable"
"2018_07_BUF_IND",2018,"BUF","00-0034857","out"
"2018_07_DET_MIA",2018,"MIA","00-0029701","out"
"2018_08_MIA_HOU",2018,"MIA","00-0029701","out"
"2018_08_NE_BUF",2018,"BUF","00-0034857","out"
"2018_09_CHI_BUF",2018,"BUF","00-0023645","questionable"
"2018_09_CHI_BUF",2018,"BUF","00-0034857","out"
"2018_09_NYJ_MIA",2018,"MIA","00-0029701","out"
"2018_09_OAK_SF",2018,"SF","00-0033936","questionable"
"2018_10_BUF_NYJ",2018,"BUF","00-0023645","out"
"2018_10_BUF_NYJ",2018,"BUF","00-0034857","questionable"
"2018_10_BUF_NYJ",2018,"NYJ","00-0034869","doubtful"
"2018_10_MIA_GB",2018,"MIA","00-0029701","out"
"2018_11_CIN_BAL",2018,"BAL","00-0026158","doubtful"
"2018_12_CHI_DET",2018,"CHI","00-0033869","doubtful"
"2018_12_JAX_BUF",2018,"BUF","00-0023645","out"
"2018_12_NE_NYJ",2018,"NE","00-0019596","questionable"
"2018_12_NE_NYJ",2018,"NYJ","00-0034869","out"
"2018_12_OAK_BAL",2018,"BAL","00-0026158","out"
"2018_13_BAL_ATL",2018,"BAL","00-0026158","doubtful"
"2018_13_BUF_MIA",2018,"BUF","00-0023645","out"
"2018_13_CHI_NYG",2018,"CHI","00-0033869","doubtful"
"2018_13_NYJ_TEN",2018,"NYJ","00-0034869","questionable"
"2018_14_BAL_KC",2018,"BAL","00-0026158","questionable"
"2018_14_DET_ARI",2018,"DET","00-0026498","questionable"
"2018_14_NYG_WAS",2018,"WAS","00-0027688","out"
"2018_14_NYJ_BUF",2018,"BUF","00-0023645","out"
"2018_15_DET_BUF",2018,"DET","00-0026498","questionable"
"2018_15_PHI_LA",2018,"PHI","00-0032950","doubtful"
"2018_15_TB_BAL",2018,"BAL","00-0026158","questionable"
"2018_15_WAS_JAX",2018,"WAS","00-0027688","out"
"2018_16_ATL_CAR",2018,"CAR","00-0027939","out"
"2018_16_HOU_PHI",2018,"PHI","00-0032950","out"
"2018_16_JAX_MIA",2018,"MIA","00-0029682","questionable"
"2018_16_MIN_DET",2018,"DET","00-0026498","questionable"
"2018_16_WAS_TEN",2018,"WAS","00-0027688","out"
"2018_17_CAR_NO",2018,"CAR","00-0027939","out"
"2018_17_IND_TEN",2018,"TEN","00-0032268","questionable"
"2018_17_PHI_WAS",2018,"PHI","00-0032950","out"
"2018_18_PHI_CHI",2018,"PHI","00-0032950","out"
"2018_19_PHI_NO",2018,"PHI","00-0032950","out"
"2019_01_SF_TB",2019,"TB","00-0027948","out"
"2019_01_WAS_PHI",2019,"PHI","00-0032792","out"
"2019_01_WAS_PHI",2019,"WAS","00-0027688","out"
"2019_02_CLE_NYJ",2019,"CLE","00-0025430","questionable"
"2019_02_CLE_NYJ",2019,"NYJ","00-0034869","out"
"2019_02_DAL_WAS",2019,"WAS","00-0027688","out"
"2019_02_PHI_ATL",2019,"PHI","00-0032792","doubtful"
"2019_02_TB_CAR",2019,"TB","00-0027948","out"
"2019_03_CAR_ARI",2019,"CAR","00-0027939","out"
"2019_03_CHI_WAS",2019,"WAS","00-0027688","out"
"2019_03_DET_PHI",2019,"PHI","00-0032792","questionable"
"2019_03_NO_SEA",2019,"NO","00-0020531","out"
"2019_03_NYG_TB",2019,"TB","00-0027948","out"
"2019_03_NYJ_NE",2019,"NYJ","00-0034869","out"
"2019_04_CAR_HOU",2019,"CAR","00-0027939","out"
"2019_04_DAL_NO",2019,"NO","00-0020531","out"
"2019_04_KC_DET",2019,"DET","00-0026498","questionable"
"2019_05_BUF_TEN",2019,"BUF","00-0034857","questionable"
"2019_05_CHI_OAK",2019,"CHI","00-0033869","out"
"2019_05_JAX_CAR",2019,"CAR","00-0027939","out"
"2019_05_NE_WAS",2019,"WAS","00-0028986","questionable"
"2019_05_NYJ_PHI",2019,"NYJ","00-0034869","out"
"2019_05_TB_NO",2019,"NO","00-0020531","out"
"2019_06_CAR_TB",2019,"CAR","00-0027939","out"
"2019_06_NO_JAX",2019,"NO","00-0020531","out"
"2019_06_PIT_LAC",2019,"PIT","00-0034771","out"
"2019_07_NO_CHI",2019,"CHI","00-0033869","questionable"
"2019_07_NO_CHI",2019,"NO","00-0020531","out"
"2019_08_ARI_NO",2019,"NO","00-0020531","questionable"
"2019_08_CAR_SF",2019,"CAR","00-0027939","out"
"2019_08_GB_KC",2019,"KC","00-0033873","out"
"2019_08_SEA_ATL",2019,"ATL","00-0026143","questionable"
"2019_09_MIN_KC",2019,"KC","00-0033873","questionable"
"2019_09_TEN_CAR",2019,"CAR","00-0027939","out"
"2019_09_WAS_BUF",2019,"WAS","00-0028986","out"
"2019_10_BAL_CIN",2019,"BAL","00-0034796","questionable"
"2019_10_DET_CHI",2019,"DET","00-0026498","questionable"
"2019_10_MIA_IND",2019,"IND","00-0033119","questionable"
"2019_11_DAL_DET",2019,"DET","00-0026498","out"
"2019_12_DAL_NE",2019,"NE","00-0019596","questionable"
"2019_12_DET_WAS",2019,"DET","00-0026498","out"
"2019_13_CHI_DET",2019,"DET","00-0026498","out"
"2019_13_CHI_DET",2019,"DET","00-0032436","questionable"
"2019_13_LA_ARI",2019,"ARI","00-0035228","questionable"
"2019_14_DET_MIN",2019,"DET","00-0026498","out"
"2019_14_NYG_PHI",2019,"NYG","00-0035710","out"
"2019_15_MIA_NYG",2019,"NYG","00-0035710","out"
"2019_15_NYJ_BAL",2019,"BAL","00-0034796","questionable"
"2019_15_TB_DET",2019,"DET","00-0026498","out"
"2019_15_TB_DET",2019,"TB","00-0031503","questionable"
"2019_16_HOU_TB",2019,"TB","00-0031503","questionable"
"2019_17_ARI_LA",2019,"ARI","00-0035228","questionable"
"2019_17_ATL_TB",2019,"TB","00-0031503","questionable"
"2019_17_IND_JAX",2019,"JAX","00-0035289","questionable"
"2019_17_TEN_HOU",2019,"HOU","00-0033537","questionable"
"2019_17_WAS_DAL",2019,"WAS","00-0035232","out"
"2019_20_TEN_KC",2019,"KC","00-0025708","questionable"
"2020_01_NYJ_BUF",2020,"NYJ","00-0026158","out"
"2020_02_SF_NYJ",2020,"NYJ","00-0026158","out"
"2020_03_CAR_LAC",2020,"LAC","00-0028118","out"
"2020_03_SF_NYG",2020,"SF","00-0031345","out"
"2020_03_TB_DEN",2020,"DEN","00-0035704","out"
"2020_04_DEN_NYJ",2020,"DEN","00-0035704","out"
"2020_04_LAC_TB",2020,"LAC","00-0028118","out"
"2020_04_PHI_SF",2020,"SF","00-0031345","out"
"2020_04_SEA_MIA",2020,"MIA","00-0036212","questionable"
"2020_05_ARI_NYJ",2020,"NYJ","00-0034869","out"
"2020_05_BUF_TEN",2020,"BUF","00-0036197","questionable"
"2020_05_CIN_BAL",2020,"BAL","00-0034796","questionable"
"2020_05_LAC_NO",2020,"LAC","00-0028118","out"
"2020_06_CLE_PIT",2020,"CLE","00-0034855","questionable"
"2020_06_DEN_NE",2020,"DEN","00-0035704","questionable"
"2020_06_NYJ_MIA",2020,"NYJ","00-0034869","doubtful"
"2020_07_BUF_NYJ",2020,"NYJ","00-0034869","questionable"
"2020_07_JAX_LAC",2020,"LAC","00-0028118","questionable"
"2020_08_DAL_PHI",2020,"DAL","00-0027973","out"
"2020_08_LAC_DEN",2020,"LAC","00-0028118","questionable"
"2020_08_MIN_GB",2020,"GB","00-0035161","questionable"
"2020_09_CHI_TEN",2020,"CHI","00-0033869","out"
"2020_09_GB_SF",2020,"SF","00-0031345","out"
"2020_09_HOU_JAX",2020,"JAX","00-0035289","out"
"2020_09_NE_NYJ",2020,"NYJ","00-0034869","doubtful"
"2020_10_HOU_CLE",2020,"HOU","00-0021206","out"
"2020_10_JAX_GB",2020,"JAX","00-0035289","out"
"2020_10_MIN_CHI",2020,"CHI","00-0033869","out"
"2020_10_WAS_DET",2020,"WAS","00-0034577","out"
"2020_11_DET_CAR",2020,"CAR","00-0031237","questionable"
"2020_11_DET_CAR",2020,"DET","00-0026498","questionable"
"2020_11_MIA_DEN",2020,"DEN","00-0035704","questionable"
"2020_11_NYJ_LAC",2020,"LAC","00-0028118","questionable"
"2020_11_NYJ_LAC",2020,"NYJ","00-0034869","doubtful"
"2020_11_PIT_JAX",2020,"JAX","00-0035289","questionable"
"2020_12_CHI_GB",2020,"CHI","00-0029567","doubtful"
"2020_12_CLE_JAX",2020,"JAX","00-0035289","questionable"
"2020_12_HOU_DET",2020,"HOU","00-0021206","out"
"2020_12_MIA_NYJ",2020,"MIA","00-0036212","questionable"
"2020_12_TEN_IND",2020,"IND","00-0022942","questionable"
"2020_13_CIN_MIA",2020,"MIA","00-0036212","questionable"
"2020_13_DET_CHI",2020,"CHI","00-0029567","questionable"
"2020_13_DET_CHI",2020,"DET","00-0026498","questionable"
"2020_13_NE_LAC",2020,"NE","00-0027939","questionable"
"2020_13_NYG_SEA",2020,"NYG","00-0035710","doubtful"
"2020_13_WAS_PIT",2020,"PIT","00-0022924","questionable"
"2020_14_ARI_NYG",2020,"NYG","00-0035710","questionable"
"2020_14_GB_DET",2020,"DET","00-0026498","questionable"
"2020_14_HOU_CHI",2020,"HOU","00-0031288","questionable"
"2020_14_NE_LA",2020,"NE","00-0027939","questionable"
"2020_15_CLE_NYG",2020,"NYG","00-0035710","questionable"
"2020_15_DET_TEN",2020,"DET","00-0026498","questionable"
"2020_15_PIT_CIN",2020,"CIN","00-0032434","out"
"2020_15_SEA_WAS",2020,"WAS","00-0023436","out"
"2020_16_CAR_WAS",2020,"WAS","00-0023436","questionable"
"2020_16_NYG_BAL",2020,"NYG","00-0035710","questionable"
"2020_16_SF_ARI",2020,"SF","00-0033319","out"
"2020_16_TB_DET",2020,"DET","00-0026498","questionable"
"2020_17_ARI_LA",2020,"LA","00-0033106","out"
"2020_17_MIN_DET",2020,"DET","00-0026498","questionable"
"2020_17_PIT_CLE",2020,"PIT","00-0022924","out"
"2020_17_WAS_PHI",2020,"WAS","00-0023436","questionable"
"2020_18_LA_SEA",2020,"LA","00-0033106","questionable"
"2020_18_TB_WAS",2020,"WAS","00-0023436","questionable"
"2020_19_LA_GB",2020,"LA","00-0034899","out"
"2020_19_TB_NO",2020,"NO","00-0033357","questionable"
"2021_01_JAX_HOU",2021,"HOU","00-0033537","out"
"2021_02_HOU_CLE",2021,"HOU","00-0033537","out"
"2021_02_LV_PIT",2021,"LV","00-0032268","out"
"2021_03_BAL_DET",2021,"BAL","00-0034796","questionable"
"2021_03_CAR_HOU",2021,"HOU","00-0033537","out"
"2021_03_CHI_CLE",2021,"CHI","00-0027973","out"
"2021_03_IND_TEN",2021,"IND","00-0032950","questionable"
"2021_03_MIA_LV",2021,"MIA","00-0036212","out"
"2021_04_BAL_DEN",2021,"BAL","00-0034796","questionable"
"2021_04_DET_CHI",2021,"CHI","00-0027973","questionable"
"2021_04_HOU_BUF",2021,"HOU","00-0033537","out"
"2021_04_IND_MIA",2021,"IND","00-0032950","questionable"
"2021_05_DEN_PIT",2021,"DEN","00-0031237","questionable"
"2021_05_NE_HOU",2021,"HOU","00-0033537","out"
"2021_05_SF_ARI",2021,"SF","00-0031345","out"
"2021_06_HOU_IND",2021,"HOU","00-0033537","out"
"2021_06_MIA_JAX",2021,"MIA","00-0033119","questionable"
"2021_06_SEA_PIT",2021,"SEA","00-0029263","out"
"2021_07_DEN_CLE",2021,"CLE","00-0034855","out"
"2021_07_DEN_CLE",2021,"DEN","00-0031237","questionable"
"2021_07_HOU_ARI",2021,"HOU","00-0033537","out"
"2021_07_IND_SF",2021,"SF","00-0037012","out"
"2021_07_NO_SEA",2021,"NO","00-0033357","out"
"2021_08_CIN_NYJ",2021,"NYJ","00-0037013","out"
"2021_08_DAL_MIN",2021,"DAL","00-0033077","questionable"
"2021_08_LA_HOU",2021,"HOU","00-0033537","out"
"2021_08_TB_NO",2021,"NO","00-0033357","out"
"2021_09_ARI_SF",2021,"ARI","00-0035228","questionable"
"2021_09_ATL_NO",2021,"NO","00-0031503","out"
"2021_09_CHI_PIT",2021,"CHI","00-0029567","out"
"2021_09_HOU_MIA",2021,"HOU","00-0033537","out"
"2021_09_HOU_MIA",2021,"MIA","00-0036212","questionable"
"2021_09_NE_CAR",2021,"CAR","00-0034869","questionable"
"2021_09_NYJ_IND",2021,"NYJ","00-0037013","out"
"2021_10_ATL_DAL",2021,"DAL","00-0035251","questionable"
"2021_10_BAL_MIA",2021,"MIA","00-0036212","questionable"
"2021_10_BUF_NYJ",2021,"NYJ","00-0037013","doubtful"
"2021_10_CAR_ARI",2021,"ARI","00-0035228","questionable"
"2021_11_ARI_SEA",2021,"ARI","00-0027688","questionable"
"2021_11_ARI_SEA",2021,"ARI","00-0035228","questionable"
"2021_11_BAL_CHI",2021,"BAL","00-0034796","questionable"
"2021_11_DET_CLE",2021,"DET","00-0033106","doubtful"
"2021_11_HOU_TEN",2021,"HOU","00-0033537","out"
"2021_11_MIA_NYJ",2021,"NYJ","00-0037013","doubtful"
"2021_11_NO_PHI",2021,"NO","00-0033357","questionable"
"2021_12_CHI_DET",2021,"CHI","00-0036945","out"
"2021_12_CHI_DET",2021,"DET","00-0033106","questionable"
"2021_12_NYJ_HOU",2021,"HOU","00-0033537","out"
"2021_13_ARI_CHI",2021,"ARI","00-0035228","questionable"
"2021_13_ARI_CHI",2021,"CHI","00-0036945","doubtful"
"2021_13_IND_HOU",2021,"HOU","00-0033537","out"
"2021_13_NYG_MIA",2021,"NYG","00-0035710","out"
"2021_13_PHI_NYJ",2021,"PHI","00-0036389","questionable"
"2021_14_CHI_GB",2021,"CHI","00-0027973","doubtful"
"2021_14_NYG_LAC",2021,"NYG","00-0035710","out"
"2021_14_SEA_HOU",2021,"HOU","00-0033537","out"
"2021_15_DAL_NYG",2021,"NYG","00-0035710","out"
"2021_15_GB_BAL",2021,"BAL","00-0034796","questionable"
"2021_15_HOU_JAX",2021,"HOU","00-0033537","out"
"2021_16_BAL_CIN",2021,"BAL","00-0034796","questionable"
"2021_16_BAL_CIN",2021,"BAL","00-0035993","questionable"
"2021_16_CHI_SEA",2021,"CHI","00-0027973","out"
"2021_16_CHI_SEA",2021,"CHI","00-0036945","questionable"
"2021_16_DEN_LV",2021,"DEN","00-0031237","out"
"2021_16_LAC_HOU",2021,"HOU","00-0033537","out"
"2021_17_DEN_LAC",2021,"DEN","00-0031237","out"
"2021_17_DET_SEA",2021,"DET","00-0033106","doubtful"
"2021_17_HOU_SF",2021,"HOU","00-0033537","out"
"2021_17_HOU_SF",2021,"SF","00-0031345","doubtful"
"2021_17_LA_BAL",2021,"BAL","00-0034796","questionable"
"2021_17_NYG_CHI",2021,"CHI","00-0036945","questionable"
"2021_18_CIN_CLE",2021,"CIN","00-0036442","questionable"
"2021_18_GB_DET",2021,"DET","00-0033106","questionable"
"2021_18_PIT_BAL",2021,"BAL","00-0034796","out"
"2021_18_SF_LA",2021,"SF","00-0031345","questionable"
"2021_18_TEN_HOU",2021,"HOU","00-0033537","out"
"2021_18_WAS_NYG",2021,"NYG","00-0030520","out"
"2022_01_BAL_NYJ",2022,"NYJ","00-0037013","out"
"2022_02_CIN_DAL",2022,"DAL","00-0033077","out"
"2022_02_NYJ_CLE",2022,"NYJ","00-0037013","out"
"2022_02_TB_NO",2022,"NO","00-0031503","questionable"
"2022_03_CIN_NYJ",2022,"NYJ","00-0037013","out"
"2022_03_DAL_NYG",2022,"DAL","00-0033077","out"
"2022_03_JAX_LAC",2022,"LAC","00-0036355","questionable"
"2022_03_NO_CAR",2022,"NO","00-0031503","questionable"
"2022_03_NO_CAR",2022,"NO","00-0033357","questionable"
"2022_04_MIA_CIN",2022,"MIA","00-0036212","questionable"
"2022_04_MIN_NO",2022,"NO","00-0031503","doubtful"
"2022_04_NE_GB",2022,"NE","00-0036972","out"
"2022_04_NYJ_PIT",2022,"NYJ","00-0037013","questionable"
"2022_04_WAS_DAL",2022,"DAL","00-0033077","out"
"2022_05_DAL_LA",2022,"DAL","00-0033077","out"
"2022_05_DET_NE",2022,"NE","00-0036972","doubtful"
"2022_05_MIA_NYJ",2022,"MIA","00-0036212","out"
"2022_05_NYG_GB",2022,"NYG","00-0028118","out"
"2022_05_SEA_NO",2022,"NO","00-0031503","doubtful"
"2022_06_CAR_LA",2022,"CAR","00-0034855","doubtful"
"2022_06_CAR_LA",2022,"LA","00-0034899","questionable"
"2022_06_CIN_NO",2022,"NO","00-0031503","questionable"
"2022_06_DAL_PHI",2022,"DAL","00-0033077","questionable"
"2022_06_MIN_MIA",2022,"MIA","00-0031237","questionable"
"2022_06_MIN_MIA",2022,"MIA","00-0036212","out"
"2022_06_NE_CLE",2022,"NE","00-0036972","questionable"
"2022_07_CHI_NE",2022,"NE","00-0036972","questionable"
"2022_07_GB_WAS",2022,"WAS","00-0032950","out"
"2022_07_NYJ_DEN",2022,"DEN","00-0029263","questionable"
"2022_07_PIT_MIA",2022,"MIA","00-0037327","questionable"
"2022_07_TB_CAR",2022,"CAR","00-0034855","doubtful"
"2022_08_TEN_HOU",2022,"TEN","00-0029701","questionable"
"2022_08_WAS_IND",2022,"IND","00-0026143","out"
"2022_09_IND_NE",2022,"IND","00-0026143","out"
"2022_09_TEN_KC",2022,"TEN","00-0029701","questionable"
"2022_10_ARI_LA",2022,"ARI","00-0035228","questionable"
"2022_10_ARI_LA",2022,"LA","00-0026498","questionable"
"2022_10_CLE_MIA",2022,"MIA","00-0031237","questionable"
"2022_10_DEN_TEN",2022,"TEN","00-0029701","questionable"
"2022_10_MIN_BUF",2022,"BUF","00-0034857","questionable"
"2022_11_CAR_BAL",2022,"BAL","00-0034796","questionable"
"2022_11_CAR_BAL",2022,"CAR","00-0033275","out"
"2022_11_LA_NO",2022,"LA","00-0034899","questionable"
"2022_11_SF_ARI",2022,"ARI","00-0035228","questionable"
"2022_12_CHI_NYJ",2022,"CHI","00-0036945","questionable"
"2022_12_DEN_CAR",2022,"CAR","00-0033275","doubtful"
"2022_12_HOU_MIA",2022,"MIA","00-0031237","questionable"
"2022_12_LAC_ARI",2022,"ARI","00-0035146","questionable"
"2022_12_LA_KC",2022,"LA","00-0026498","out"
"2022_13_GB_CHI",2022,"CHI","00-0032156","out"
"2022_13_MIA_SF",2022,"MIA","00-0031237","questionable"
"2022_13_SEA_LA",2022,"LA","00-0026498","out"
"2022_14_BAL_PIT",2022,"BAL","00-0034796","doubtful"
"2022_14_JAX_TEN",2022,"JAX","00-0036971","questionable"
"2022_14_LV_LA",2022,"LA","00-0034899","questionable"
"2022_14_MIA_LAC",2022,"MIA","00-0031237","questionable"
"2022_14_MIN_DET",2022,"DET","00-0032792","questionable"
"2022_14_TB_SF",2022,"SF","00-0031345","out"
"2022_15_ARI_DEN",2022,"DEN","00-0029263","out"
"2022_15_BAL_CLE",2022,"BAL","00-0034796","out"
"2022_15_DAL_JAX",2022,"JAX","00-0036971","questionable"
"2022_15_DET_NYJ",2022,"NYJ","00-0034401","out"
"2022_15_LA_GB",2022,"LA","00-0034899","out"
"2022_15_MIA_BUF",2022,"MIA","00-0031237","questionable"
"2022_15_PIT_CAR",2022,"PIT","00-0038102","doubtful"
"2022_15_SF_SEA",2022,"SF","00-0031345","out"
"2022_15_SF_SEA",2022,"SF","00-0037834","questionable"
"2022_16_ATL_BAL",2022,"BAL","00-0034796","out"
"2022_16_ATL_BAL",2022,"BAL","00-0035993","questionable"
"2022_16_DEN_LA",2022,"LA","00-0034899","out"
"2022_16_HOU_TEN",2022,"TEN","00-0029701","out"
"2022_16_JAX_NYJ",2022,"JAX","00-0036971","questionable"
"2022_16_JAX_NYJ",2022,"NYJ","00-0034401","out"
"2022_16_PHI_DAL",2022,"PHI","00-0036389","out"
"2022_16_TB_ARI",2022,"ARI","00-0027688","out"
"2022_16_WAS_SF",2022,"SF","00-0031345","out"
"2022_17_ARI_ATL",2022,"ARI","00-0027688","out"
"2022_17_DAL_TEN",2022,"TEN","00-0029701","out"
"2022_17_JAX_HOU",2022,"JAX","00-0036971","questionable"
"2022_17_LA_LAC",2022,"LA","00-0034899","out"
"2022_17_MIA_NE",2022,"MIA","00-0036212","out"
"2022_17_NO_PHI",2022,"PHI","00-0036389","doubtful"
"2022_17_PIT_BAL",2022,"BAL","00-0034796","out"
"2022_17_SF_LV",2022,"SF","00-0031345","out"
"2022_18_ARI_SF",2022,"ARI","00-0027688","out"
"2022_18_ARI_SF",2022,"SF","00-0031345","out"
"2022_18_BAL_CIN",2022,"BAL","00-0034796","out"
"2022_18_BAL_CIN",2022,"BAL","00-0035993","questionable"
"2022_18_HOU_IND",2022,"IND","00-0029567","out"
"2022_18_MIN_CHI",2022,"CHI","00-0036945","out"
"2022_18_NYG_PHI",2022,"PHI","00-0036389","questionable"
"2022_18_NYJ_MIA",2022,"MIA","00-0031237","questionable"
"2022_18_NYJ_MIA",2022,"MIA","00-0036212","out"
"2022_18_NYJ_MIA",2022,"NYJ","00-0034401","questionable"
"2022_18_TEN_JAX",2022,"JAX","00-0036971","questionable"
"2022_19_BAL_CIN",2022,"BAL","00-0034796","out"
"2022_19_BAL_CIN",2022,"BAL","00-0035993","questionable"
"2022_19_LAC_JAX",2022,"JAX","00-0036971","questionable"
"2022_19_MIA_BUF",2022,"MIA","00-0031237","questionable"
"2022_19_MIA_BUF",2022,"MIA","00-0036212","out"
"2022_19_SEA_SF",2022,"SF","00-0031345","out"
"2022_20_DAL_SF",2022,"SF","00-0031345","out"
"2022_20_JAX_KC",2022,"JAX","00-0036971","questionable"
"2022_21_SF_PHI",2022,"SF","00-0031345","out"
"2023_01_LA_SEA",2023,"LA","00-0039107","questionable"
"2023_01_PHI_NE",2023,"NE","00-0038132","questionable"
"2023_02_IND_HOU",2023,"HOU","00-0039163","questionable"
"2023_03_CAR_SEA",2023,"CAR","00-0039150","out"
"2023_03_IND_BAL",2023,"IND","00-0039164","out"
"2023_03_LA_CIN",2023,"CIN","00-0036442","questionable"
"2023_04_BAL_CLE",2023,"CLE","00-0033537","questionable"
"2023_04_LA_IND",2023,"IND","00-0036879","questionable"
"2023_04_LV_LAC",2023,"LV","00-0031345","questionable"
"2023_04_MIN_CAR",2023,"MIN","00-0038598","questionable"
"2023_04_TB_NO",2023,"NO","00-0031280","questionable"
"2023_05_KC_MIN",2023,"MIN","00-0033319","questionable"
"2023_05_NO_NE",2023,"NO","00-0031280","questionable"
"2023_06_NYG_BUF",2023,"NYG","00-0035710","out"
"2023_06_SEA_CIN",2023,"SEA","00-0035704","questionable"
"2023_06_SF_CLE",2023,"CLE","00-0033537","out"
"2023_07_ARI_SEA",2023,"ARI","00-0035228","out"
"2023_07_CLE_IND",2023,"CLE","00-0033537","questionable"
"2023_07_JAX_NO",2023,"JAX","00-0036971","questionable"
"2023_07_LV_CHI",2023,"CHI","00-0036945","out"
"2023_07_LV_CHI",2023,"LV","00-0031345","out"
"2023_07_WAS_NYG",2023,"NYG","00-0035710","questionable"
"2023_08_ATL_TEN",2023,"TEN","00-0029701","out"
"2023_08_BAL_ARI",2023,"ARI","00-0035228","doubtful"
"2023_08_CHI_LAC",2023,"CHI","00-0036945","out"
"2023_08_CIN_SF",2023,"SF","00-0037834","questionable"
"2023_08_CLE_SEA",2023,"CLE","00-0033537","out"
"2023_08_JAX_PIT",2023,"JAX","00-0036971","questionable"
"2023_08_NO_IND",2023,"NO","00-0033357","questionable"
"2023_08_NYJ_NYG",2023,"NYG","00-0035710","out"
"2023_08_TB_BUF",2023,"TB","00-0034855","questionable"
"2023_09_ARI_CLE",2023,"ARI","00-0035228","questionable"
"2023_09_CHI_NO",2023,"CHI","00-0036945","doubtful"
"2023_09_LA_GB",2023,"LA","00-0026498","questionable"
"2023_09_NYG_LV",2023,"NYG","00-0028118","out"
"2023_09_TEN_PIT",2023,"TEN","00-0029701","out"
"2023_10_CAR_CHI",2023,"CHI","00-0036945","doubtful"
"2023_10_NO_MIN",2023,"MIN","00-0038598","out"
"2023_10_TEN_TB",2023,"TEN","00-0029701","questionable"
"2023_11_MIN_DEN",2023,"MIN","00-0033319","questionable"
"2023_11_MIN_DEN",2023,"MIN","00-0038598","out"
"2023_12_JAX_HOU",2023,"HOU","00-0028986","questionable"
"2023_12_NO_ATL",2023,"ATL","00-0031800","questionable"
"2023_12_PIT_CIN",2023,"CIN","00-0036442","out"
"2023_12_SF_SEA",2023,"SEA","00-0030565","questionable"
"2023_13_ATL_NYJ",2023,"NYJ","00-0023459","out"
"2023_13_CLE_LA",2023,"CLE","00-0038583","out"
"2023_13_DET_NO",2023,"DET","00-0038550","out"
"2023_14_CAR_NO",2023,"NO","00-0031280","questionable"
"2023_14_CAR_NO",2023,"NO","00-0033357","questionable"
"2023_14_DET_CHI",2023,"DET","00-0038550","out"
"2023_14_HOU_NYJ",2023,"NYJ","00-0023459","out"
"2023_14_JAX_CLE",2023,"JAX","00-0036971","questionable"
"2023_14_NE_PIT",2023,"PIT","00-0038102","out"
"2023_14_SEA_SF",2023,"SEA","00-0030565","questionable"
"2023_15_DEN_DET",2023,"DET","00-0038550","out"
"2023_15_HOU_TEN",2023,"HOU","00-0039163","doubtful"
"2023_15_NYJ_MIA",2023,"NYJ","00-0023459","out"
"2023_15_PHI_SEA",2023,"SEA","00-0030565","questionable"
"2023_15_PIT_IND",2023,"PIT","00-0038102","out"
"2023_16_CIN_PIT",2023,"PIT","00-0038102","out"
"2023_16_CLE_HOU",2023,"HOU","00-0039163","out"
"2023_16_JAX_TB",2023,"JAX","00-0036971","questionable"
"2023_16_SEA_TEN",2023,"TEN","00-0039152","questionable"
"2023_16_WAS_NYJ",2023,"NYJ","00-0023459","out"
"2023_16_WAS_NYJ",2023,"NYJ","00-0037013","out"
"2023_17_ARI_PHI",2023,"ARI","00-0035228","questionable"
"2023_17_CAR_JAX",2023,"JAX","00-0036971","out"
"2023_17_NYJ_CLE",2023,"NYJ","00-0023459","out"
"2023_17_NYJ_CLE",2023,"NYJ","00-0037013","out"
"2023_17_PIT_SEA",2023,"PIT","00-0038102","questionable"
"2023_17_SF_WAS",2023,"WAS","00-0033119","questionable"
"2023_18_ATL_NO",2023,"ATL","00-0031800","questionable"
"2023_18_JAX_TEN",2023,"JAX","00-0036971","questionable"
"2023_18_JAX_TEN",2023,"TEN","00-0039152","questionable"
"2023_18_KC_LAC",2023,"KC","00-0033873","doubtful"
"2023_18_LA_SF",2023,"LA","00-0026498","doubtful"
"2023_18_NYJ_NE",2023,"NYJ","00-0023459","out"
"2023_18_NYJ_NE",2023,"NYJ","00-0037013","out"
"2023_18_PIT_BAL",2023,"BAL","00-0034796","out"
"2023_18_TB_CAR",2023,"TB","00-0034855","questionable"
"2023_19_GB_DAL",2023,"DAL","00-0033662","questionable"
"2023_19_PHI_TB",2023,"TB","00-0034855","questionable"
"2024_01_PIT_ATL",2024,"PIT","00-0029263","questionable"
"2024_01_WAS_TB",2024,"WAS","00-0032268","out"
"2024_02_IND_GB",2024,"GB","00-0036264","questionable"
"2024_02_PIT_DEN",2024,"PIT","00-0029263","questionable"
"2024_03_GB_TEN",2024,"GB","00-0036264","questionable"
"2024_03_LAC_PIT",2024,"LAC","00-0036355","questionable"
"2024_03_LAC_PIT",2024,"PIT","00-0029263","questionable"
"2024_04_KC_LAC",2024,"LAC","00-0036355","questionable"
"2024_04_MIN_GB",2024,"GB","00-0036264","questionable"
"2024_04_PIT_IND",2024,"PIT","00-0029263","questionable"
"2024_04_TEN_MIA",2024,"MIA","00-0037327","questionable"
"2024_05_CLE_WAS",2024,"WAS","00-0032268","questionable"
"2024_05_DAL_PIT",2024,"PIT","00-0029263","questionable"
"2024_05_IND_JAX",2024,"IND","00-0039164","questionable"
"2024_05_MIA_NE",2024,"MIA","00-0037327","questionable"
"2024_06_IND_TEN",2024,"IND","00-0039164","questionable"
"2024_06_TB_NO",2024,"NO","00-0031280","out"
"2024_07_DEN_NO",2024,"NO","00-0031280","doubtful"
"2024_07_MIA_IND",2024,"MIA","00-0037327","questionable"
"2024_07_TEN_BUF",2024,"TEN","00-0039152","questionable"
"2024_08_ARI_MIA",2024,"MIA","00-0036212","questionable"
"2024_08_CAR_DEN",2024,"CAR","00-0027973","doubtful"
"2024_08_CHI_WAS",2024,"WAS","00-0039910","questionable"
"2024_08_NO_LAC",2024,"NO","00-0031280","doubtful"
"2024_08_NYG_PIT",2024,"PIT","00-0036945","questionable"
"2024_08_TEN_DET",2024,"TEN","00-0039152","questionable"
"2024_09_DET_GB",2024,"GB","00-0036264","questionable"
"2024_09_NE_TEN",2024,"NE","00-0039851","questionable"
"2024_09_NE_TEN",2024,"TEN","00-0039152","questionable"
"2024_10_MIN_JAX",2024,"JAX","00-0036971","questionable"
"2024_10_PHI_DAL",2024,"DAL","00-0033077","out"
"2024_11_HOU_DAL",2024,"DAL","00-0033077","out"
"2024_11_JAX_DET",2024,"JAX","00-0036971","out"
"2024_12_SF_GB",2024,"SF","00-0037834","out"
"2024_13_HOU_JAX",2024,"JAX","00-0036971","questionable"
"2024_13_NYG_DAL",2024,"NYG","00-0038476","questionable"
"2024_13_SF_BUF",2024,"SF","00-0037834","questionable"
"2024_15_ATL_LV",2024,"LV","00-0038579","questionable"
"2024_15_BAL_NYG",2024,"NYG","00-0035704","doubtful"
"2024_15_WAS_NO",2024,"NO","00-0031280","doubtful"
"2024_16_CLE_CIN",2024,"CLE","00-0031503","questionable"
"2024_16_NO_GB",2024,"NO","00-0031280","out"
"2024_16_PIT_BAL",2024,"PIT","00-0036945","out"
"2024_16_TEN_IND",2024,"TEN","00-0039152","questionable"
"2024_17_ATL_WAS",2024,"WAS","00-0032268","questionable"
"2024_17_DAL_PHI",2024,"PHI","00-0036389","out"
"2024_17_IND_NYG",2024,"IND","00-0039164","questionable"
"2024_17_KC_PIT",2024,"PIT","00-0036945","questionable"
"2024_17_LV_NO",2024,"NO","00-0031280","out"
"2024_17_MIA_CLE",2024,"CLE","00-0031503","questionable"
"2024_17_MIA_CLE",2024,"MIA","00-0036212","questionable"
"2024_18_BUF_NE",2024,"NE","00-0039851","questionable"
"2024_18_CLE_BAL",2024,"CLE","00-0031503","questionable"
"2024_18_JAX_IND",2024,"IND","00-0039164","out"
"2024_18_KC_DEN",2024,"KC","00-0033873","doubtful"
"2024_18_MIA_NYJ",2024,"MIA","00-0036212","doubtful"
"2024_18_NO_TB",2024,"NO","00-0031280","out"
"2024_18_NYG_PHI",2024,"PHI","00-0036389","out"
"2024_18_NYG_PHI",2024,"PHI","00-0038102","questionable"
"2024_18_SEA_LA",2024,"LA","00-0026498","doubtful"
"2024_18_SF_ARI",2024,"SF","00-0037834","out"
"2024_21_WAS_PHI",2024,"WAS","00-0032436","questionable"
