stadium_id,query,geo_name,admin1,country,latitude,longitude,elevation_m,timezone
"ATL00","Atlanta","Atlanta","Georgia","US",33.749,-84.38798,320,"America/New_York"
"ATL97","Atlanta","Atlanta","Georgia","US",33.749,-84.38798,320,"America/New_York"
"BAL00","Baltimore","Baltimore","Maryland","US",39.29038,-76.61219,10,"America/New_York"
"BOS00","Foxborough","Foxborough","Massachusetts","US",42.06538,-71.24783,88,"America/New_York"
"BUF00","Orchard Park","Orchard Park","New York","US",42.76756,-78.74392,263,"America/New_York"
"BUF01","Toronto","Toronto","Ontario","CA",43.70643,-79.39864,161,"America/Toronto"
"CAR00","Charlotte","Charlotte","North Carolina","US",35.22709,-80.84313,229,"America/New_York"
"CHI98","Chicago","Chicago","Illinois","US",41.85003,-87.65005,179,"America/Chicago"
"CIN00","Cincinnati","Cincinnati","Ohio","US",39.12711,-84.51439,191,"America/New_York"
"CLE00","Cleveland","Cleveland","Ohio","US",41.4995,-81.69541,199,"America/New_York"
"DAL00","Arlington","Arlington","Texas","US",32.73569,-97.10807,184,"America/Chicago"
"DEN00","Denver","Denver","Colorado","US",39.73915,-104.9847,1609,"America/Denver"
"DET00","Detroit","Detroit","Michigan","US",42.33143,-83.04575,183,"America/Detroit"
"FRA00","Frankfurt am Main","Frankfurt am Main","Hesse","DE",50.11552,8.68417,113,"Europe/Berlin"
"GER00","Munich","Munich","Bavaria","DE",48.13743,11.57549,524,"Europe/Berlin"
"GNB00","Green Bay","Green Bay","Wisconsin","US",44.51916,-88.01983,180,"America/Chicago"
"HOU00","Houston","Houston","Texas","US",29.76328,-95.36327,12,"America/Chicago"
"IND00","Indianapolis","Indianapolis","Indiana","US",39.76838,-86.15804,218,"America/Indiana/Indianapolis"
"JAX00","Jacksonville","Jacksonville","Florida","US",30.33218,-81.65565,5,"America/New_York"
"KAN00","Kansas City","Kansas City","Missouri","US",39.09973,-94.57857,274,"America/Chicago"
"LAX01","Inglewood","Inglewood","California","US",33.96168,-118.35313,40,"America/Los_Angeles"
"LAX97","Carson","Carson","California","US",33.83141,-118.28202,12,"America/Los_Angeles"
"LAX99","Los Angeles","Los Angeles","California","US",34.05223,-118.24368,89,"America/Los_Angeles"
"LON00","London","London","England","GB",51.50853,-0.12574,25,"Europe/London"
"LON01","London","London","England","GB",51.50853,-0.12574,25,"Europe/London"
"LON02","London","London","England","GB",51.50853,-0.12574,25,"Europe/London"
"MEX00","Mexico City","Mexico City","Mexico City","MX",19.42847,-99.12766,2240,"America/Mexico_City"
"MIA00","Miami Gardens","Miami Gardens","Florida","US",25.94204,-80.2456,2,"America/New_York"
"MIN00","Minneapolis","Minneapolis","Minnesota","US",44.97997,-93.26384,253,"America/Chicago"
"MIN01","Minneapolis","Minneapolis","Minnesota","US",44.97997,-93.26384,253,"America/Chicago"
"MIN98","Minneapolis","Minneapolis","Minnesota","US",44.97997,-93.26384,253,"America/Chicago"
"NAS00","Nashville","Nashville","Tennessee","US",36.16589,-86.78444,170,"America/Chicago"
"NOR00","New Orleans","New Orleans","Louisiana","US",29.95465,-90.07507,NA,"America/Chicago"
"NYC00","East Rutherford","East Rutherford","New Jersey","US",40.83399,-74.09709,24,"America/New_York"
"NYC01","East Rutherford","East Rutherford","New Jersey","US",40.83399,-74.09709,24,"America/New_York"
"OAK00","Oakland","Oakland","California","US",37.80437,-122.2708,13,"America/Los_Angeles"
"PHI00","Philadelphia","Philadelphia","Pennsylvania","US",39.95238,-75.16362,12,"America/New_York"
"PHO00","Glendale","Glendale","Arizona","US",33.53865,-112.18599,351,"America/Phoenix"
"PIT00","Pittsburgh","Pittsburgh","Pennsylvania","US",40.44062,-79.99589,233,"America/New_York"
"SAO00","Sao Paulo","São Paulo","São Paulo","BR",-23.5475,-46.63611,769,"America/Sao_Paulo"
"SDG00","San Diego","San Diego","California","US",32.71571,-117.16472,20,"America/Los_Angeles"
"SEA00","Seattle","Seattle","Washington","US",47.60621,-122.33207,56,"America/Los_Angeles"
"SFO00","San Francisco","San Francisco","California","US",37.77493,-122.41942,16,"America/Los_Angeles"
"SFO01","Santa Clara","Santa Clara","California","US",37.35411,-121.95524,23,"America/Los_Angeles"
"STL00","St Louis","St Louis","Missouri","US",38.62727,-90.19789,142,"America/Chicago"
"TAM00","Tampa","Tampa","Florida","US",27.94752,-82.45843,1,"America/New_York"
"VEG00","Las Vegas","Las Vegas","Nevada","US",36.17497,-115.13722,610,"America/Los_Angeles"
"WAS00","Landover","Landover","Maryland","US",38.934,-76.89664,17,"America/New_York"
