game_id,season,week,provider,provider_name,h_open,a_open,h_close,a_close
2024_01_ARI_BUF,2024,1,58,ESPN BET,-275,+225,-320,+260
2024_01_BAL_KC,2024,1,58,ESPN BET,-150,+130,-140,+120
2024_01_CAR_NO,2024,1,58,ESPN BET,-210,+175,-185,+155
2024_01_DAL_CLE,2024,1,58,ESPN BET,-130,+110,-130,+110
2024_01_DEN_SEA,2024,1,58,ESPN BET,-230,+195,-290,+240
2024_01_GB_PHI,2024,1,58,ESPN BET,-130,+110,-120,+100
2024_01_HOU_IND,2024,1,58,ESPN BET,+105,-125,+150,-175
2024_01_JAX_MIA,2024,1,58,ESPN BET,-175,+150,-190,+160
2024_01_LA_DET,2024,1,58,ESPN BET,-185,+155,-250,+210
2024_01_LV_LAC,2024,1,58,ESPN BET,-165,+140,-155,+135
2024_01_MIN_NYG,2024,1,58,ESPN BET,-110,-110,-105,-115
2024_01_NE_CIN,2024,1,58,ESPN BET,-450,+360,-360,+290
2024_01_NYJ_SF,2024,1,58,ESPN BET,-240,+200,-190,+160
2024_01_PIT_ATL,2024,1,58,ESPN BET,-135,+115,-200,+170
2024_01_TEN_CHI,2024,1,58,ESPN BET,-215,+180,-210,+175
2024_01_WAS_TB,2024,1,58,ESPN BET,-190,+160,-200,+170
2024_02_ATL_PHI,2024,2,58,ESPN BET,-175,+150,-250,+210
2024_02_BUF_MIA,2024,2,58,ESPN BET,-110,-110,-145,+125
2024_02_CHI_HOU,2024,2,58,ESPN BET,-185,+155,-275,+225
2024_02_CIN_KC,2024,2,58,ESPN BET,-175,+150,-280,+230
2024_02_CLE_JAX,2024,2,58,ESPN BET,-110,-110,-175,+150
2024_02_IND_GB,2024,2,58,ESPN BET,+140,-165,+125,-145
2024_02_LAC_CAR,2024,2,58,ESPN BET,+160,-190,+175,-210
2024_02_LA_ARI,2024,2,58,ESPN BET,+105,-125,-110,-110
2024_02_LV_BAL,2024,2,58,ESPN BET,-380,+300,-400,+320
2024_02_NO_DAL,2024,2,58,ESPN BET,-290,+240,-290,+240
2024_02_NYG_WAS,2024,2,58,ESPN BET,-140,+120,-135,+105
2024_02_NYJ_TEN,2024,2,58,ESPN BET,+175,-210,+155,-185
2024_02_SEA_NE,2024,2,58,ESPN BET,+135,-155,+140,-165
2024_02_SF_MIN,2024,2,58,ESPN BET,+225,-275,+180,-215
2024_02_TB_DET,2024,2,58,ESPN BET,-270,+220,-350,+280
2024_03_BAL_DAL,2024,3,58,ESPN BET,-110,-110,+105,-125
2024_03_CAR_LV,2024,3,58,ESPN BET,-350,+280,-250,+210
2024_03_CHI_IND,2024,3,58,ESPN BET,-115,-105,-140,+120
2024_03_DEN_TB,2024,3,58,ESPN BET,-320,+260,-250,+210
2024_03_DET_ARI,2024,3,58,ESPN BET,+135,-155,+130,-150
2024_03_GB_TEN,2024,3,58,ESPN BET,-125,+105,-150,+130
2024_03_HOU_MIN,2024,3,58,ESPN BET,+120,-140,+100,-120
2024_03_JAX_BUF,2024,3,58,ESPN BET,-250,+210,-215,+180
2024_03_KC_ATL,2024,3,58,ESPN BET,+180,-215,+145,-170
2024_03_LAC_PIT,2024,3,58,ESPN BET,-125,+105,-145,+125
2024_03_MIA_SEA,2024,3,58,ESPN BET,-280,+230,-210,+175
2024_03_NE_NYJ,2024,3,58,ESPN BET,-320,+260,-300,+250
2024_03_NYG_CLE,2024,3,58,ESPN BET,-340,+270,-270,+220
2024_03_PHI_NO,2024,3,58,ESPN BET,+110,-130,-145,+125
2024_03_SF_LA,2024,3,58,ESPN BET,+280,-350,+220,-270
2024_03_WAS_CIN,2024,3,58,ESPN BET,-380,+300,-400,+320
2024_04_BUF_BAL,2024,4,58,ESPN BET,-135,+115,-150,+130
2024_04_CIN_CAR,2024,4,58,ESPN BET,+210,-250,+180,-215
2024_04_CLE_LV,2024,4,58,ESPN BET,-105,-115,+135,-155
2024_04_DAL_NYG,2024,4,58,ESPN BET,+190,-225,+220,-270
2024_04_DEN_NYJ,2024,4,58,ESPN BET,-400,+320,-360,+290
2024_04_JAX_HOU,2024,4,58,ESPN BET,-210,+175,-275,+225
2024_04_KC_LAC,2024,4,58,ESPN BET,+270,-340,+250,-300
2024_04_LA_CHI,2024,4,58,ESPN BET,-120,+100,-165,+140
2024_04_MIN_GB,2024,4,58,ESPN BET,-135,+115,-145,+125
2024_04_NE_SF,2024,4,58,ESPN BET,-600,+450,-600,+450
2024_04_NO_ATL,2024,4,58,ESPN BET,-125,+105,-140,+120
2024_04_PHI_TB,2024,4,58,ESPN BET,+110,-130,+100,-120
2024_04_PIT_IND,2024,4,58,ESPN BET,+100,-120,+125,-145
2024_04_SEA_DET,2024,4,58,ESPN BET,-210,+175,-215,+180
2024_04_TEN_MIA,2024,4,58,ESPN BET,-105,-115,-155,+135
2024_04_WAS_ARI,2024,4,58,ESPN BET,-230,+195,-170,+145
2024_05_ARI_SF,2024,5,58,ESPN BET,-380,+300,-320,+260
2024_05_BAL_CIN,2024,5,58,ESPN BET,+130,-150,+120,-140
2024_05_BUF_HOU,2024,5,58,ESPN BET,-105,-115,-123,+103
2024_05_CAR_CHI,2024,5,58,ESPN BET,-230,+195,-200,+170
2024_05_CLE_WAS,2024,5,58,ESPN BET,-195,+165,-155,+135
2024_05_DAL_PIT,2024,5,58,ESPN BET,-125,+105,-140,+120
2024_05_GB_LA,2024,5,58,ESPN BET,+155,-185,+125,-145
2024_05_IND_JAX,2024,5,58,ESPN BET,-165,+140,-200,+170
2024_05_LV_DEN,2024,5,58,ESPN BET,-130,+110,-150,+130
2024_05_MIA_NE,2024,5,58,ESPN BET,-105,-115,+110,-130
2024_05_NO_KC,2024,5,58,ESPN BET,-225,+190,-230,+195
2024_05_NYG_SEA,2024,5,58,ESPN BET,-250,+210,-350,+280
2024_05_NYJ_MIN,2024,5,58,ESPN BET,-130,+110,-140,+120
2024_05_TB_ATL,2024,5,58,ESPN BET,-145,+125,-145,+125
2024_06_ARI_GB,2024,6,58,ESPN BET,-230,+195,-280,+230
2024_06_ATL_CAR,2024,6,58,ESPN BET,+190,-225,+220,-270
2024_06_BUF_NYJ,2024,6,58,ESPN BET,+120,-140,+100,-120
2024_06_CIN_NYG,2024,6,58,ESPN BET,+155,-185,+170,-200
2024_06_CLE_PHI,2024,6,58,ESPN BET,-450,+360,-425,+340
2024_06_DET_DAL,2024,6,58,ESPN BET,+135,-155,+160,-190
2024_06_HOU_NE,2024,6,58,ESPN BET,+290,-360,+210,-250
2024_06_IND_TEN,2024,6,58,ESPN BET,-110,-110,-140,+120
2024_06_JAX_CHI,2024,6,58,ESPN BET,-125,+105,+105,-125
2024_06_LAC_DEN,2024,6,58,ESPN BET,+115,-135,+130,-150
2024_06_PIT_LV,2024,6,58,ESPN BET,+120,-140,+145,-170
2024_06_SF_SEA,2024,6,58,ESPN BET,+140,-165,+165,-195
2024_06_TB_NO,2024,6,58,ESPN BET,-145,+125,+155,-185
2024_06_WAS_BAL,2024,6,58,ESPN BET,-270,+220,-350,+280
2024_07_BAL_TB,2024,7,58,ESPN BET,+170,-200,+190,-225
2024_07_CAR_WAS,2024,7,58,ESPN BET,-400,+320,-600,+450
2024_07_CIN_CLE,2024,7,58,ESPN BET,+180,-215,+195,-230
2024_07_DEN_NO,2024,7,58,ESPN BET,-115,-105,+125,-145
2024_07_DET_MIN,2024,7,58,ESPN BET,-125,+105,-125,+105
2024_07_HOU_GB,2024,7,58,ESPN BET,-150,+130,-185,+155
2024_07_KC_SF,2024,7,58,ESPN BET,-115,-105,-135,+115
2024_07_LAC_ARI,2024,7,58,ESPN BET,+115,-135,+100,-120
2024_07_LV_LA,2024,7,58,ESPN BET,-230,+195,-320,+260
2024_07_MIA_IND,2024,7,58,ESPN BET,-200,+170,-150,+130
2024_07_NE_JAX,2024,7,58,ESPN BET,-215,+180,-340,+270
2024_07_NYJ_PIT,2024,7,58,ESPN BET,-125,+105,+135,-155
2024_07_PHI_NYG,2024,7,58,ESPN BET,+160,-190,+150,-175
2024_07_SEA_ATL,2024,7,58,ESPN BET,-150,+130,-170,+145
2024_07_TEN_BUF,2024,7,58,ESPN BET,-425,+340,-500,+380
2024_08_ARI_MIA,2024,8,58,ESPN BET,-135,+115,-225,+190
2024_08_ATL_TB,2024,8,58,ESPN BET,-155,+135,+100,-120
2024_08_BAL_CLE,2024,8,58,ESPN BET,+400,-525,+260,-320
2024_08_BUF_SEA,2024,8,58,ESPN BET,+125,-145,+145,-170
2024_08_CAR_DEN,2024,8,58,ESPN BET,-400,+320,-650,+425
2024_08_CHI_WAS,2024,8,58,ESPN BET,+100,-120,-120,+100
2024_08_DAL_SF,2024,8,58,ESPN BET,-240,+200,-240,+200
2024_08_GB_JAX,2024,8,58,ESPN BET,+195,-230,+155,-185
2024_08_IND_HOU,2024,8,58,ESPN BET,-280,+230,-210,+175
2024_08_KC_LV,2024,8,58,ESPN BET,+380,-500,+320,-425
2024_08_MIN_LA,2024,8,58,ESPN BET,+140,-165,+130,-150
2024_08_NO_LAC,2024,8,58,ESPN BET,-300,+250,-380,+290
2024_08_NYG_PIT,2024,8,58,ESPN BET,-250,+210,-270,+220
2024_08_NYJ_NE,2024,8,58,ESPN BET,+230,-280,+270,-340
2024_08_PHI_CIN,2024,8,58,ESPN BET,-130,+110,-150,+130
2024_08_TEN_DET,2024,8,58,ESPN BET,-700,+500,-650,+425
2024_09_CHI_ARI,2024,9,58,ESPN BET,-115,-105,-125,+105
2024_09_DAL_ATL,2024,9,58,ESPN BET,-135,+115,-170,+145
2024_09_DEN_BAL,2024,9,58,ESPN BET,-450,+340,-400,+300
2024_09_DET_GB,2024,9,58,ESPN BET,+165,-195,+130,-150
2024_09_HOU_NYJ,2024,9,58,ESPN BET,-110,-110,-145,+125
2024_09_IND_MIN,2024,9,58,ESPN BET,-340,+270,-260,+215
2024_09_JAX_PHI,2024,9,58,ESPN BET,-320,+260,-290,+240
2024_09_LAC_CLE,2024,9,58,ESPN BET,+115,-135,+105,-125
2024_09_LA_SEA,2024,9,58,ESPN BET,-115,-105,+110,-125
2024_09_LV_CIN,2024,9,58,ESPN BET,-400,+300,-380,+290
2024_09_MIA_BUF,2024,9,58,ESPN BET,-250,+210,-270,+220
2024_09_NE_TEN,2024,9,58,ESPN BET,-155,+135,-185,+155
2024_09_NO_CAR,2024,9,58,ESPN BET,+240,-290,+250,-300
2024_09_TB_KC,2024,9,58,ESPN BET,-450,+340,-450,+340
2024_09_WAS_NYG,2024,9,58,ESPN BET,+150,-175,+170,-200
2024_10_ATL_NO,2024,10,58,ESPN BET,+140,-165,+160,-190
2024_10_BUF_IND,2024,10,58,ESPN BET,+190,-225,+190,-225
2024_10_CIN_BAL,2024,10,58,ESPN BET,-260,+215,-280,+230
2024_10_DEN_KC,2024,10,58,ESPN BET,-500,+360,-380,+290
2024_10_DET_HOU,2024,10,58,ESPN BET,+165,-195,+195,-230
2024_10_MIA_LA,2024,10,58,ESPN BET,-140,+120,-135,+115
2024_10_MIN_JAX,2024,10,58,ESPN BET,+180,-215,+250,-300
2024_10_NE_CHI,2024,10,58,ESPN BET,-360,+280,-275,+225
2024_10_NYG_CAR,2024,10,58,ESPN BET,+190,-225,+210,-270
2024_10_NYJ_ARI,2024,10,58,ESPN BET,-125,+105,+110,-130
2024_10_PHI_DAL,2024,10,58,ESPN BET,+250,-300,+240,-290
2024_10_PIT_WAS,2024,10,58,ESPN BET,-135,+115,-130,+110
2024_10_SF_TB,2024,10,58,ESPN BET,+210,-250,+250,-300
2024_10_TEN_LAC,2024,10,58,ESPN BET,-425,+320,-380,+290
2024_11_ATL_DEN,2024,11,58,ESPN BET,-125,+105,-130,+110
2024_11_BAL_PIT,2024,11,58,ESPN BET,+140,-165,+140,-165
2024_11_CIN_LAC,2024,11,58,ESPN BET,-135,+115,-115,-105
2024_11_CLE_NO,2024,11,58,ESPN BET,-130,+110,+105,-125
2024_11_GB_CHI,2024,11,58,ESPN BET,+240,-290,+230,-280
2024_11_HOU_DAL,2024,11,58,ESPN BET,+280,-360,+270,-340
2024_11_IND_NYJ,2024,11,58,ESPN BET,-155,+135,-200,+170
2024_11_JAX_DET,2024,11,58,ESPN BET,-1000,+600,-800,+500
2024_11_KC_BUF,2024,11,58,ESPN BET,-130,+110,-155,+135
2024_11_LA_NE,2024,11,58,ESPN BET,+195,-230,+165,-195
2024_11_LV_MIA,2024,11,58,ESPN BET,-320,+260,-450,+340
2024_11_MIN_TEN,2024,11,58,ESPN BET,+240,-290,+200,-240
2024_11_SEA_SF,2024,11,58,ESPN BET,-320,+260,-275,+225
2024_11_WAS_PHI,2024,11,58,ESPN BET,-185,+155,-225,+190
2024_12_ARI_SEA,2024,12,58,ESPN BET,-120,+100,+110,-130
2024_12_BAL_LAC,2024,12,58,ESPN BET,+110,-130,+140,-165
2024_12_DAL_WAS,2024,12,58,ESPN BET,-500,+360,-650,+425
2024_12_DEN_LV,2024,12,58,ESPN BET,+175,-210,+200,-240
2024_12_DET_IND,2024,12,58,ESPN BET,+300,-400,+320,-425
2024_12_KC_CAR,2024,12,58,ESPN BET,+500,-800,+425,-650
2024_12_MIN_CHI,2024,12,58,ESPN BET,+160,-190,+135,-155
2024_12_NE_MIA,2024,12,58,ESPN BET,-380,+290,-450,+340
2024_12_PHI_LA,2024,12,58,ESPN BET,+130,-150,+125,-145
2024_12_PIT_CLE,2024,12,58,ESPN BET,+190,-225,+175,-210
2024_12_SF_GB,2024,12,58,ESPN BET,-120,+100,-320,+260
2024_12_TB_NYG,2024,12,58,ESPN BET,+165,-195,+215,-260
2024_12_TEN_HOU,2024,12,58,ESPN BET,-450,+340,-360,+280
2024_13_ARI_MIN,2024,13,58,ESPN BET,-200,+170,-175,+150
2024_13_CHI_DET,2024,13,58,ESPN BET,-650,+425,-550,+380
2024_13_CLE_DEN,2024,13,58,ESPN BET,-230,+195,-280,+230
2024_13_HOU_JAX,2024,13,58,ESPN BET,+220,-270,+145,-170
2024_13_IND_NE,2024,13,58,ESPN BET,+125,-145,+120,-140
2024_13_LAC_ATL,2024,13,58,ESPN BET,+105,-125,-105,-115
2024_13_LA_NO,2024,13,58,ESPN BET,+110,-130,+135,-155
2024_13_LV_KC,2024,13,58,ESPN BET,-900,+550,-900,+550
2024_13_MIA_GB,2024,13,58,ESPN BET,-185,+155,-190,+160
2024_13_NYG_DAL,2024,13,58,ESPN BET,-185,+155,-215,+180
2024_13_PHI_BAL,2024,13,58,ESPN BET,-145,+125,-170,+145
2024_13_PIT_CIN,2024,13,58,ESPN BET,-135,+115,-175,+150
2024_13_SEA_NYJ,2024,13,58,ESPN BET,+105,-125,-128,+108
2024_13_SF_BUF,2024,13,58,ESPN BET,-270,+220,-290,+240
2024_13_TB_CAR,2024,13,58,ESPN BET,+220,-270,+240,-290
2024_13_TEN_WAS,2024,13,58,ESPN BET,-270,+220,-240,+200
2024_14_ATL_MIN,2024,14,58,ESPN BET,-215,+180,-250,+210
2024_14_BUF_LA,2024,14,58,ESPN BET,+165,-195,+150,-175
2024_14_CAR_PHI,2024,14,58,ESPN BET,-900,+550,-1000,+600
2024_14_CHI_SF,2024,14,58,ESPN BET,-215,+180,-155,+135
2024_14_CIN_DAL,2024,14,58,ESPN BET,+210,-250,+190,-225
2024_14_CLE_PIT,2024,14,58,ESPN BET,-250,+210,-290,+240
2024_14_GB_DET,2024,14,58,ESPN BET,-190,+160,-185,+155
2024_14_JAX_TEN,2024,14,58,ESPN BET,-215,+180,-155,+135
2024_14_LAC_KC,2024,14,58,ESPN BET,-190,+160,-240,+200
2024_14_LV_TB,2024,14,58,ESPN BET,-300,+250,-310,+255
2024_14_NO_NYG,2024,14,58,ESPN BET,+170,-200,+225,-275
2024_14_NYJ_MIA,2024,14,58,ESPN BET,-280,+230,-290,+240
2024_14_SEA_ARI,2024,14,58,ESPN BET,-135,+115,-175,+150
2024_15_ATL_LV,2024,15,58,ESPN BET,+180,-215,+240,-290
2024_15_BAL_NYG,2024,15,58,ESPN BET,+750,-1400,+1000,-2000
2024_15_BUF_DET,2024,15,58,ESPN BET,-140,+120,-140,+120
2024_15_CHI_MIN,2024,15,58,ESPN BET,-340,+270,-320,+260
2024_15_CIN_TEN,2024,15,58,ESPN BET,+180,-215,+215,-260
2024_15_DAL_CAR,2024,15,58,ESPN BET,-125,+105,-145,+125
2024_15_GB_SEA,2024,15,58,ESPN BET,+120,-140,+140,-165
2024_15_IND_DEN,2024,15,58,ESPN BET,-210,+175,-200,+170
2024_15_KC_CLE,2024,15,58,ESPN BET,+250,-300,+190,-225
2024_15_LA_SF,2024,15,58,ESPN BET,-130,+110,-155,+135
2024_15_MIA_HOU,2024,15,58,ESPN BET,-130,+110,-150,+130
2024_15_NE_ARI,2024,15,58,ESPN BET,-290,+240,-275,+225
2024_15_NYJ_JAX,2024,15,58,ESPN BET,+145,-170,+155,-185
2024_15_PIT_PHI,2024,15,58,ESPN BET,-210,+175,-250,+210
2024_15_TB_LAC,2024,15,58,ESPN BET,-150,+130,-165,+140
2024_15_WAS_NO,2024,15,58,ESPN BET,+270,-340,+290,-380
2024_16_ARI_CAR,2024,16,58,ESPN BET,+175,-210,+200,-240
2024_16_CLE_CIN,2024,16,58,ESPN BET,-320,+260,-600,+400
2024_16_DEN_LAC,2024,16,58,ESPN BET,-155,+135,-155,+135
2024_16_DET_CHI,2024,16,58,ESPN BET,+290,-380,+240,-290
2024_16_HOU_KC,2024,16,58,ESPN BET,+100,-120,-190,+160
2024_16_JAX_LV,2024,16,58,ESPN BET,-120,+100,-135,+115
2024_16_LA_NYJ,2024,16,58,ESPN BET,+140,-165,+137,-160
2024_16_MIN_SEA,2024,16,58,ESPN BET,+175,-210,+120,-140
2024_16_NE_BUF,2024,16,58,ESPN BET,-1400,+750,-1000,+600
2024_16_NO_GB,2024,16,58,ESPN BET,-1400,+750,-1200,+700
2024_16_NYG_ATL,2024,16,58,ESPN BET,-550,+380,-550,+380
2024_16_PHI_WAS,2024,16,58,ESPN BET,+155,-185,+180,-215
2024_16_PIT_BAL,2024,16,58,ESPN BET,-290,+240,-300,+250
2024_16_SF_MIA,2024,16,58,ESPN BET,-120,+100,+105,-125
2024_16_TB_DAL,2024,16,58,ESPN BET,+175,-210,+180,-215
2024_16_TEN_IND,2024,16,58,ESPN BET,-200,+170,-195,+165
2024_17_ARI_LA,2024,17,58,ESPN BET,-230,+195,-340,+270
2024_17_ATL_WAS,2024,17,58,ESPN BET,-210,+175,-190,+160
2024_17_BAL_HOU,2024,17,58,ESPN BET,+145,-170,+260,-320
2024_17_CAR_TB,2024,17,58,ESPN BET,-380,+290,-550,+380
2024_17_DAL_PHI,2024,17,58,ESPN BET,-400,+300,-360,+280
2024_17_DEN_CIN,2024,17,58,ESPN BET,-165,+140,-170,+145
2024_17_DET_SF,2024,17,58,ESPN BET,+160,-190,+190,-225
2024_17_GB_MIN,2024,17,58,ESPN BET,-125,+105,-110,-110
2024_17_IND_NYG,2024,17,58,ESPN BET,+340,-450,+290,-380
2024_17_KC_PIT,2024,17,58,ESPN BET,+120,-140,+115,-135
2024_17_LAC_NE,2024,17,58,ESPN BET,+180,-215,+230,-280
2024_17_LV_NO,2024,17,58,ESPN BET,-130,+110,+110,-130
2024_17_MIA_CLE,2024,17,58,ESPN BET,+220,-270,+155,-185
2024_17_NYJ_BUF,2024,17,58,ESPN BET,-500,+360,-650,+425
2024_17_SEA_CHI,2024,17,58,ESPN BET,+150,-175,+180,-215
2024_17_TEN_JAX,2024,17,58,ESPN BET,-115,-105,+100,-120
2024_18_BUF_NE,2024,18,58,ESPN BET,+110,-130,+145,-170
2024_18_CAR_ATL,2024,18,58,ESPN BET,-400,+300,-400,+300
2024_18_CHI_GB,2024,18,58,ESPN BET,-650,+425,-500,+360
2024_18_CIN_PIT,2024,18,58,ESPN BET,+110,-130,+120,-140
2024_18_CLE_BAL,2024,18,58,ESPN BET,-3000,+1200,-2500,+1100
2024_18_HOU_TEN,2024,18,58,ESPN BET,-140,+120,-150,+130
2024_18_JAX_IND,2024,18,58,ESPN BET,-215,+180,-175,+150
2024_18_KC_DEN,2024,18,58,ESPN BET,-450,+340,-700,+450
2024_18_LAC_LV,2024,18,58,ESPN BET,+180,-215,+250,-300
2024_18_MIA_NYJ,2024,18,58,ESPN BET,+115,-135,-135,+115
2024_18_MIN_DET,2024,18,58,ESPN BET,-145,+125,-160,+137
2024_18_NO_TB,2024,18,58,ESPN BET,-1400,+750,-1400,+750
2024_18_NYG_PHI,2024,18,58,ESPN BET,-185,+155,-170,+145
2024_18_SEA_LA,2024,18,58,ESPN BET,-130,+110,+270,-340
2024_18_SF_ARI,2024,18,58,ESPN BET,+100,-120,-210,+175
2024_18_WAS_DAL,2024,18,58,ESPN BET,+140,-165,+250,-300
2024_19_DEN_BUF,2024,19,58,ESPN BET,-425,+320,-425,+320
2024_19_GB_PHI,2024,19,58,ESPN BET,-185,+155,-270,+220
2024_19_LAC_HOU,2024,19,58,ESPN BET,+130,-150,+138,-162
2024_19_MIN_LA,2024,19,58,ESPN BET,+125,-145,+115,-135
2024_19_PIT_BAL,2024,19,58,ESPN BET,-450,+340,-500,+360
2024_19_WAS_TB,2024,19,58,ESPN BET,-145,+125,-170,+145
2024_20_BAL_BUF,2024,20,58,ESPN BET,-125,+105,+105,-125
2024_20_HOU_KC,2024,20,58,ESPN BET,-340,+270,-600,+400
2024_20_LA_PHI,2024,20,58,ESPN BET,-280,+230,-400,+300
2024_20_WAS_DET,2024,20,58,ESPN BET,-290,+240,-500,+360
2024_21_BUF_KC,2024,21,58,ESPN BET,-120,+100,-116,-104
2024_21_WAS_PHI,2024,21,58,ESPN BET,-270,+220,-280,+230
2024_22_KC_PHI,2024,22,58,ESPN BET,+100,-120,-101,-119
