model,n,skill_vs_climatology,skill_lo,skill_hi,passed,point_not_positive,family_type
"LR_E1",1365,-0.00126263,-0.00245136,-7.23435e-05,TRUE,TRUE,"v2 level-0 (refit)"
"GLMNET",1365,-0.000432538,-0.00121541,0.000337247,TRUE,TRUE,"v2 level-0 (refit)"
"XGB",1365,-0.0843777,-0.118368,-0.0501614,TRUE,TRUE,"v2 level-0 (refit)"
"GBM",1365,-0.0891569,-0.124004,-0.0543933,TRUE,TRUE,"v2 level-0 (refit)"
"S1",1365,-0.0206476,-0.0419932,0.000620204,TRUE,TRUE,"v3 new"
"S1_MIN",1365,-0.0217137,-0.0423909,-0.0017008,TRUE,TRUE,"v3 new"
"R1",1365,-0.00104336,-0.00413686,0.00196166,TRUE,TRUE,"v3 new"
"O1",1365,-0.000668801,-0.00147698,0.000141051,TRUE,TRUE,"v3 new"
"G2",1365,-0.0852845,-0.119689,-0.0502873,TRUE,TRUE,"v3 new"
"G2_GAPS",1365,-0.0854468,-0.119888,-0.0501206,TRUE,TRUE,"v3 new"
"T1",1365,-0.104788,-0.144422,-0.0661948,TRUE,TRUE,"v3 new"
"N1",1365,-0.0328353,-0.0502009,-0.0155165,TRUE,TRUE,"v3 new"
"N1_NARROW",1365,-0.0328353,-0.0502009,-0.0155165,TRUE,TRUE,"v3 new"
