"market","season","week","games","player_games","priced_share_player_games","priced_share_rows"
"anytime_td",2024,1,15,132,0,0
"anytime_td",2024,2,16,237,0,0
"anytime_td",2024,3,16,375,0,0
"anytime_td",2024,4,16,386,0,0
"anytime_td",2024,5,14,336,0,0
"anytime_td",2024,6,14,311,0,0
"anytime_td",2024,7,15,343,0,0
"anytime_td",2024,8,16,354,0.0198,0.0091
"anytime_td",2024,9,15,324,0,0
"anytime_td",2024,10,14,313,0,0
"anytime_td",2024,11,14,307,0,0
"anytime_td",2024,12,13,287,0,0
"anytime_td",2024,13,16,344,0,0
"anytime_td",2024,14,13,281,0,0
"anytime_td",2024,15,16,351,0,0
"anytime_td",2024,16,16,344,0,0
"anytime_td",2024,17,16,341,0,0
"anytime_td",2024,18,16,337,0,0
"anytime_td",2025,1,16,428,0.6869,0.3485
"anytime_td",2025,2,16,367,0,0
"anytime_td",2025,3,16,374,0,0
"anytime_td",2025,4,16,376,0,0
"anytime_td",2025,5,14,342,0,0
"anytime_td",2025,6,15,364,0,0
"anytime_td",2025,7,15,356,0,0
"anytime_td",2025,8,13,317,0,0
"anytime_td",2025,9,14,344,0,0
"anytime_td",2025,10,14,340,0,0
"anytime_td",2025,11,15,364,0,0
"anytime_td",2025,12,14,338,0,0
"anytime_td",2025,13,16,390,0,0
"receiving_yards",2024,1,16,123,0.374,0.1341
"receiving_yards",2024,2,16,142,0.5775,0.1892
"receiving_yards",2024,3,16,186,0.7204,0.2273
"receiving_yards",2024,4,16,200,0.825,0.2335
"receiving_yards",2024,5,14,171,0.7836,0.2279
"receiving_yards",2024,6,14,166,0.7349,0.2146
"receiving_yards",2024,7,15,171,0.7719,0.2202
"receiving_yards",2024,8,16,193,0.8342,0.3034
"receiving_yards",2024,9,15,184,0.7717,0.2217
"receiving_yards",2024,10,14,167,0.7126,0.2053
"receiving_yards",2024,11,14,164,0.7073,0.2049
"receiving_yards",2024,12,13,147,0.6531,0.1934
"receiving_yards",2024,13,16,184,0.663,0.195
"receiving_yards",2024,14,13,152,0.6842,0.1992
"receiving_yards",2024,15,16,178,0.6742,0.1985
"receiving_yards",2024,16,16,184,0.6793,0.1969
"receiving_yards",2024,17,16,177,0.4915,0.1521
"receiving_yards",2024,18,15,118,0.6949,0.2037
"receiving_yards",2025,1,16,188,0.9255,0.1865
"receiving_yards",2025,2,16,166,1,0.1754
"receiving_yards",2025,3,16,168,1,0.1841
"receiving_yards",2025,4,16,166,0.994,0.1807
"receiving_yards",2025,5,14,160,1,0.186
"receiving_yards",2025,6,15,163,0.9939,0.1803
"receiving_yards",2025,7,15,161,0.9814,0.1759
"receiving_yards",2025,8,13,146,1,0.1796
"receiving_yards",2025,9,14,163,0.9939,0.1834
"receiving_yards",2025,10,14,154,1,0.1814
"receiving_yards",2025,11,15,161,0.9876,0.1817
"receiving_yards",2025,12,14,155,0.9806,0.1857
"receiving_yards",2025,13,16,181,0.9779,0.1838
"receptions",2024,1,15,84,0.0476,0.0222
"receptions",2024,2,15,125,0.904,0.3324
"receptions",2024,3,16,187,0.754,0.2882
"receptions",2024,4,16,189,0.7143,0.231
"receptions",2024,5,14,159,0.7925,0.2444
"receptions",2024,6,14,150,0.76,0.2385
"receptions",2024,7,15,171,0.6316,0.2021
"receptions",2024,8,16,186,0.9731,0.2742
"receptions",2024,9,15,174,0.9885,0.2776
"receptions",2024,10,14,166,0.988,0.2958
"receptions",2024,11,14,171,0.9883,0.3078
"receptions",2024,12,13,152,0.9868,0.2988
"receptions",2024,13,16,175,0.9886,0.2932
"receptions",2024,14,13,154,0.9935,0.31
"receptions",2024,15,16,168,0.9762,0.289
"receptions",2024,16,16,178,0.9831,0.2843
"receptions",2024,17,16,176,0.9886,0.2915
"receptions",2024,18,16,118,0.9492,0.2909
"receptions",2025,1,16,182,0.9835,0.2848
"receptions",2025,2,16,171,1,0.2518
"receptions",2025,3,16,169,1,0.2624
"receptions",2025,4,16,164,1,0.2607
"receptions",2025,5,14,158,1,0.2638
"receptions",2025,6,15,164,1,0.2562
"receptions",2025,7,15,159,1,0.253
"receptions",2025,8,13,139,1,0.2548
"receptions",2025,9,14,158,1,0.2622
"receptions",2025,10,14,148,1,0.2556
"receptions",2025,11,15,155,1,0.2588
"receptions",2025,12,14,152,1,0.2646
"receptions",2025,13,16,175,1,0.2672
"rushing_yards",2024,1,13,40,0.475,0.1603
"rushing_yards",2024,2,15,59,0.6949,0.2169
"rushing_yards",2024,3,16,81,0.6914,0.2107
"rushing_yards",2024,4,16,79,0.8101,0.2332
"rushing_yards",2024,5,14,74,0.7973,0.2282
"rushing_yards",2024,6,14,71,0.7465,0.2099
"rushing_yards",2024,7,15,76,0.9079,0.243
"rushing_yards",2024,8,16,90,0.9333,0.3275
"rushing_yards",2024,9,15,72,0.75,0.2139
"rushing_yards",2024,10,14,69,0.6522,0.1952
"rushing_yards",2024,11,14,71,0.5915,0.181
"rushing_yards",2024,12,13,67,0.6418,0.1911
"rushing_yards",2024,13,16,80,0.6125,0.1856
"rushing_yards",2024,14,13,63,0.6349,0.1865
"rushing_yards",2024,15,16,79,0.6962,0.2048
"rushing_yards",2024,16,16,82,0.6098,0.1825
"rushing_yards",2024,17,16,78,0.5641,0.1689
"rushing_yards",2024,18,15,48,0.6875,0.2
"rushing_yards",2025,1,16,98,0.949,0.1738
"rushing_yards",2025,2,16,86,1,0.1552
"rushing_yards",2025,3,16,91,1,0.1629
"rushing_yards",2025,4,16,84,1,0.1604
"rushing_yards",2025,5,14,80,1,0.1584
"rushing_yards",2025,6,15,87,1,0.1622
"rushing_yards",2025,7,15,81,1,0.1567
"rushing_yards",2025,8,13,69,0.9855,0.1572
"rushing_yards",2025,9,14,82,0.9756,0.1618
"rushing_yards",2025,10,14,76,1,0.1564
"rushing_yards",2025,11,15,79,0.9873,0.1569
"rushing_yards",2025,12,14,73,0.9726,0.1515
"rushing_yards",2025,13,16,96,1,0.1667
