"season","week","game_id","espn_event","pages","failed_pages","items_total","items_priced","items_4_markets","status"
2024,1,"2024_01_ARI_BUF","401671617",1,0,98,32,43,"ok"
2024,1,"2024_01_BAL_KC","401671789",1,0,409,55,226,"ok"
2024,1,"2024_01_CAR_NO","401671734",1,0,106,44,43,"ok"
2024,1,"2024_01_DAL_CLE","401671761",1,0,205,58,97,"ok"
2024,1,"2024_01_DEN_SEA","401671664",1,0,400,72,205,"ok"
2024,1,"2024_01_GB_PHI","401671805",1,0,361,30,210,"ok"
2024,1,"2024_01_HOU_IND","401671861",1,0,91,54,19,"ok"
2024,1,"2024_01_JAX_MIA","401671849",1,0,104,56,33,"ok"
2024,1,"2024_01_LA_DET","401671792",1,0,392,76,204,"ok"
2024,1,"2024_01_LV_LAC","401671659",1,0,256,52,112,"ok"
2024,1,"2024_01_MIN_NYG","401671712",1,0,96,23,46,"ok"
2024,1,"2024_01_NE_CIN","401671628",1,0,146,52,63,"ok"
2024,1,"2024_01_NYJ_SF","401671696",1,0,107,26,61,"ok"
2024,1,"2024_01_PIT_ATL","401671744",1,0,98,42,40,"ok"
2024,1,"2024_01_TEN_CHI","401671719",1,0,118,59,38,"ok"
2024,1,"2024_01_WAS_TB","401671770",1,0,207,32,97,"ok"
2024,2,"2024_02_ATL_PHI","401671691",1,0,545,220,231,"ok"
2024,2,"2024_02_BUF_MIA","401671807",1,0,90,49,22,"ok"
2024,2,"2024_02_CHI_HOU","401671786",1,0,92,35,34,"ok"
2024,2,"2024_02_CIN_KC","401671670",1,0,531,208,207,"ok"
2024,2,"2024_02_CLE_JAX","401671635",1,0,437,176,156,"ok"
2024,2,"2024_02_IND_GB","401671723",1,0,396,150,160,"ok"
2024,2,"2024_02_LA_ARI","401671754",1,0,68,48,13,"ok"
2024,2,"2024_02_LAC_CAR","401671652",1,0,332,124,124,"ok"
2024,2,"2024_02_LV_BAL","401671624",1,0,547,218,221,"ok"
2024,2,"2024_02_NO_DAL","401671709",1,0,372,150,159,"ok"
2024,2,"2024_02_NYG_WAS","401671716",1,0,290,132,97,"ok"
2024,2,"2024_02_NYJ_TEN","401671636",1,0,556,223,218,"ok"
2024,2,"2024_02_PIT_DEN","401671668",1,0,511,216,194,"ok"
2024,2,"2024_02_SEA_NE","401671702",1,0,360,151,150,"ok"
2024,2,"2024_02_SF_MIN","401671645",1,0,544,216,226,"ok"
2024,2,"2024_02_TB_DET","401671721",1,0,506,202,208,"ok"
2024,3,"2024_03_BAL_DAL","401671763",1,0,573,182,241,"ok"
2024,3,"2024_03_CAR_LV","401671658",1,0,626,258,272,"ok"
2024,3,"2024_03_CHI_IND","401671865",1,0,640,242,254,"ok"
2024,3,"2024_03_DEN_TB","401671741",1,0,580,202,221,"ok"
2024,3,"2024_03_DET_ARI","401671771",1,0,578,184,249,"ok"
2024,3,"2024_03_GB_TEN","401671823",1,0,580,194,252,"ok"
2024,3,"2024_03_HOU_MIN","401671646",1,0,610,235,242,"ok"
2024,3,"2024_03_JAX_BUF","401671682",1,0,581,184,260,"ok"
2024,3,"2024_03_KC_ATL","401671793",1,0,570,200,246,"ok"
2024,3,"2024_03_LAC_PIT","401671632",1,0,544,208,191,"ok"
2024,3,"2024_03_MIA_SEA","401671662",1,0,593,222,228,"ok"
2024,3,"2024_03_NE_NYJ","401671808",1,0,147,48,60,"ok"
2024,3,"2024_03_NYG_CLE","401671855",1,0,560,202,230,"ok"
2024,3,"2024_03_PHI_NO","401671736",1,0,533,158,232,"ok"
2024,3,"2024_03_SF_LA","401671772",1,0,543,186,213,"ok"
2024,3,"2024_03_WAS_CIN","401671490",1,0,647,214,275,"ok"
2024,4,"2024_04_BUF_BAL","401671783",1,0,618,194,268,"ok"
2024,4,"2024_04_CIN_CAR","401671745",1,0,651,238,273,"ok"
2024,4,"2024_04_CLE_LV","401671672",1,0,514,138,227,"ok"
2024,4,"2024_04_DAL_NYG","401671812",1,0,568,192,231,"ok"
2024,4,"2024_04_DEN_NYJ","401671622",1,0,572,169,251,"ok"
2024,4,"2024_04_JAX_HOU","401671857",1,0,558,172,232,"ok"
2024,4,"2024_04_KC_LAC","401671674",1,0,615,222,261,"ok"
2024,4,"2024_04_LA_CHI","401671871",1,0,613,226,264,"ok"
2024,4,"2024_04_MIN_GB","401671643",1,0,679,256,291,"ok"
2024,4,"2024_04_NE_SF","401671758",1,0,588,164,254,"ok"
2024,4,"2024_04_NO_ATL","401671727",1,0,570,220,216,"ok"
2024,4,"2024_04_PHI_TB","401671740",1,0,591,226,235,"ok"
2024,4,"2024_04_PIT_IND","401671867",1,0,608,214,245,"ok"
2024,4,"2024_04_SEA_DET","401671491",1,0,544,156,218,"ok"
2024,4,"2024_04_TEN_MIA","401671683",1,0,633,244,256,"ok"
2024,4,"2024_04_WAS_ARI","401671755",1,0,526,152,227,"ok"
2024,5,"2024_05_ARI_SF","401671756",1,0,543,154,214,"ok"
2024,5,"2024_05_BAL_CIN","401671626",1,0,647,236,267,"ok"
2024,5,"2024_05_BUF_HOU","401671859",1,0,551,160,235,"ok"
2024,5,"2024_05_CAR_CHI","401671872",1,0,629,228,259,"ok"
2024,5,"2024_05_CLE_WAS","401671718",1,0,572,170,261,"ok"
2024,5,"2024_05_DAL_PIT","401671784",1,0,578,200,228,"ok"
2024,5,"2024_05_GB_LA","401671679",1,0,582,211,248,"ok"
2024,5,"2024_05_IND_JAX","401671633",1,0,599,210,237,"ok"
2024,5,"2024_05_LV_DEN","401671747",1,0,579,216,231,"ok"
2024,5,"2024_05_MIA_NE","401671700",1,0,582,216,228,"ok"
2024,5,"2024_05_NO_KC","401671687",1,0,658,248,282,"ok"
2024,5,"2024_05_NYG_SEA","401671680",1,0,595,180,254,"ok"
2024,5,"2024_05_NYJ_MIN","401671804",1,0,546,173,253,"ok"
2024,5,"2024_05_TB_ATL","401671815",1,0,577,180,248,"ok"
2024,6,"2024_06_ARI_GB","401671722",1,0,533,153,232,"ok"
2024,6,"2024_06_ATL_CAR","401671769",1,0,559,210,238,"ok"
2024,6,"2024_06_BUF_NYJ","401671684",1,0,562,172,246,"ok"
2024,6,"2024_06_CIN_NYG","401671791",1,0,517,140,223,"ok"
2024,6,"2024_06_CLE_PHI","401671714",1,0,499,157,213,"ok"
2024,6,"2024_06_DET_DAL","401671764",1,0,513,129,244,"ok"
2024,6,"2024_06_HOU_NE","401671619",1,0,583,218,237,"ok"
2024,6,"2024_06_IND_TEN","401671820",1,0,610,226,256,"ok"
2024,6,"2024_06_JAX_CHI","401671802",1,0,620,223,256,"ok"
2024,6,"2024_06_LAC_DEN","401671655",1,0,566,214,214,"ok"
2024,6,"2024_06_PIT_LV","401671657",1,0,547,210,209,"ok"
2024,6,"2024_06_SF_SEA","401671819",1,0,554,174,226,"ok"
2024,6,"2024_06_TB_NO","401671735",1,0,545,184,214,"ok"
2024,6,"2024_06_WAS_BAL","401671625",1,0,633,234,263,"ok"
2024,7,"2024_07_BAL_TB","401671695",1,0,654,248,279,"ok"
2024,7,"2024_07_CAR_WAS","401671640",1,0,578,226,215,"ok"
2024,7,"2024_07_CIN_CLE","401671853",1,0,564,160,255,"ok"
2024,7,"2024_07_DEN_NO","401671816",1,0,579,178,256,"ok"
2024,7,"2024_07_DET_MIN","401671724",1,0,534,164,232,"ok"
2024,7,"2024_07_HOU_GB","401671644",1,0,608,224,252,"ok"
2024,7,"2024_07_KC_SF","401671777",1,0,557,157,247,"ok"
2024,7,"2024_07_LAC_ARI","401671699",1,0,520,156,218,"ok"
2024,7,"2024_07_LV_LA","401671663",1,0,439,136,174,"ok"
2024,7,"2024_07_MIA_IND","401671864",1,0,620,222,238,"ok"
2024,7,"2024_07_NE_JAX","401671801",1,0,592,172,266,"ok"
2024,7,"2024_07_NYJ_PIT","401671785",1,0,540,190,231,"ok"
2024,7,"2024_07_PHI_NYG","401671710",1,0,536,158,237,"ok"
2024,7,"2024_07_SEA_ATL","401671730",1,0,591,172,263,"ok"
2024,7,"2024_07_TEN_BUF","401671616",1,0,529,170,217,"ok"
2024,8,"2024_08_ARI_MIA","401671850",1,0,554,194,233,"ok"
2024,8,"2024_08_ATL_TB","401671739",1,0,645,236,283,"ok"
2024,8,"2024_08_BAL_CLE","401671852",1,0,586,206,243,"ok"
2024,8,"2024_08_BUF_SEA","401671760",1,0,692,281,301,"ok"
2024,8,"2024_08_CAR_DEN","401671600",1,0,624,262,273,"ok"
2024,8,"2024_08_CHI_WAS","401671599",1,0,661,271,297,"ok"
2024,8,"2024_08_DAL_SF","401671795",1,0,674,248,288,"ok"
2024,8,"2024_08_GB_JAX","401671707",1,0,633,228,267,"ok"
2024,8,"2024_08_IND_HOU","401671856",1,0,551,196,204,"ok"
2024,8,"2024_08_KC_LV","401671671",1,0,602,246,275,"ok"
2024,8,"2024_08_MIN_LA","401671817",1,0,635,244,265,"ok"
2024,8,"2024_08_NO_LAC","401671750",1,0,600,225,286,"ok"
2024,8,"2024_08_NYG_PIT","401671685",1,0,686,287,310,"ok"
2024,8,"2024_08_NYJ_NE","401671618",1,0,647,240,273,"ok"
2024,8,"2024_08_PHI_CIN","401671667",1,0,579,213,229,"ok"
2024,8,"2024_08_TEN_DET","401671720",1,0,576,210,245,"ok"
2024,9,"2024_09_CHI_ARI","401671661",1,0,580,210,230,"ok"
2024,9,"2024_09_DAL_ATL","401671728",1,0,604,218,254,"ok"
2024,9,"2024_09_DEN_BAL","401671623",1,0,665,238,286,"ok"
2024,9,"2024_09_DET_GB","401671767",1,0,553,201,238,"ok"
2024,9,"2024_09_HOU_NYJ","401671809",1,0,615,240,250,"ok"
2024,9,"2024_09_IND_MIN","401671647",1,0,583,220,226,"ok"
2024,9,"2024_09_JAX_PHI","401671797",1,0,575,200,246,"ok"
2024,9,"2024_09_LA_SEA","401671776",1,0,620,226,257,"ok"
2024,9,"2024_09_LAC_CLE","401671629",1,0,604,222,256,"ok"
2024,9,"2024_09_LV_CIN","401671704",1,0,518,194,199,"ok"
2024,9,"2024_09_MIA_BUF","401671493",1,0,624,234,257,"ok"
2024,9,"2024_09_NE_TEN","401671822",1,0,573,214,239,"ok"
2024,9,"2024_09_NO_CAR","401671650",1,0,596,217,260,"ok"
2024,9,"2024_09_TB_KC","401671688",1,0,639,238,283,"ok"
2024,9,"2024_09_WAS_NYG","401671711",1,0,612,213,247,"ok"
2024,10,"2024_10_ATL_NO","401671733",1,0,552,216,228,"ok"
2024,10,"2024_10_BUF_IND","401671863",1,0,599,230,251,"ok"
2024,10,"2024_10_CIN_BAL","401671810",1,0,697,273,295,"ok"
2024,10,"2024_10_DEN_KC","401671637",1,0,604,220,247,"ok"
2024,10,"2024_10_DET_HOU","401671787",1,0,600,226,258,"ok"
2024,10,"2024_10_MIA_LA","401671693",1,0,601,225,242,"ok"
2024,10,"2024_10_MIN_JAX","401671708",1,0,574,208,226,"ok"
2024,10,"2024_10_NE_CHI","401671873",1,0,651,244,264,"ok"
2024,10,"2024_10_NYG_CAR","401671803",1,0,596,222,226,"ok"
2024,10,"2024_10_NYJ_ARI","401671678",1,0,569,206,224,"ok"
2024,10,"2024_10_PHI_DAL","401671676",1,0,539,184,214,"ok"
2024,10,"2024_10_PIT_WAS","401671641",1,0,603,212,240,"ok"
2024,10,"2024_10_SF_TB","401671742",1,0,621,226,256,"ok"
2024,10,"2024_10_TEN_LAC","401671751",1,0,604,234,241,"ok"
2024,11,"2024_11_ATL_DEN","401671748",1,0,586,230,240,"ok"
2024,11,"2024_11_BAL_PIT","401671630",1,0,689,248,297,"ok"
2024,11,"2024_11_CIN_LAC","401671675",1,0,602,220,254,"ok"
2024,11,"2024_11_CLE_NO","401671746",1,0,525,192,217,"ok"
2024,11,"2024_11_GB_CHI","401671869",1,0,585,217,242,"ok"
2024,11,"2024_11_HOU_DAL","401671694",1,0,567,209,219,"ok"
2024,11,"2024_11_IND_NYJ","401671782",1,0,582,227,226,"ok"
2024,11,"2024_11_JAX_DET","401671642",1,0,606,218,255,"ok"
2024,11,"2024_11_KC_BUF","401671665",1,0,600,222,252,"ok"
2024,11,"2024_11_LA_NE","401671701",1,0,579,221,224,"ok"
2024,11,"2024_11_LV_MIA","401671851",1,0,564,212,222,"ok"
2024,11,"2024_11_MIN_TEN","401671824",1,0,614,224,247,"ok"
2024,11,"2024_11_SEA_SF","401671757",1,0,578,204,231,"ok"
2024,11,"2024_11_WAS_PHI","401671813",1,0,619,248,231,"ok"
2024,12,"2024_12_ARI_SEA","401671775",1,0,611,244,229,"ok"
2024,12,"2024_12_BAL_LAC","401671689",1,0,637,249,259,"ok"
2024,12,"2024_12_DAL_WAS","401671715",1,0,593,238,220,"ok"
2024,12,"2024_12_DEN_LV","401671656",1,0,574,216,230,"ok"
2024,12,"2024_12_DET_IND","401671866",1,0,605,242,240,"ok"
2024,12,"2024_12_KC_CAR","401671651",1,0,594,210,250,"ok"
2024,12,"2024_12_MIN_CHI","401671870",1,0,651,265,253,"ok"
2024,12,"2024_12_NE_MIA","401671847",1,0,612,264,231,"ok"
2024,12,"2024_12_PHI_LA","401671794",1,0,580,250,208,"ok"
2024,12,"2024_12_PIT_CLE","401671875",1,0,637,246,234,"ok"
2024,12,"2024_12_SF_GB","401671768",1,0,601,235,232,"ok"
2024,12,"2024_12_TB_NYG","401671638",1,0,652,246,262,"ok"
2024,12,"2024_12_TEN_HOU","401671858",1,0,596,252,213,"ok"
2024,13,"2024_13_ARI_MIN","401671726",1,0,590,220,219,"ok"
2024,13,"2024_13_CHI_DET","401671492",1,0,620,253,246,"ok"
2024,13,"2024_13_CLE_DEN","401671686",1,0,699,264,269,"ok"
2024,13,"2024_13_HOU_JAX","401671705",1,0,602,244,226,"ok"
2024,13,"2024_13_IND_NE","401671620",1,0,594,242,229,"ok"
2024,13,"2024_13_LA_NO","401671753",1,0,540,226,196,"ok"
2024,13,"2024_13_LAC_ATL","401671649",1,0,551,220,207,"ok"
2024,13,"2024_13_LV_KC","401671806",1,0,601,253,244,"ok"
2024,13,"2024_13_MIA_GB","401671798",1,0,626,262,237,"ok"
2024,13,"2024_13_NYG_DAL","401671779",1,0,617,256,226,"ok"
2024,13,"2024_13_PHI_BAL","401671666",1,0,614,251,233,"ok"
2024,13,"2024_13_PIT_CIN","401671627",1,0,613,230,235,"ok"
2024,13,"2024_13_SEA_NYJ","401671703",1,0,599,244,225,"ok"
2024,13,"2024_13_SF_BUF","401671781",1,0,605,239,230,"ok"
2024,13,"2024_13_TB_CAR","401671752",1,0,592,222,234,"ok"
2024,13,"2024_13_TEN_WAS","401671743",1,0,644,255,239,"ok"
2024,14,"2024_14_ATL_MIN","401671648",1,0,621,242,233,"ok"
2024,14,"2024_14_BUF_LA","401671773",1,0,624,248,231,"ok"
2024,14,"2024_14_CAR_PHI","401671713",1,0,635,236,233,"ok"
2024,14,"2024_14_CHI_SF","401671774",1,0,620,234,215,"ok"
2024,14,"2024_14_CIN_DAL","401671690",1,0,674,260,256,"ok"
2024,14,"2024_14_CLE_PIT","401671631",1,0,630,252,242,"ok"
2024,14,"2024_14_GB_DET","401671814",1,0,657,268,241,"ok"
2024,14,"2024_14_JAX_TEN","401671821",1,0,646,256,240,"ok"
2024,14,"2024_14_LAC_KC","401671788",1,0,672,263,248,"ok"
2024,14,"2024_14_LV_TB","401671654",1,0,606,240,226,"ok"
2024,14,"2024_14_NO_NYG","401671601",1,0,612,234,235,"ok"
2024,14,"2024_14_NYJ_MIA","401671848",1,0,593,237,215,"ok"
2024,14,"2024_14_SEA_ARI","401671660",1,0,663,252,248,"ok"
2024,15,"2024_15_ATL_LV","401671697",1,0,575,234,216,"ok"
2024,15,"2024_15_BAL_NYG","401671639",1,0,610,231,227,"ok"
2024,15,"2024_15_BUF_DET","401671681",1,0,629,224,240,"ok"
2024,15,"2024_15_CHI_MIN","401671489",1,0,650,244,234,"ok"
2024,15,"2024_15_CIN_TEN","401671825",1,0,662,258,237,"ok"
2024,15,"2024_15_DAL_CAR","401671731",1,0,541,201,183,"ok"
2024,15,"2024_15_GB_SEA","401671796",1,0,616,246,221,"ok"
2024,15,"2024_15_IND_DEN","401671669",1,0,649,250,233,"ok"
2024,15,"2024_15_KC_CLE","401671854",1,0,658,253,245,"ok"
2024,15,"2024_15_LA_SF","401671818",1,0,615,214,231,"ok"
2024,15,"2024_15_MIA_HOU","401671860",1,0,639,253,219,"ok"
2024,15,"2024_15_NE_ARI","401671677",1,0,647,237,247,"ok"
2024,15,"2024_15_NYJ_JAX","401671706",1,0,605,243,218,"ok"
2024,15,"2024_15_PIT_PHI","401671766",1,0,669,255,250,"ok"
2024,15,"2024_15_TB_LAC","401671762",1,0,629,234,232,"ok"
2024,15,"2024_15_WAS_NO","401671737",1,0,606,242,210,"ok"
2024,16,"2024_16_ARI_CAR","401671732",1,0,594,214,225,"ok"
2024,16,"2024_16_CLE_CIN","401671811",1,0,636,250,229,"ok"
2024,16,"2024_16_DEN_LAC","401671749",1,0,679,270,259,"ok"
2024,16,"2024_16_DET_CHI","401671868",1,0,593,212,230,"ok"
2024,16,"2024_16_HOU_KC","401671780",1,0,645,258,238,"ok"
2024,16,"2024_16_JAX_LV","401671673",1,0,631,242,233,"ok"
2024,16,"2024_16_LA_NYJ","401671621",1,0,583,212,222,"ok"
2024,16,"2024_16_MIN_SEA","401671759",1,0,679,256,254,"ok"
2024,16,"2024_16_NE_BUF","401671494",1,0,624,216,258,"ok"
2024,16,"2024_16_NO_GB","401671692",1,0,637,250,231,"ok"
2024,16,"2024_16_NYG_ATL","401671729",1,0,635,237,240,"ok"
2024,16,"2024_16_PHI_WAS","401671717",1,0,613,236,208,"ok"
2024,16,"2024_16_PIT_BAL","401671778",1,0,649,247,245,"ok"
2024,16,"2024_16_SF_MIA","401671874",1,0,633,238,224,"ok"
2024,16,"2024_16_TB_DAL","401671790",1,0,665,240,248,"ok"
2024,16,"2024_16_TEN_IND","401671862",1,0,644,248,244,"ok"
2024,17,"2024_17_ARI_LA","401671829",1,0,616,239,224,"ok"
2024,17,"2024_17_ATL_WAS","401671842",1,0,596,228,215,"ok"
2024,17,"2024_17_BAL_HOU","401671800",1,0,638,255,237,"ok"
2024,17,"2024_17_CAR_TB","401671653",1,0,594,223,239,"ok"
2024,17,"2024_17_DAL_PHI","401671765",1,0,466,214,188,"ok"
2024,17,"2024_17_DEN_CIN","401671835",1,0,673,266,254,"ok"
2024,17,"2024_17_DET_SF","401671698",1,0,543,220,205,"ok"
2024,17,"2024_17_GB_MIN","401671725",1,0,577,236,206,"ok"
2024,17,"2024_17_IND_NYG","401671846",1,0,553,206,218,"ok"
2024,17,"2024_17_KC_PIT","401671799",1,0,621,278,277,"ok"
2024,17,"2024_17_LAC_NE","401671832",1,0,654,251,255,"ok"
2024,17,"2024_17_LV_NO","401671738",1,0,516,203,207,"ok"
2024,17,"2024_17_MIA_CLE","401671877",1,0,568,214,201,"ok"
2024,17,"2024_17_NYJ_BUF","401671495",1,0,609,246,242,"ok"
2024,17,"2024_17_SEA_CHI","401671876",1,0,633,254,226,"ok"
2024,17,"2024_17_TEN_JAX","401671634",1,0,530,219,201,"ok"
2024,18,"2024_18_BUF_NE","401671831",1,0,105,54,45,"ok"
2024,18,"2024_18_CAR_ATL","401671827",1,0,414,122,194,"ok"
2024,18,"2024_18_CHI_GB","401671844",1,0,435,168,150,"ok"
2024,18,"2024_18_CIN_PIT","401671836",1,0,605,232,229,"ok"
2024,18,"2024_18_CLE_BAL","401671834",1,0,450,171,185,"ok"
2024,18,"2024_18_HOU_TEN","401671826",1,0,212,67,75,"ok"
2024,18,"2024_18_JAX_IND","401671837",1,0,448,142,185,"ok"
2024,18,"2024_18_KC_DEN","401671838",1,0,359,139,132,"ok"
2024,18,"2024_18_LAC_LV","401671839",1,0,441,160,174,"ok"
2024,18,"2024_18_MIA_NYJ","401671833",1,0,588,226,212,"ok"
2024,18,"2024_18_MIN_DET","401671843",1,0,632,238,222,"ok"
2024,18,"2024_18_NO_TB","401671828",1,0,535,177,244,"ok"
2024,18,"2024_18_NYG_PHI","401671841",1,0,337,129,122,"ok"
2024,18,"2024_18_SEA_LA","401671830",1,0,438,168,142,"ok"
2024,18,"2024_18_SF_ARI","401671845",1,0,351,110,127,"ok"
2024,18,"2024_18_WAS_DAL","401671840",1,0,464,151,192,"ok"
2025,1,"2025_01_ARI_NO","401772718",1,0,501,184,250,"ok"
2025,1,"2025_01_BAL_BUF","401772918",2,0,1169,382,423,"ok"
2025,1,"2025_01_CAR_JAX","401772828",1,0,597,228,307,"ok"
2025,1,"2025_01_CIN_CLE","401772829",1,0,594,226,288,"ok"
2025,1,"2025_01_DAL_PHI","401772510",2,0,1697,523,651,"ok"
2025,1,"2025_01_DET_GB","401772722",2,0,1074,357,409,"ok"
2025,1,"2025_01_HOU_LA","401772723",1,0,906,298,371,"ok"
2025,1,"2025_01_KC_LAC","401772714",2,0,1273,433,456,"ok"
2025,1,"2025_01_LV_NE","401772720",1,0,659,263,322,"ok"
2025,1,"2025_01_MIA_IND","401772719",1,0,878,265,383,"ok"
2025,1,"2025_01_MIN_CHI","401772810",2,0,1194,379,419,"ok"
2025,1,"2025_01_NYG_WAS","401772827",1,0,924,273,357,"ok"
2025,1,"2025_01_PIT_NYJ","401772721",1,0,926,293,353,"ok"
2025,1,"2025_01_SF_SEA","401772831",1,0,973,316,380,"ok"
2025,1,"2025_01_TB_ATL","401772830",1,0,940,294,357,"ok"
2025,1,"2025_01_TEN_DEN","401772832",1,0,958,332,371,"ok"
2025,2,"2025_02_ATL_MIN","401772919",2,0,1113,313,317,"ok"
2025,2,"2025_02_BUF_NYJ","401772727",2,0,1194,329,363,"ok"
2025,2,"2025_02_CAR_ARI","401772730",1,0,896,254,288,"ok"
2025,2,"2025_02_CHI_DET","401772835",2,0,1128,299,323,"ok"
2025,2,"2025_02_CLE_BAL","401772726",2,0,1016,299,347,"ok"
2025,2,"2025_02_DEN_IND","401772729",1,0,855,242,306,"ok"
2025,2,"2025_02_JAX_CIN","401772725",2,0,1076,262,354,"ok"
2025,2,"2025_02_LA_TEN","401772724",2,0,1083,314,322,"ok"
2025,2,"2025_02_LAC_LV","401772811",2,0,1328,409,391,"ok"
2025,2,"2025_02_NE_MIA","401772728",2,0,1167,321,334,"ok"
2025,2,"2025_02_NYG_DAL","401772834",2,0,1068,281,328,"ok"
2025,2,"2025_02_PHI_KC","401772837",1,0,956,271,314,"ok"
2025,2,"2025_02_SEA_PIT","401772836",2,0,1209,334,342,"ok"
2025,2,"2025_02_SF_NO","401772833",2,0,1205,320,381,"ok"
2025,2,"2025_02_TB_HOU","401772715",2,0,1252,385,397,"ok"
2025,2,"2025_02_WAS_GB","401772936",2,0,1214,392,357,"ok"
2025,3,"2025_03_ARI_SF","401772843",1,0,871,246,308,"ok"
2025,3,"2025_03_ATL_CAR","401772838",1,0,975,270,307,"ok"
2025,3,"2025_03_CIN_MIN","401772731",2,0,1030,270,339,"ok"
2025,3,"2025_03_DAL_CHI","401772844",2,0,1024,267,332,"ok"
2025,3,"2025_03_DEN_LAC","401772735",2,0,1076,291,336,"ok"
2025,3,"2025_03_DET_BAL","401772812",2,0,1135,353,393,"ok"
2025,3,"2025_03_GB_CLE","401772842",1,0,956,276,305,"ok"
2025,3,"2025_03_HOU_JAX","401772734",2,0,1001,281,328,"ok"
2025,3,"2025_03_IND_TEN","401772733",1,0,868,249,303,"ok"
2025,3,"2025_03_KC_NYG","401772920",2,0,1105,353,329,"ok"
2025,3,"2025_03_LA_PHI","401772839",2,0,1033,277,331,"ok"
2025,3,"2025_03_LV_WAS","401772841",2,0,1079,288,366,"ok"
2025,3,"2025_03_MIA_BUF","401772937",2,0,1141,365,349,"ok"
2025,3,"2025_03_NO_SEA","401772736",2,0,1002,263,338,"ok"
2025,3,"2025_03_NYJ_TB","401772840",2,0,1078,301,343,"ok"
2025,3,"2025_03_PIT_NE","401772732",2,0,1050,287,343,"ok"
2025,4,"2025_04_BAL_KC","401772741",2,0,1073,310,353,"ok"
2025,4,"2025_04_CAR_NE","401772847",1,0,968,274,336,"ok"
2025,4,"2025_04_CHI_LV","401772742",2,0,1013,281,307,"ok"
2025,4,"2025_04_CIN_DEN","401772716",2,0,1174,347,377,"ok"
2025,4,"2025_04_CLE_DET","401772846",1,0,942,265,316,"ok"
2025,4,"2025_04_GB_DAL","401772921",2,0,1035,310,323,"ok"
2025,4,"2025_04_IND_LA","401772849",1,0,901,259,315,"ok"
2025,4,"2025_04_JAX_SF","401772848",1,0,978,278,315,"ok"
2025,4,"2025_04_LAC_NYG","401772737",2,0,1021,283,325,"ok"
2025,4,"2025_04_MIN_PIT","401772632",1,0,974,321,317,"ok"
2025,4,"2025_04_NO_BUF","401772740",2,0,1061,304,351,"ok"
2025,4,"2025_04_NYJ_MIA","401772813",2,0,1052,325,344,"ok"
2025,4,"2025_04_PHI_TB","401772845",2,0,1020,289,333,"ok"
2025,4,"2025_04_SEA_ARI","401772938",2,0,1039,322,321,"ok"
2025,4,"2025_04_TEN_HOU","401772738",1,0,979,287,296,"ok"
2025,4,"2025_04_WAS_ATL","401772739",2,0,1003,284,352,"ok"
2025,5,"2025_05_DAL_NYJ","401772850",2,0,1012,279,343,"ok"
2025,5,"2025_05_DEN_PHI","401772745",2,0,1064,301,330,"ok"
2025,5,"2025_05_DET_CIN","401772854",2,0,1084,286,347,"ok"
2025,5,"2025_05_HOU_BAL","401772743",2,0,1040,294,341,"ok"
2025,5,"2025_05_KC_JAX","401772814",2,0,1158,357,373,"ok"
2025,5,"2025_05_LV_IND","401772851",1,0,945,258,312,"ok"
2025,5,"2025_05_MIA_CAR","401772852",2,0,1042,285,355,"ok"
2025,5,"2025_05_MIN_CLE","401772633",2,0,1024,317,333,"ok"
2025,5,"2025_05_NE_BUF","401772922",2,0,1214,347,412,"ok"
2025,5,"2025_05_NYG_NO","401772744",1,0,981,286,316,"ok"
2025,5,"2025_05_SF_LA","401772939",2,0,1213,364,390,"ok"
2025,5,"2025_05_TB_SEA","401772746",2,0,1111,307,365,"ok"
2025,5,"2025_05_TEN_ARI","401772747",2,0,1029,292,340,"ok"
2025,5,"2025_05_WAS_LAC","401772853",2,0,1070,286,371,"ok"
2025,6,"2025_06_ARI_IND","401772856",1,0,901,253,307,"ok"
2025,6,"2025_06_BUF_ATL","401772815",2,0,1173,334,389,"ok"
2025,6,"2025_06_CHI_WAS","401772717",2,0,1124,334,393,"ok"
2025,6,"2025_06_CIN_GB","401772752",1,0,983,281,322,"ok"
2025,6,"2025_06_CLE_PIT","401772748",2,0,1027,299,329,"ok"
2025,6,"2025_06_DAL_CAR","401772858",2,0,1055,276,338,"ok"
2025,6,"2025_06_DEN_NYJ","401772634",2,0,1138,328,375,"ok"
2025,6,"2025_06_DET_KC","401772923",2,0,1200,347,385,"ok"
2025,6,"2025_06_LA_BAL","401772855",2,0,1007,282,332,"ok"
2025,6,"2025_06_LAC_MIA","401772750",2,0,1014,287,306,"ok"
2025,6,"2025_06_NE_NO","401772751",2,0,1166,306,387,"ok"
2025,6,"2025_06_PHI_NYG","401772940",2,0,1069,330,334,"ok"
2025,6,"2025_06_SEA_JAX","401772857",2,0,1127,310,368,"ok"
2025,6,"2025_06_SF_TB","401772749",2,0,1009,266,353,"ok"
2025,6,"2025_06_TEN_LV","401772859",1,0,998,297,320,"ok"
2025,7,"2025_07_ATL_SF","401772924",2,0,1120,323,366,"ok"
2025,7,"2025_07_CAR_NYJ","401772860",2,0,1057,304,358,"ok"
2025,7,"2025_07_GB_ARI","401772863",1,0,915,271,279,"ok"
2025,7,"2025_07_HOU_SEA","401772826",2,0,1105,314,367,"ok"
2025,7,"2025_07_IND_LAC","401772756",1,0,902,250,324,"ok"
2025,7,"2025_07_LA_JAX","401772635",2,0,1069,320,350,"ok"
2025,7,"2025_07_LV_KC","401772753",1,0,977,291,326,"ok"
2025,7,"2025_07_MIA_CLE","401772754",1,0,914,274,310,"ok"
2025,7,"2025_07_NE_TEN","401772755",2,0,1093,306,369,"ok"
2025,7,"2025_07_NO_CHI","401772861",2,0,1096,307,381,"ok"
2025,7,"2025_07_NYG_DEN","401772757",2,0,1006,310,316,"ok"
2025,7,"2025_07_PHI_MIN","401772862",1,0,977,283,322,"ok"
2025,7,"2025_07_PIT_CIN","401772941",2,0,1103,325,365,"ok"
2025,7,"2025_07_TB_DET","401772816",2,0,1151,333,363,"ok"
2025,7,"2025_07_WAS_DAL","401772864",2,0,1076,294,354,"ok"
2025,8,"2025_08_BUF_CAR","401772865",2,0,1069,288,349,"ok"
2025,8,"2025_08_CHI_BAL","401772759",2,0,1022,281,377,"ok"
2025,8,"2025_08_CLE_NE","401772868",2,0,1004,286,346,"ok"
2025,8,"2025_08_DAL_DEN","401772762",2,0,1065,294,358,"ok"
2025,8,"2025_08_GB_PIT","401772925",2,0,1086,329,379,"ok"
2025,8,"2025_08_MIA_ATL","401772760",1,0,949,266,313,"ok"
2025,8,"2025_08_MIN_LAC","401772942",2,0,1072,319,370,"ok"
2025,8,"2025_08_NYG_PHI","401772867",1,0,888,266,270,"ok"
2025,8,"2025_08_NYJ_CIN","401772758",1,0,965,280,325,"ok"
2025,8,"2025_08_SF_HOU","401772866",1,0,981,276,328,"ok"
2025,8,"2025_08_TB_NO","401772869",2,0,1001,271,340,"ok"
2025,8,"2025_08_TEN_IND","401772761",1,0,979,270,352,"ok"
2025,8,"2025_08_WAS_KC","401772817",2,0,1119,323,426,"ok"
2025,9,"2025_09_ARI_DAL","401772818",1,0,941,290,334,"ok"
2025,9,"2025_09_ATL_NE","401772763",2,0,1109,302,371,"ok"
2025,9,"2025_09_BAL_MIA","401772943",2,0,1081,319,390,"ok"
2025,9,"2025_09_CAR_GB","401772872",2,0,1108,300,371,"ok"
2025,9,"2025_09_CHI_CIN","401772765",2,0,1144,306,379,"ok"
2025,9,"2025_09_DEN_HOU","401772870",2,0,1122,306,389,"ok"
2025,9,"2025_09_IND_PIT","401772766",1,0,998,284,368,"ok"
2025,9,"2025_09_JAX_LV","401772873",2,0,1050,279,332,"ok"
2025,9,"2025_09_KC_BUF","401772768",2,0,1068,346,378,"ok"
2025,9,"2025_09_LAC_TEN","401772764",2,0,1082,296,373,"ok"
2025,9,"2025_09_MIN_DET","401772871",2,0,1058,298,348,"ok"
2025,9,"2025_09_NO_LA","401772874",1,0,930,266,299,"ok"
2025,9,"2025_09_SEA_WAS","401772926",2,0,1036,299,357,"ok"
2025,9,"2025_09_SF_NYG","401772767",1,0,985,280,306,"ok"
2025,10,"2025_10_ARI_SEA","401772773",2,0,1097,302,349,"ok"
2025,10,"2025_10_ATL_IND","401772636",1,0,974,283,326,"ok"
2025,10,"2025_10_BAL_MIN","401772876",2,0,1060,299,345,"ok"
2025,10,"2025_10_BUF_MIA","401772771",2,0,1002,281,327,"ok"
2025,10,"2025_10_CLE_NYJ","401772769",1,0,984,291,337,"ok"
2025,10,"2025_10_DET_WAS","401772878",2,0,1015,282,328,"ok"
2025,10,"2025_10_JAX_HOU","401772770",2,0,1046,296,326,"ok"
2025,10,"2025_10_LA_SF","401772879",2,0,1029,281,353,"ok"
2025,10,"2025_10_LV_DEN","401772944",2,0,1141,340,372,"ok"
2025,10,"2025_10_NE_TB","401772772",2,0,1139,307,376,"ok"
2025,10,"2025_10_NO_CAR","401772877",2,0,1003,277,322,"ok"
2025,10,"2025_10_NYG_CHI","401772875",2,0,1058,290,355,"ok"
2025,10,"2025_10_PHI_GB","401772630",2,0,1080,322,323,"ok"
2025,10,"2025_10_PIT_LAC","401772927",2,0,1201,346,409,"ok"
2025,11,"2025_11_BAL_CLE","401772777",1,0,963,290,324,"ok"
2025,11,"2025_11_CAR_ATL","401772882",1,0,968,286,314,"ok"
2025,11,"2025_11_CHI_MIN","401772880",2,0,1154,308,381,"ok"
2025,11,"2025_11_CIN_PIT","401772774",2,0,1079,306,351,"ok"
2025,11,"2025_11_DAL_LV","401772819",2,0,1069,317,340,"ok"
2025,11,"2025_11_DET_PHI","401772928",2,0,1130,336,354,"ok"
2025,11,"2025_11_GB_NYG","401772883",1,0,905,260,273,"ok"
2025,11,"2025_11_HOU_TEN","401772881",2,0,1066,317,336,"ok"
2025,11,"2025_11_KC_DEN","401772778",2,0,1078,328,338,"ok"
2025,11,"2025_11_LAC_JAX","401772775",2,0,1091,296,342,"ok"
2025,11,"2025_11_NYJ_NE","401772945",2,0,1077,318,363,"ok"
2025,11,"2025_11_SEA_LA","401772884",2,0,1100,305,365,"ok"
2025,11,"2025_11_SF_ARI","401772885",1,0,880,254,273,"ok"
2025,11,"2025_11_TB_BUF","401772776",2,0,1077,315,329,"ok"
2025,11,"2025_11_WAS_MIA","401772631",2,0,1054,317,344,"ok"
2025,12,"2025_12_ATL_NO","401772889",1,0,883,250,276,"ok"
2025,12,"2025_12_BUF_HOU","401772946",2,0,1146,350,343,"ok"
2025,12,"2025_12_CAR_SF","401772820",2,0,1076,321,346,"ok"
2025,12,"2025_12_CLE_LV","401772784",1,0,927,280,295,"ok"
2025,12,"2025_12_IND_KC","401772779",1,0,947,267,336,"ok"
2025,12,"2025_12_JAX_ARI","401772783",2,0,1024,276,322,"ok"
2025,12,"2025_12_MIN_GB","401772887",1,0,990,285,308,"ok"
2025,12,"2025_12_NE_CIN","401772781",2,0,1192,325,396,"ok"
2025,12,"2025_12_NYG_DET","401772888",2,0,1054,297,324,"ok"
2025,12,"2025_12_NYJ_BAL","401772782",1,0,961,284,328,"ok"
2025,12,"2025_12_PHI_DAL","401772890",2,0,1015,288,318,"ok"
2025,12,"2025_12_PIT_CHI","401772780",2,0,1107,312,387,"ok"
2025,12,"2025_12_SEA_TEN","401772886",2,0,1105,313,367,"ok"
2025,12,"2025_12_TB_LA","401772929",2,0,1185,326,393,"ok"
2025,13,"2025_13_ARI_TB","401772895",2,0,1114,303,377,"ok"
2025,13,"2025_13_ATL_NYJ","401772893",1,0,972,285,292,"ok"
2025,13,"2025_13_BUF_PIT","401772789",2,0,1148,326,370,"ok"
2025,13,"2025_13_CHI_PHI","401772621",2,0,1115,336,360,"ok"
2025,13,"2025_13_CIN_BAL","401772930",2,0,1156,353,393,"ok"
2025,13,"2025_13_DEN_WAS","401772931",2,0,1062,328,348,"ok"
2025,13,"2025_13_GB_DET","401772891",2,0,1053,314,329,"ok"
2025,13,"2025_13_HOU_IND","401772787",1,0,949,257,329,"ok"
2025,13,"2025_13_JAX_TEN","401772786",1,0,994,273,350,"ok"
2025,13,"2025_13_KC_DAL","401772694",2,0,1105,335,372,"ok"
2025,13,"2025_13_LA_CAR","401772894",2,0,1039,288,349,"ok"
2025,13,"2025_13_LV_LAC","401772788",1,0,1000,281,321,"ok"
2025,13,"2025_13_MIN_SEA","401772896",2,0,1035,290,354,"ok"
2025,13,"2025_13_NO_MIA","401772892",1,0,927,265,333,"ok"
2025,13,"2025_13_NYG_NE","401772821",2,0,1034,288,346,"ok"
2025,13,"2025_13_SF_CLE","401772785",1,0,962,273,308,"ok"
