"market","season","rows","priced_rows","priced_share"
"Total Receiving Yards (incl. overtime)",2024,20532,4330,0.2109
"Total Receptions (incl. overtime)",2024,18574,5074,0.2732
"Anytime Touchdown Scorer",2024,12229,7,6e-04
"1st Half Touchdown Scorer",2024,11285,0,0
"1st Quarter Touchdown Scorer",2024,11024,0,0
"Total Rushing Yards (incl. overtime)",2024,8777,1864,0.2124
"Total Rushing Plus Receiving Yards (incl. overtime)",2024,7579,4058,0.5354
"Longest Reception (incl. overtime)",2024,6544,5404,0.8258
"First Touchdown Scorer",2024,6123,6123,1
"Last Touchdown Scorer",2024,5856,5856,1
"Total Tackles Plus Assists (incl. overtime)",2024,4510,4510,1
"Total Passing Yards (incl. overtime)",2024,3689,1036,0.2808
"Total Passing Attempts (incl. overtime)",2024,3426,860,0.251
"Total Pass Completions (incl. overtime)",2024,3340,870,0.2605
"Total Passing Touchdowns (incl. overtime)",2024,3158,880,0.2787
"Total Passing Plus Rushing Yards (incl. overtime)",2024,2956,948,0.3207
"Longest Passing Completion (incl. overtime)",2024,2921,886,0.3033
"Total Sacks (incl. overtime)",2024,2718,2717,0.9996
"Total Defensive Interceptions",2024,2190,2190,1
"Longest Rush (incl. overtime)",2024,2174,2174,1
"Total Carries (incl. overtime)",2024,2084,2084,1
"Passing + Rushing Touchdowns",2024,1764,0,0
"1st Half Passing Touchdowns",2024,1590,0,0
"1st Quarter Passing Touchdowns",2024,1425,0,0
"To throw an interception (incl. overtime)",2024,960,960,1
"Total Extra Points Made (incl. overtime)",2024,936,936,1
"Total Kicking Points (incl. overtime)",2024,836,836,1
"Total Field Goals Made (incl. overtime)",2024,466,466,1
"1st Half Moneyline",2024,96,0,0
"1st Half Spread",2024,96,0,0
"1st Quarter Moneyline",2024,96,0,0
"To record a sack (incl. overtime)",2024,74,74,1
"1st Quarter Spread",2024,72,0,0
"Total Receiving Yards (incl. overtime)",2025,23309,4240,0.1819
"Longest Reception (incl. overtime)",2025,18556,4084,0.2201
"Total Receptions (incl. overtime)",2025,16007,4182,0.2613
"Anytime Touchdown Scorer",2025,14437,588,0.0407
"Total Rushing Yards (incl. overtime)",2025,13428,2152,0.1603
"1st Half Total Receiving Yards",2025,10136,1827,0.1802
"Football Team Prop",2025,10065,2595,0.2578
"Longest Rush (incl. overtime)",2025,7886,2004,0.2541
"Total Rushing Plus Receiving Yards (incl. overtime)",2025,7313,1012,0.1384
"1st Half Total Rushing Yards",2025,5826,848,0.1456
"1st Quarter Total Receiving Yards",2025,5179,924,0.1784
"Total Carries (incl. overtime)",2025,5070,1398,0.2757
"First Touchdown Scorer",2025,4639,4639,1
"1st Quarter Total Rushing Yards",2025,4365,888,0.2034
"Last Touchdown Scorer",2025,4255,4255,1
"Total Passing Yards (incl. overtime)",2025,3974,752,0.1892
"Longest Passing Completion (incl. overtime)",2025,3648,750,0.2056
"Total Passing Plus Rushing Yards (incl. overtime)",2025,3619,680,0.1879
"Total Pass Completions (incl. overtime)",2025,3119,752,0.2411
"Football Player Prop",2025,3105,1948,0.6274
"1st Half Total Passing Yards",2025,2773,670,0.2416
"Total Passing Attempts (incl. overtime)",2025,2657,750,0.2823
"Total Tackles (incl. overtime)",2025,2589,2438,0.9417
"Total Tackles Plus Assists (incl. overtime)",2025,2476,2276,0.9192
"Total Passing Touchdowns (incl. overtime)",2025,2319,758,0.3269
"Total Sacks (incl. overtime)",2025,2206,2050,0.9293
"Total Kicking Points (incl. overtime)",2025,2146,748,0.3486
"Total Field Goals Made (incl. overtime)",2025,2112,748,0.3542
"1st Quarter Total Passing Yards",2025,1897,678,0.3574
"Team Total Points",2025,1640,1640,1
"Total Passing Interceptions (incl. overtime)",2025,1599,752,0.4703
"Total Extra Points Made (incl. overtime)",2025,1517,748,0.4931
"Football Game Prop",2025,1452,1340,0.9229
"Total Defensive Interceptions",2025,1209,0,0
"1st Half Spread",2025,792,0,0
"Team 1st Half Total Points",2025,718,718,1
"1st Half Total",2025,632,632,1
"1st Half Moneyline",2025,388,0,0
"1st Quarter Moneyline",2025,388,0,0
"1st Quarter Spread",2025,384,0,0
"1st Quarter Total",2025,384,384,1
"Will There Be Overtime?",2025,324,162,0.5
"2nd Quarter Total",2025,178,178,1
"2nd Quarter Moneyline",2025,176,0,0
"2nd Quarter Spread",2025,176,0,0
"3rd Quarter Total",2025,172,172,1
"3rd Quarter Spread",2025,170,0,0
"3rd Quarter Moneyline",2025,166,0,0
"4th Quarter Spread",2025,160,0,0
"4th Quarter Moneyline",2025,144,0,0
"1st Quarter Total Passing Touchdowns",2025,24,12,0.5
"1st Half Total Receptions",2025,22,6,0.2727
"First Team Touchdown Scorer",2025,2,2,1
