"season","week","game_id","espn_event","request_ok","provider_id","provider_name","has_open","has_close","has_open_moneyline","has_close_moneyline","has_current_moneyline","has_open_total","has_close_total"
2018,1,"2018_01_CIN_IND","401030717",TRUE,"2000","Bet 365",FALSE,FALSE,FALSE,FALSE,FALSE,FALSE,FALSE
2018,1,"2018_01_CIN_IND","401030717",TRUE,"35","CG Technology",FALSE,FALSE,FALSE,FALSE,TRUE,FALSE,FALSE
2018,1,"2018_01_CIN_IND","401030717",TRUE,"28","Caesar's",FALSE,FALSE,FALSE,FALSE,TRUE,FALSE,FALSE
2018,1,"2018_01_CIN_IND","401030717",TRUE,"38","Caesars",FALSE,FALSE,FALSE,FALSE,TRUE,FALSE,FALSE
2018,1,"2018_01_CIN_IND","401030717",TRUE,"31","Caesars Sportsbook",FALSE,FALSE,FALSE,FALSE,TRUE,FALSE,FALSE
2018,1,"2018_01_CIN_IND","401030717",TRUE,"36","Unibet",FALSE,FALSE,FALSE,FALSE,TRUE,FALSE,FALSE
2018,1,"2018_01_CIN_IND","401030717",TRUE,"25","Westgate",FALSE,FALSE,FALSE,FALSE,TRUE,FALSE,FALSE
2018,1,"2018_01_CIN_IND","401030717",TRUE,"32","Wynn",FALSE,FALSE,FALSE,FALSE,TRUE,FALSE,FALSE
2018,1,"2018_01_CIN_IND","401030717",TRUE,"1001","accuscore",FALSE,FALSE,FALSE,FALSE,TRUE,FALSE,FALSE
2018,1,"2018_01_CIN_IND","401030717",TRUE,"1004","consensus",FALSE,FALSE,FALSE,FALSE,TRUE,FALSE,FALSE
2018,1,"2018_01_CIN_IND","401030717",TRUE,"1003","numberfire",FALSE,FALSE,FALSE,FALSE,TRUE,FALSE,FALSE
2018,1,"2018_01_CIN_IND","401030717",TRUE,"1002","teamrankings",FALSE,FALSE,FALSE,FALSE,TRUE,FALSE,FALSE
2018,5,"2018_05_GB_DET","401030745",TRUE,"2000","Bet 365",FALSE,FALSE,FALSE,FALSE,FALSE,FALSE,FALSE
2018,5,"2018_05_GB_DET","401030745",TRUE,"28","Caesar's",FALSE,FALSE,FALSE,FALSE,TRUE,FALSE,FALSE
2018,5,"2018_05_GB_DET","401030745",TRUE,"38","Caesars",FALSE,FALSE,FALSE,FALSE,TRUE,FALSE,FALSE
2018,5,"2018_05_GB_DET","401030745",TRUE,"31","Caesars Sportsbook",FALSE,FALSE,FALSE,FALSE,TRUE,FALSE,FALSE
2018,5,"2018_05_GB_DET","401030745",TRUE,"36","Unibet",FALSE,FALSE,FALSE,FALSE,TRUE,FALSE,FALSE
2018,5,"2018_05_GB_DET","401030745",TRUE,"25","Westgate",FALSE,FALSE,FALSE,FALSE,TRUE,FALSE,FALSE
2018,5,"2018_05_GB_DET","401030745",TRUE,"32","Wynn",FALSE,FALSE,FALSE,FALSE,TRUE,FALSE,FALSE
2018,5,"2018_05_GB_DET","401030745",TRUE,"1001","accuscore",FALSE,FALSE,FALSE,FALSE,TRUE,FALSE,FALSE
2018,5,"2018_05_GB_DET","401030745",TRUE,"1004","consensus",FALSE,FALSE,FALSE,FALSE,TRUE,FALSE,FALSE
2018,5,"2018_05_GB_DET","401030745",TRUE,"1003","numberfire",FALSE,FALSE,FALSE,FALSE,TRUE,FALSE,FALSE
2018,5,"2018_05_GB_DET","401030745",TRUE,"1002","teamrankings",FALSE,FALSE,FALSE,FALSE,TRUE,FALSE,FALSE
2018,10,"2018_10_NE_TEN","401030821",TRUE,"2000","Bet 365",FALSE,FALSE,FALSE,FALSE,FALSE,FALSE,FALSE
2018,10,"2018_10_NE_TEN","401030821",TRUE,"28","Caesar's",FALSE,FALSE,FALSE,FALSE,TRUE,FALSE,FALSE
2018,10,"2018_10_NE_TEN","401030821",TRUE,"38","Caesars",FALSE,FALSE,FALSE,FALSE,TRUE,FALSE,FALSE
2018,10,"2018_10_NE_TEN","401030821",TRUE,"31","Caesars Sportsbook",FALSE,FALSE,FALSE,FALSE,TRUE,FALSE,FALSE
2018,10,"2018_10_NE_TEN","401030821",TRUE,"36","Unibet",FALSE,FALSE,FALSE,FALSE,TRUE,FALSE,FALSE
2018,10,"2018_10_NE_TEN","401030821",TRUE,"25","Westgate",FALSE,FALSE,FALSE,FALSE,TRUE,FALSE,FALSE
2018,10,"2018_10_NE_TEN","401030821",TRUE,"32","Wynn",FALSE,FALSE,FALSE,FALSE,TRUE,FALSE,FALSE
2018,10,"2018_10_NE_TEN","401030821",TRUE,"1001","accuscore",FALSE,FALSE,FALSE,FALSE,TRUE,FALSE,FALSE
2018,10,"2018_10_NE_TEN","401030821",TRUE,"1004","consensus",FALSE,FALSE,FALSE,FALSE,TRUE,FALSE,FALSE
2018,10,"2018_10_NE_TEN","401030821",TRUE,"1003","numberfire",FALSE,FALSE,FALSE,FALSE,TRUE,FALSE,FALSE
2018,10,"2018_10_NE_TEN","401030821",TRUE,"1002","teamrankings",FALSE,FALSE,FALSE,FALSE,TRUE,FALSE,FALSE
2018,15,"2018_15_NO_CAR","401030967",TRUE,"2000","Bet 365",FALSE,FALSE,FALSE,FALSE,FALSE,FALSE,FALSE
2018,15,"2018_15_NO_CAR","401030967",TRUE,"28","Caesar's",FALSE,FALSE,FALSE,FALSE,TRUE,FALSE,FALSE
2018,15,"2018_15_NO_CAR","401030967",TRUE,"38","Caesars",FALSE,FALSE,FALSE,FALSE,TRUE,FALSE,FALSE
2018,15,"2018_15_NO_CAR","401030967",TRUE,"31","Caesars Sportsbook",FALSE,FALSE,FALSE,FALSE,TRUE,FALSE,FALSE
2018,15,"2018_15_NO_CAR","401030967",TRUE,"36","Unibet",FALSE,FALSE,FALSE,FALSE,TRUE,FALSE,FALSE
2018,15,"2018_15_NO_CAR","401030967",TRUE,"25","Westgate",FALSE,FALSE,FALSE,FALSE,TRUE,FALSE,FALSE
2018,15,"2018_15_NO_CAR","401030967",TRUE,"32","Wynn",FALSE,FALSE,FALSE,FALSE,TRUE,FALSE,FALSE
2018,15,"2018_15_NO_CAR","401030967",TRUE,"1001","accuscore",FALSE,FALSE,FALSE,FALSE,TRUE,FALSE,FALSE
2018,15,"2018_15_NO_CAR","401030967",TRUE,"1004","consensus",FALSE,FALSE,FALSE,FALSE,TRUE,FALSE,FALSE
2018,15,"2018_15_NO_CAR","401030967",TRUE,"1003","numberfire",FALSE,FALSE,FALSE,FALSE,TRUE,FALSE,FALSE
2018,15,"2018_15_NO_CAR","401030967",TRUE,"1002","teamrankings",FALSE,FALSE,FALSE,FALSE,TRUE,FALSE,FALSE
2018,16,"2018_16_GB_NYJ","401030870",TRUE,"2000","Bet 365",FALSE,FALSE,FALSE,FALSE,FALSE,FALSE,FALSE
2018,16,"2018_16_GB_NYJ","401030870",TRUE,"28","Caesar's",FALSE,FALSE,FALSE,FALSE,TRUE,FALSE,FALSE
2018,16,"2018_16_GB_NYJ","401030870",TRUE,"38","Caesars",FALSE,FALSE,FALSE,FALSE,TRUE,FALSE,FALSE
2018,16,"2018_16_GB_NYJ","401030870",TRUE,"31","Caesars Sportsbook",FALSE,FALSE,FALSE,FALSE,TRUE,FALSE,FALSE
2018,16,"2018_16_GB_NYJ","401030870",TRUE,"36","Unibet",FALSE,FALSE,FALSE,FALSE,TRUE,FALSE,FALSE
2018,16,"2018_16_GB_NYJ","401030870",TRUE,"25","Westgate",FALSE,FALSE,FALSE,FALSE,TRUE,FALSE,FALSE
2018,16,"2018_16_GB_NYJ","401030870",TRUE,"32","Wynn",FALSE,FALSE,FALSE,FALSE,TRUE,FALSE,FALSE
2018,16,"2018_16_GB_NYJ","401030870",TRUE,"1001","accuscore",FALSE,FALSE,FALSE,FALSE,TRUE,FALSE,FALSE
2018,16,"2018_16_GB_NYJ","401030870",TRUE,"1004","consensus",FALSE,FALSE,FALSE,FALSE,TRUE,FALSE,FALSE
2018,16,"2018_16_GB_NYJ","401030870",TRUE,"1003","numberfire",FALSE,FALSE,FALSE,FALSE,TRUE,FALSE,FALSE
2018,16,"2018_16_GB_NYJ","401030870",TRUE,"1002","teamrankings",FALSE,FALSE,FALSE,FALSE,TRUE,FALSE,FALSE
2019,2,"2019_02_NE_MIA","401127862",TRUE,"2000","Bet 365",FALSE,FALSE,FALSE,FALSE,FALSE,FALSE,FALSE
2019,2,"2019_02_NE_MIA","401127862",TRUE,"37","Betradar",FALSE,FALSE,FALSE,FALSE,TRUE,FALSE,FALSE
2019,2,"2019_02_NE_MIA","401127862",TRUE,"38","Caesars",FALSE,FALSE,FALSE,FALSE,TRUE,FALSE,FALSE
2019,2,"2019_02_NE_MIA","401127862",TRUE,"31","Caesars Sportsbook",FALSE,FALSE,FALSE,FALSE,TRUE,FALSE,FALSE
2019,2,"2019_02_NE_MIA","401127862",TRUE,"40","DraftKings",FALSE,FALSE,FALSE,FALSE,TRUE,FALSE,FALSE
2019,2,"2019_02_NE_MIA","401127862",TRUE,"41","SugarHouse",FALSE,FALSE,FALSE,FALSE,TRUE,FALSE,FALSE
2019,2,"2019_02_NE_MIA","401127862",TRUE,"36","Unibet",FALSE,FALSE,FALSE,FALSE,TRUE,FALSE,FALSE
2019,2,"2019_02_NE_MIA","401127862",TRUE,"25","Westgate",FALSE,FALSE,FALSE,FALSE,TRUE,FALSE,FALSE
2019,2,"2019_02_NE_MIA","401127862",TRUE,"32","Wynn",FALSE,FALSE,FALSE,FALSE,TRUE,FALSE,FALSE
2019,2,"2019_02_NE_MIA","401127862",TRUE,"1001","accuscore",FALSE,FALSE,FALSE,FALSE,TRUE,FALSE,FALSE
2019,2,"2019_02_NE_MIA","401127862",TRUE,"1004","consensus",FALSE,FALSE,FALSE,FALSE,TRUE,FALSE,FALSE
2019,2,"2019_02_NE_MIA","401127862",TRUE,"1003","numberfire",FALSE,FALSE,FALSE,FALSE,TRUE,FALSE,FALSE
2019,2,"2019_02_NE_MIA","401127862",TRUE,"1002","teamrankings",FALSE,FALSE,FALSE,FALSE,TRUE,FALSE,FALSE
2019,3,"2019_03_MIA_DAL","401127921",TRUE,"2000","Bet 365",FALSE,FALSE,FALSE,FALSE,FALSE,FALSE,FALSE
2019,3,"2019_03_MIA_DAL","401127921",TRUE,"37","Betradar",FALSE,FALSE,FALSE,FALSE,TRUE,FALSE,FALSE
2019,3,"2019_03_MIA_DAL","401127921",TRUE,"38","Caesars",FALSE,FALSE,FALSE,FALSE,TRUE,FALSE,FALSE
2019,3,"2019_03_MIA_DAL","401127921",TRUE,"31","Caesars Sportsbook",FALSE,FALSE,FALSE,FALSE,FALSE,FALSE,FALSE
2019,3,"2019_03_MIA_DAL","401127921",TRUE,"40","DraftKings",FALSE,FALSE,FALSE,FALSE,TRUE,FALSE,FALSE
2019,3,"2019_03_MIA_DAL","401127921",TRUE,"41","SugarHouse",FALSE,FALSE,FALSE,FALSE,TRUE,FALSE,FALSE
2019,3,"2019_03_MIA_DAL","401127921",TRUE,"36","Unibet",FALSE,FALSE,FALSE,FALSE,TRUE,FALSE,FALSE
2019,3,"2019_03_MIA_DAL","401127921",TRUE,"25","Westgate",FALSE,FALSE,FALSE,FALSE,TRUE,FALSE,FALSE
2019,3,"2019_03_MIA_DAL","401127921",TRUE,"32","Wynn",FALSE,FALSE,FALSE,FALSE,FALSE,FALSE,FALSE
2019,3,"2019_03_MIA_DAL","401127921",TRUE,"1001","accuscore",FALSE,FALSE,FALSE,FALSE,TRUE,FALSE,FALSE
2019,3,"2019_03_MIA_DAL","401127921",TRUE,"1004","consensus",FALSE,FALSE,FALSE,FALSE,TRUE,FALSE,FALSE
2019,3,"2019_03_MIA_DAL","401127921",TRUE,"1003","numberfire",FALSE,FALSE,FALSE,FALSE,TRUE,FALSE,FALSE
2019,3,"2019_03_MIA_DAL","401127921",TRUE,"1002","teamrankings",FALSE,FALSE,FALSE,FALSE,TRUE,FALSE,FALSE
2019,3,"2019_03_DEN_GB","401127925",TRUE,"2000","Bet 365",FALSE,FALSE,FALSE,FALSE,FALSE,FALSE,FALSE
2019,3,"2019_03_DEN_GB","401127925",TRUE,"37","Betradar",FALSE,FALSE,FALSE,FALSE,TRUE,FALSE,FALSE
2019,3,"2019_03_DEN_GB","401127925",TRUE,"38","Caesars",FALSE,FALSE,FALSE,FALSE,TRUE,FALSE,FALSE
2019,3,"2019_03_DEN_GB","401127925",TRUE,"31","Caesars Sportsbook",FALSE,FALSE,FALSE,FALSE,FALSE,FALSE,FALSE
2019,3,"2019_03_DEN_GB","401127925",TRUE,"40","DraftKings",FALSE,FALSE,FALSE,FALSE,TRUE,FALSE,FALSE
2019,3,"2019_03_DEN_GB","401127925",TRUE,"41","SugarHouse",FALSE,FALSE,FALSE,FALSE,TRUE,FALSE,FALSE
2019,3,"2019_03_DEN_GB","401127925",TRUE,"36","Unibet",FALSE,FALSE,FALSE,FALSE,TRUE,FALSE,FALSE
2019,3,"2019_03_DEN_GB","401127925",TRUE,"25","Westgate",FALSE,FALSE,FALSE,FALSE,TRUE,FALSE,FALSE
2019,3,"2019_03_DEN_GB","401127925",TRUE,"32","Wynn",FALSE,FALSE,FALSE,FALSE,TRUE,FALSE,FALSE
2019,3,"2019_03_DEN_GB","401127925",TRUE,"1001","accuscore",FALSE,FALSE,FALSE,FALSE,TRUE,FALSE,FALSE
2019,3,"2019_03_DEN_GB","401127925",TRUE,"1004","consensus",FALSE,FALSE,FALSE,FALSE,TRUE,FALSE,FALSE
2019,3,"2019_03_DEN_GB","401127925",TRUE,"1003","numberfire",FALSE,FALSE,FALSE,FALSE,TRUE,FALSE,FALSE
2019,3,"2019_03_DEN_GB","401127925",TRUE,"1002","teamrankings",FALSE,FALSE,FALSE,FALSE,TRUE,FALSE,FALSE
2019,9,"2019_09_MIN_KC","401128079",TRUE,"2000","Bet 365",FALSE,FALSE,FALSE,FALSE,FALSE,FALSE,FALSE
2019,9,"2019_09_MIN_KC","401128079",TRUE,"35","CG Technology",FALSE,FALSE,FALSE,FALSE,TRUE,FALSE,FALSE
2019,9,"2019_09_MIN_KC","401128079",TRUE,"38","Caesars",FALSE,FALSE,FALSE,FALSE,TRUE,FALSE,FALSE
2019,9,"2019_09_MIN_KC","401128079",TRUE,"31","Caesars Sportsbook",FALSE,FALSE,FALSE,FALSE,TRUE,FALSE,FALSE
2019,9,"2019_09_MIN_KC","401128079",TRUE,"40","DraftKings",FALSE,FALSE,FALSE,FALSE,TRUE,FALSE,FALSE
2019,9,"2019_09_MIN_KC","401128079",TRUE,"41","SugarHouse",FALSE,FALSE,FALSE,FALSE,TRUE,FALSE,FALSE
2019,9,"2019_09_MIN_KC","401128079",TRUE,"36","Unibet",FALSE,FALSE,FALSE,FALSE,TRUE,FALSE,FALSE
2019,9,"2019_09_MIN_KC","401128079",TRUE,"25","Westgate",FALSE,FALSE,FALSE,FALSE,TRUE,FALSE,FALSE
2019,9,"2019_09_MIN_KC","401128079",TRUE,"1001","accuscore",FALSE,FALSE,FALSE,FALSE,TRUE,FALSE,FALSE
2019,9,"2019_09_MIN_KC","401128079",TRUE,"1004","consensus",FALSE,FALSE,FALSE,FALSE,TRUE,FALSE,FALSE
2019,9,"2019_09_MIN_KC","401128079",TRUE,"1003","numberfire",FALSE,FALSE,FALSE,FALSE,TRUE,FALSE,FALSE
2019,9,"2019_09_MIN_KC","401128079",TRUE,"1002","teamrankings",FALSE,FALSE,FALSE,FALSE,TRUE,FALSE,FALSE
2019,15,"2019_15_NYJ_BAL","401128020",TRUE,"2000","Bet 365",FALSE,FALSE,FALSE,FALSE,FALSE,FALSE,FALSE
2019,15,"2019_15_NYJ_BAL","401128020",TRUE,"35","CG Technology",FALSE,FALSE,FALSE,FALSE,TRUE,FALSE,FALSE
2019,15,"2019_15_NYJ_BAL","401128020",TRUE,"38","Caesars",FALSE,FALSE,FALSE,FALSE,TRUE,FALSE,FALSE
2019,15,"2019_15_NYJ_BAL","401128020",TRUE,"31","Caesars Sportsbook",FALSE,FALSE,FALSE,FALSE,TRUE,FALSE,FALSE
2019,15,"2019_15_NYJ_BAL","401128020",TRUE,"40","DraftKings",FALSE,FALSE,FALSE,FALSE,TRUE,FALSE,FALSE
2019,15,"2019_15_NYJ_BAL","401128020",TRUE,"41","SugarHouse",FALSE,FALSE,FALSE,FALSE,TRUE,FALSE,FALSE
2019,15,"2019_15_NYJ_BAL","401128020",TRUE,"36","Unibet",FALSE,FALSE,FALSE,FALSE,TRUE,FALSE,FALSE
2019,15,"2019_15_NYJ_BAL","401128020",TRUE,"25","Westgate",FALSE,FALSE,FALSE,FALSE,TRUE,FALSE,FALSE
2019,15,"2019_15_NYJ_BAL","401128020",TRUE,"1001","accuscore",FALSE,FALSE,FALSE,FALSE,TRUE,FALSE,FALSE
2019,15,"2019_15_NYJ_BAL","401128020",TRUE,"1004","consensus",FALSE,FALSE,FALSE,FALSE,TRUE,FALSE,FALSE
2019,15,"2019_15_NYJ_BAL","401128020",TRUE,"1003","numberfire",FALSE,FALSE,FALSE,FALSE,TRUE,FALSE,FALSE
2019,15,"2019_15_NYJ_BAL","401128020",TRUE,"1002","teamrankings",FALSE,FALSE,FALSE,FALSE,TRUE,FALSE,FALSE
2020,1,"2020_01_SEA_ATL","401220313",TRUE,"2000","Bet 365",FALSE,FALSE,FALSE,FALSE,FALSE,FALSE,FALSE
2020,1,"2020_01_SEA_ATL","401220313",TRUE,"38","Caesars",FALSE,FALSE,FALSE,FALSE,TRUE,FALSE,FALSE
2020,1,"2020_01_SEA_ATL","401220313",TRUE,"31","Caesars Sportsbook",FALSE,FALSE,FALSE,FALSE,TRUE,FALSE,FALSE
2020,1,"2020_01_SEA_ATL","401220313",TRUE,"43","Caesars Sportsbook (Pennsylvania)",FALSE,FALSE,FALSE,FALSE,TRUE,FALSE,FALSE
2020,1,"2020_01_SEA_ATL","401220313",TRUE,"40","DraftKings",FALSE,FALSE,FALSE,FALSE,TRUE,FALSE,FALSE
2020,1,"2020_01_SEA_ATL","401220313",TRUE,"41","SugarHouse",FALSE,FALSE,FALSE,FALSE,TRUE,FALSE,FALSE
2020,1,"2020_01_SEA_ATL","401220313",TRUE,"36","Unibet",FALSE,FALSE,FALSE,FALSE,TRUE,FALSE,FALSE
2020,1,"2020_01_SEA_ATL","401220313",TRUE,"1001","accuscore",FALSE,FALSE,FALSE,FALSE,TRUE,FALSE,FALSE
2020,1,"2020_01_SEA_ATL","401220313",TRUE,"1004","consensus",FALSE,FALSE,FALSE,FALSE,TRUE,FALSE,FALSE
2020,1,"2020_01_SEA_ATL","401220313",TRUE,"1003","numberfire",FALSE,FALSE,FALSE,FALSE,TRUE,FALSE,FALSE
2020,1,"2020_01_SEA_ATL","401220313",TRUE,"1002","teamrankings",FALSE,FALSE,FALSE,FALSE,TRUE,FALSE,FALSE
2020,5,"2020_05_BUF_TEN","401220209",TRUE,"2000","Bet 365",FALSE,FALSE,FALSE,FALSE,FALSE,FALSE,FALSE
2020,5,"2020_05_BUF_TEN","401220209",TRUE,"38","Caesars",FALSE,FALSE,FALSE,FALSE,TRUE,FALSE,FALSE
2020,5,"2020_05_BUF_TEN","401220209",TRUE,"31","Caesars Sportsbook",FALSE,FALSE,FALSE,FALSE,TRUE,FALSE,FALSE
2020,5,"2020_05_BUF_TEN","401220209",TRUE,"45","Caesars Sportsbook (New Jersey)",FALSE,FALSE,FALSE,FALSE,TRUE,FALSE,FALSE
2020,5,"2020_05_BUF_TEN","401220209",TRUE,"43","Caesars Sportsbook (Pennsylvania)",FALSE,FALSE,FALSE,FALSE,TRUE,FALSE,FALSE
2020,5,"2020_05_BUF_TEN","401220209",TRUE,"40","DraftKings",FALSE,FALSE,FALSE,FALSE,TRUE,FALSE,FALSE
2020,5,"2020_05_BUF_TEN","401220209",TRUE,"36","Unibet",FALSE,FALSE,FALSE,FALSE,TRUE,FALSE,FALSE
2020,5,"2020_05_BUF_TEN","401220209",TRUE,"25","Westgate",FALSE,FALSE,FALSE,FALSE,TRUE,FALSE,FALSE
2020,5,"2020_05_BUF_TEN","401220209",TRUE,"1001","accuscore",FALSE,FALSE,FALSE,FALSE,TRUE,FALSE,FALSE
2020,5,"2020_05_BUF_TEN","401220209",TRUE,"1004","consensus",FALSE,FALSE,FALSE,FALSE,TRUE,FALSE,FALSE
2020,5,"2020_05_BUF_TEN","401220209",TRUE,"1003","numberfire",FALSE,FALSE,FALSE,FALSE,TRUE,FALSE,FALSE
2020,5,"2020_05_BUF_TEN","401220209",TRUE,"1002","teamrankings",FALSE,FALSE,FALSE,FALSE,TRUE,FALSE,FALSE
2020,13,"2020_13_CIN_MIA","401220129",TRUE,"2000","Bet 365",FALSE,FALSE,FALSE,FALSE,FALSE,FALSE,FALSE
2020,13,"2020_13_CIN_MIA","401220129",TRUE,"38","Caesars",FALSE,FALSE,FALSE,FALSE,TRUE,FALSE,FALSE
2020,13,"2020_13_CIN_MIA","401220129",TRUE,"31","Caesars Sportsbook",FALSE,FALSE,FALSE,FALSE,FALSE,FALSE,FALSE
2020,13,"2020_13_CIN_MIA","401220129",TRUE,"45","Caesars Sportsbook (New Jersey)",FALSE,FALSE,FALSE,FALSE,TRUE,FALSE,FALSE
2020,13,"2020_13_CIN_MIA","401220129",TRUE,"43","Caesars Sportsbook (Pennsylvania)",FALSE,FALSE,FALSE,FALSE,TRUE,FALSE,FALSE
2020,13,"2020_13_CIN_MIA","401220129",TRUE,"40","DraftKings",FALSE,FALSE,FALSE,FALSE,TRUE,FALSE,FALSE
2020,13,"2020_13_CIN_MIA","401220129",TRUE,"36","Unibet",FALSE,FALSE,FALSE,FALSE,TRUE,FALSE,FALSE
2020,13,"2020_13_CIN_MIA","401220129",TRUE,"25","Westgate",FALSE,FALSE,FALSE,FALSE,TRUE,FALSE,FALSE
2020,13,"2020_13_CIN_MIA","401220129",TRUE,"1001","accuscore",FALSE,FALSE,FALSE,FALSE,TRUE,FALSE,FALSE
2020,13,"2020_13_CIN_MIA","401220129",TRUE,"1004","consensus",FALSE,FALSE,FALSE,FALSE,TRUE,FALSE,FALSE
2020,13,"2020_13_CIN_MIA","401220129",TRUE,"1003","numberfire",FALSE,FALSE,FALSE,FALSE,TRUE,FALSE,FALSE
2020,13,"2020_13_CIN_MIA","401220129",TRUE,"1002","teamrankings",FALSE,FALSE,FALSE,FALSE,TRUE,FALSE,FALSE
2020,13,"2020_13_LV_NYJ","401220142",TRUE,"38","Caesars",FALSE,FALSE,FALSE,FALSE,TRUE,FALSE,FALSE
2020,13,"2020_13_LV_NYJ","401220142",TRUE,"31","Caesars Sportsbook",FALSE,FALSE,FALSE,FALSE,FALSE,FALSE,FALSE
2020,13,"2020_13_LV_NYJ","401220142",TRUE,"45","Caesars Sportsbook (New Jersey)",FALSE,FALSE,FALSE,FALSE,TRUE,FALSE,FALSE
2020,13,"2020_13_LV_NYJ","401220142",TRUE,"43","Caesars Sportsbook (Pennsylvania)",FALSE,FALSE,FALSE,FALSE,TRUE,FALSE,FALSE
2020,13,"2020_13_LV_NYJ","401220142",TRUE,"36","Unibet",FALSE,FALSE,FALSE,FALSE,TRUE,FALSE,FALSE
2020,13,"2020_13_LV_NYJ","401220142",TRUE,"25","Westgate",FALSE,FALSE,FALSE,FALSE,TRUE,FALSE,FALSE
2020,13,"2020_13_LV_NYJ","401220142",TRUE,"1001","accuscore",FALSE,FALSE,FALSE,FALSE,TRUE,FALSE,FALSE
2020,13,"2020_13_LV_NYJ","401220142",TRUE,"1004","consensus",FALSE,FALSE,FALSE,FALSE,TRUE,FALSE,FALSE
2020,13,"2020_13_LV_NYJ","401220142",TRUE,"1003","numberfire",FALSE,FALSE,FALSE,FALSE,TRUE,FALSE,FALSE
2020,13,"2020_13_LV_NYJ","401220142",TRUE,"1002","teamrankings",FALSE,FALSE,FALSE,FALSE,TRUE,FALSE,FALSE
2020,15,"2020_15_BUF_DEN","401220213",TRUE,"2000","Bet 365",FALSE,FALSE,FALSE,FALSE,FALSE,FALSE,FALSE
2020,15,"2020_15_BUF_DEN","401220213",TRUE,"38","Caesars",FALSE,FALSE,FALSE,FALSE,TRUE,FALSE,FALSE
2020,15,"2020_15_BUF_DEN","401220213",TRUE,"31","Caesars Sportsbook",FALSE,FALSE,FALSE,FALSE,TRUE,FALSE,FALSE
2020,15,"2020_15_BUF_DEN","401220213",TRUE,"45","Caesars Sportsbook (New Jersey)",FALSE,FALSE,FALSE,FALSE,TRUE,FALSE,FALSE
2020,15,"2020_15_BUF_DEN","401220213",TRUE,"43","Caesars Sportsbook (Pennsylvania)",FALSE,FALSE,FALSE,FALSE,TRUE,FALSE,FALSE
2020,15,"2020_15_BUF_DEN","401220213",TRUE,"40","DraftKings",FALSE,FALSE,FALSE,FALSE,TRUE,FALSE,FALSE
2020,15,"2020_15_BUF_DEN","401220213",TRUE,"36","Unibet",FALSE,FALSE,FALSE,FALSE,TRUE,FALSE,FALSE
2020,15,"2020_15_BUF_DEN","401220213",TRUE,"25","Westgate",FALSE,FALSE,FALSE,FALSE,TRUE,FALSE,FALSE
2020,15,"2020_15_BUF_DEN","401220213",TRUE,"1001","accuscore",FALSE,FALSE,FALSE,FALSE,TRUE,FALSE,FALSE
2020,15,"2020_15_BUF_DEN","401220213",TRUE,"1004","consensus",FALSE,FALSE,FALSE,FALSE,TRUE,FALSE,FALSE
2020,15,"2020_15_BUF_DEN","401220213",TRUE,"1003","numberfire",FALSE,FALSE,FALSE,FALSE,TRUE,FALSE,FALSE
2020,15,"2020_15_BUF_DEN","401220213",TRUE,"1002","teamrankings",FALSE,FALSE,FALSE,FALSE,TRUE,FALSE,FALSE
2021,5,"2021_05_LA_SEA","401326395",TRUE,"2000","Bet 365",FALSE,FALSE,FALSE,FALSE,FALSE,FALSE,FALSE
2021,5,"2021_05_LA_SEA","401326395",TRUE,"52","Caesars Sportsbook (Colorado)",FALSE,FALSE,FALSE,FALSE,TRUE,FALSE,FALSE
2021,5,"2021_05_LA_SEA","401326395",TRUE,"45","Caesars Sportsbook (New Jersey)",FALSE,FALSE,FALSE,FALSE,TRUE,FALSE,FALSE
2021,5,"2021_05_LA_SEA","401326395",TRUE,"46","Caesars Sportsbook (New Jersey) - Live Odds",FALSE,FALSE,FALSE,FALSE,TRUE,FALSE,FALSE
2021,5,"2021_05_LA_SEA","401326395",TRUE,"43","Caesars Sportsbook (Pennsylvania)",FALSE,FALSE,FALSE,FALSE,TRUE,FALSE,FALSE
2021,5,"2021_05_LA_SEA","401326395",TRUE,"40","DraftKings",FALSE,FALSE,FALSE,FALSE,TRUE,FALSE,FALSE
2021,5,"2021_05_LA_SEA","401326395",TRUE,"55","Holland Casino",FALSE,FALSE,FALSE,FALSE,TRUE,FALSE,FALSE
2021,5,"2021_05_LA_SEA","401326395",TRUE,"47","MGM",FALSE,FALSE,FALSE,FALSE,TRUE,FALSE,FALSE
2021,5,"2021_05_LA_SEA","401326395",TRUE,"48","PointsBet",FALSE,FALSE,FALSE,FALSE,TRUE,FALSE,FALSE
2021,5,"2021_05_LA_SEA","401326395",TRUE,"41","SugarHouse",FALSE,FALSE,FALSE,FALSE,TRUE,FALSE,FALSE
2021,5,"2021_05_LA_SEA","401326395",TRUE,"53","Titanbets",FALSE,FALSE,FALSE,FALSE,TRUE,FALSE,FALSE
2021,5,"2021_05_LA_SEA","401326395",TRUE,"36","Unibet",FALSE,FALSE,FALSE,FALSE,TRUE,FALSE,FALSE
2021,5,"2021_05_LA_SEA","401326395",TRUE,"25","Westgate",FALSE,FALSE,FALSE,FALSE,TRUE,FALSE,FALSE
2021,5,"2021_05_LA_SEA","401326395",TRUE,"1001","accuscore",FALSE,FALSE,FALSE,FALSE,TRUE,FALSE,FALSE
2021,5,"2021_05_LA_SEA","401326395",TRUE,"1004","consensus",FALSE,FALSE,FALSE,FALSE,TRUE,FALSE,FALSE
2021,5,"2021_05_LA_SEA","401326395",TRUE,"1002","teamrankings",FALSE,FALSE,FALSE,FALSE,TRUE,FALSE,FALSE
2021,5,"2021_05_IND_BAL","401326409",TRUE,"2000","Bet 365",FALSE,FALSE,FALSE,FALSE,FALSE,FALSE,FALSE
2021,5,"2021_05_IND_BAL","401326409",TRUE,"31","Caesars Sportsbook",FALSE,FALSE,FALSE,FALSE,TRUE,FALSE,FALSE
2021,5,"2021_05_IND_BAL","401326409",TRUE,"52","Caesars Sportsbook (Colorado)",FALSE,FALSE,FALSE,FALSE,TRUE,FALSE,FALSE
2021,5,"2021_05_IND_BAL","401326409",TRUE,"45","Caesars Sportsbook (New Jersey)",FALSE,FALSE,FALSE,FALSE,TRUE,FALSE,FALSE
2021,5,"2021_05_IND_BAL","401326409",TRUE,"46","Caesars Sportsbook (New Jersey) - Live Odds",FALSE,FALSE,FALSE,FALSE,TRUE,FALSE,FALSE
2021,5,"2021_05_IND_BAL","401326409",TRUE,"43","Caesars Sportsbook (Pennsylvania)",FALSE,FALSE,FALSE,FALSE,TRUE,FALSE,FALSE
2021,5,"2021_05_IND_BAL","401326409",TRUE,"40","DraftKings",FALSE,FALSE,FALSE,FALSE,TRUE,FALSE,FALSE
2021,5,"2021_05_IND_BAL","401326409",TRUE,"55","Holland Casino",FALSE,FALSE,FALSE,FALSE,TRUE,FALSE,FALSE
2021,5,"2021_05_IND_BAL","401326409",TRUE,"47","MGM",FALSE,FALSE,FALSE,FALSE,TRUE,FALSE,FALSE
2021,5,"2021_05_IND_BAL","401326409",TRUE,"48","PointsBet",FALSE,FALSE,FALSE,FALSE,TRUE,FALSE,FALSE
2021,5,"2021_05_IND_BAL","401326409",TRUE,"41","SugarHouse",FALSE,FALSE,FALSE,FALSE,TRUE,FALSE,FALSE
2021,5,"2021_05_IND_BAL","401326409",TRUE,"53","Titanbets",FALSE,FALSE,FALSE,FALSE,TRUE,FALSE,FALSE
2021,5,"2021_05_IND_BAL","401326409",TRUE,"36","Unibet",FALSE,FALSE,FALSE,FALSE,TRUE,FALSE,FALSE
2021,5,"2021_05_IND_BAL","401326409",TRUE,"25","Westgate",FALSE,FALSE,FALSE,FALSE,TRUE,FALSE,FALSE
2021,5,"2021_05_IND_BAL","401326409",TRUE,"1001","accuscore",FALSE,FALSE,FALSE,FALSE,TRUE,FALSE,FALSE
2021,5,"2021_05_IND_BAL","401326409",TRUE,"1004","consensus",FALSE,FALSE,FALSE,FALSE,TRUE,FALSE,FALSE
2021,5,"2021_05_IND_BAL","401326409",TRUE,"1002","teamrankings",FALSE,FALSE,FALSE,FALSE,TRUE,FALSE,FALSE
2021,10,"2021_10_SEA_GB","401326476",TRUE,"2000","Bet 365",FALSE,FALSE,FALSE,FALSE,FALSE,FALSE,FALSE
2021,10,"2021_10_SEA_GB","401326476",TRUE,"31","Caesars Sportsbook",FALSE,FALSE,FALSE,FALSE,TRUE,FALSE,FALSE
2021,10,"2021_10_SEA_GB","401326476",TRUE,"52","Caesars Sportsbook (Colorado)",FALSE,FALSE,FALSE,FALSE,TRUE,FALSE,FALSE
2021,10,"2021_10_SEA_GB","401326476",TRUE,"45","Caesars Sportsbook (New Jersey)",FALSE,FALSE,FALSE,FALSE,TRUE,FALSE,FALSE
2021,10,"2021_10_SEA_GB","401326476",TRUE,"46","Caesars Sportsbook (New Jersey) - Live Odds",FALSE,FALSE,FALSE,FALSE,TRUE,FALSE,FALSE
2021,10,"2021_10_SEA_GB","401326476",TRUE,"43","Caesars Sportsbook (Pennsylvania)",FALSE,FALSE,FALSE,FALSE,TRUE,FALSE,FALSE
2021,10,"2021_10_SEA_GB","401326476",TRUE,"40","DraftKings",FALSE,FALSE,FALSE,FALSE,TRUE,FALSE,FALSE
2021,10,"2021_10_SEA_GB","401326476",TRUE,"55","Holland Casino",FALSE,FALSE,FALSE,FALSE,TRUE,FALSE,FALSE
2021,10,"2021_10_SEA_GB","401326476",TRUE,"47","MGM",FALSE,FALSE,FALSE,FALSE,TRUE,FALSE,FALSE
2021,10,"2021_10_SEA_GB","401326476",TRUE,"48","PointsBet",FALSE,FALSE,FALSE,FALSE,TRUE,FALSE,FALSE
2021,10,"2021_10_SEA_GB","401326476",TRUE,"41","SugarHouse",FALSE,FALSE,FALSE,FALSE,TRUE,FALSE,FALSE
2021,10,"2021_10_SEA_GB","401326476",TRUE,"53","Titanbets",FALSE,FALSE,FALSE,FALSE,TRUE,FALSE,FALSE
2021,10,"2021_10_SEA_GB","401326476",TRUE,"36","Unibet",FALSE,FALSE,FALSE,FALSE,TRUE,FALSE,FALSE
2021,10,"2021_10_SEA_GB","401326476",TRUE,"25","Westgate",FALSE,FALSE,FALSE,FALSE,TRUE,FALSE,FALSE
2021,10,"2021_10_SEA_GB","401326476",TRUE,"1001","accuscore",FALSE,FALSE,FALSE,FALSE,TRUE,FALSE,FALSE
2021,10,"2021_10_SEA_GB","401326476",TRUE,"1004","consensus",FALSE,FALSE,FALSE,FALSE,TRUE,FALSE,FALSE
2021,10,"2021_10_SEA_GB","401326476",TRUE,"1002","teamrankings",FALSE,FALSE,FALSE,FALSE,TRUE,FALSE,FALSE
2021,14,"2021_14_PIT_MIN","401326523",TRUE,"2000","Bet 365",FALSE,FALSE,FALSE,FALSE,FALSE,FALSE,FALSE
2021,14,"2021_14_PIT_MIN","401326523",TRUE,"31","Caesars Sportsbook",FALSE,FALSE,FALSE,FALSE,TRUE,FALSE,FALSE
2021,14,"2021_14_PIT_MIN","401326523",TRUE,"52","Caesars Sportsbook (Colorado)",FALSE,FALSE,FALSE,FALSE,TRUE,FALSE,FALSE
2021,14,"2021_14_PIT_MIN","401326523",TRUE,"45","Caesars Sportsbook (New Jersey)",FALSE,FALSE,FALSE,FALSE,TRUE,FALSE,FALSE
2021,14,"2021_14_PIT_MIN","401326523",TRUE,"46","Caesars Sportsbook (New Jersey) - Live Odds",FALSE,FALSE,FALSE,FALSE,TRUE,FALSE,FALSE
2021,14,"2021_14_PIT_MIN","401326523",TRUE,"43","Caesars Sportsbook (Pennsylvania)",FALSE,FALSE,FALSE,FALSE,TRUE,FALSE,FALSE
2021,14,"2021_14_PIT_MIN","401326523",TRUE,"40","DraftKings",FALSE,FALSE,FALSE,FALSE,TRUE,FALSE,FALSE
2021,14,"2021_14_PIT_MIN","401326523",TRUE,"55","Holland Casino",FALSE,FALSE,FALSE,FALSE,TRUE,FALSE,FALSE
2021,14,"2021_14_PIT_MIN","401326523",TRUE,"47","MGM",FALSE,FALSE,FALSE,FALSE,TRUE,FALSE,FALSE
2021,14,"2021_14_PIT_MIN","401326523",TRUE,"48","PointsBet",FALSE,FALSE,FALSE,FALSE,TRUE,FALSE,FALSE
2021,14,"2021_14_PIT_MIN","401326523",TRUE,"41","SugarHouse",FALSE,FALSE,FALSE,FALSE,TRUE,FALSE,FALSE
2021,14,"2021_14_PIT_MIN","401326523",TRUE,"53","Titanbets",FALSE,FALSE,FALSE,FALSE,TRUE,FALSE,FALSE
2021,14,"2021_14_PIT_MIN","401326523",TRUE,"36","Unibet",FALSE,FALSE,FALSE,FALSE,TRUE,FALSE,FALSE
2021,14,"2021_14_PIT_MIN","401326523",TRUE,"25","Westgate",FALSE,FALSE,FALSE,FALSE,TRUE,FALSE,FALSE
2021,14,"2021_14_PIT_MIN","401326523",TRUE,"1001","accuscore",FALSE,FALSE,FALSE,FALSE,TRUE,FALSE,FALSE
2021,14,"2021_14_PIT_MIN","401326523",TRUE,"1004","consensus",FALSE,FALSE,FALSE,FALSE,TRUE,FALSE,FALSE
2021,14,"2021_14_PIT_MIN","401326523",TRUE,"1002","teamrankings",FALSE,FALSE,FALSE,FALSE,TRUE,FALSE,FALSE
2021,15,"2021_15_TEN_PIT","401326547",TRUE,"2000","Bet 365",FALSE,FALSE,FALSE,FALSE,FALSE,FALSE,FALSE
2021,15,"2021_15_TEN_PIT","401326547",TRUE,"31","Caesars Sportsbook",FALSE,FALSE,FALSE,FALSE,TRUE,FALSE,FALSE
2021,15,"2021_15_TEN_PIT","401326547",TRUE,"52","Caesars Sportsbook (Colorado)",FALSE,FALSE,FALSE,FALSE,TRUE,FALSE,FALSE
2021,15,"2021_15_TEN_PIT","401326547",TRUE,"45","Caesars Sportsbook (New Jersey)",FALSE,FALSE,FALSE,FALSE,TRUE,FALSE,FALSE
2021,15,"2021_15_TEN_PIT","401326547",TRUE,"46","Caesars Sportsbook (New Jersey) - Live Odds",FALSE,FALSE,FALSE,FALSE,TRUE,FALSE,FALSE
2021,15,"2021_15_TEN_PIT","401326547",TRUE,"43","Caesars Sportsbook (Pennsylvania)",FALSE,FALSE,FALSE,FALSE,TRUE,FALSE,FALSE
2021,15,"2021_15_TEN_PIT","401326547",TRUE,"40","DraftKings",FALSE,FALSE,FALSE,FALSE,TRUE,FALSE,FALSE
2021,15,"2021_15_TEN_PIT","401326547",TRUE,"55","Holland Casino",FALSE,FALSE,FALSE,FALSE,TRUE,FALSE,FALSE
2021,15,"2021_15_TEN_PIT","401326547",TRUE,"47","MGM",FALSE,FALSE,FALSE,FALSE,TRUE,FALSE,FALSE
2021,15,"2021_15_TEN_PIT","401326547",TRUE,"48","PointsBet",FALSE,FALSE,FALSE,FALSE,TRUE,FALSE,FALSE
2021,15,"2021_15_TEN_PIT","401326547",TRUE,"41","SugarHouse",FALSE,FALSE,FALSE,FALSE,TRUE,FALSE,FALSE
2021,15,"2021_15_TEN_PIT","401326547",TRUE,"53","Titanbets",FALSE,FALSE,FALSE,FALSE,TRUE,FALSE,FALSE
2021,15,"2021_15_TEN_PIT","401326547",TRUE,"36","Unibet",FALSE,FALSE,FALSE,FALSE,TRUE,FALSE,FALSE
2021,15,"2021_15_TEN_PIT","401326547",TRUE,"25","Westgate",FALSE,FALSE,FALSE,FALSE,TRUE,FALSE,FALSE
2021,15,"2021_15_TEN_PIT","401326547",TRUE,"1001","accuscore",FALSE,FALSE,FALSE,FALSE,TRUE,FALSE,FALSE
2021,15,"2021_15_TEN_PIT","401326547",TRUE,"1004","consensus",FALSE,FALSE,FALSE,FALSE,TRUE,FALSE,FALSE
2021,15,"2021_15_TEN_PIT","401326547",TRUE,"1002","teamrankings",FALSE,FALSE,FALSE,FALSE,TRUE,FALSE,FALSE
2022,6,"2022_06_ARI_SEA","401437787",TRUE,"2000","Bet 365",FALSE,FALSE,FALSE,FALSE,FALSE,FALSE,FALSE
2022,6,"2022_06_ARI_SEA","401437787",TRUE,"31","Caesars Sportsbook",FALSE,FALSE,FALSE,FALSE,TRUE,FALSE,FALSE
2022,6,"2022_06_ARI_SEA","401437787",TRUE,"52","Caesars Sportsbook (Colorado)",FALSE,FALSE,FALSE,FALSE,TRUE,FALSE,FALSE
2022,6,"2022_06_ARI_SEA","401437787",TRUE,"45","Caesars Sportsbook (New Jersey)",FALSE,FALSE,FALSE,FALSE,TRUE,FALSE,FALSE
2022,6,"2022_06_ARI_SEA","401437787",TRUE,"46","Caesars Sportsbook (New Jersey) - Live Odds",FALSE,FALSE,FALSE,FALSE,TRUE,FALSE,FALSE
2022,6,"2022_06_ARI_SEA","401437787",TRUE,"40","DraftKings",FALSE,FALSE,FALSE,FALSE,TRUE,FALSE,FALSE
2022,6,"2022_06_ARI_SEA","401437787",TRUE,"58","ESPN BET",FALSE,TRUE,FALSE,TRUE,TRUE,FALSE,TRUE
2022,6,"2022_06_ARI_SEA","401437787",TRUE,"55","Holland Casino",FALSE,FALSE,FALSE,FALSE,TRUE,FALSE,FALSE
2022,6,"2022_06_ARI_SEA","401437787",TRUE,"47","MGM",FALSE,FALSE,FALSE,FALSE,TRUE,FALSE,FALSE
2022,6,"2022_06_ARI_SEA","401437787",TRUE,"48","PointsBet",FALSE,FALSE,FALSE,FALSE,TRUE,FALSE,FALSE
2022,6,"2022_06_ARI_SEA","401437787",TRUE,"41","SugarHouse",FALSE,FALSE,FALSE,FALSE,TRUE,FALSE,FALSE
2022,6,"2022_06_ARI_SEA","401437787",TRUE,"53","Titanbets",FALSE,FALSE,FALSE,FALSE,TRUE,FALSE,FALSE
2022,6,"2022_06_ARI_SEA","401437787",TRUE,"36","Unibet",FALSE,FALSE,FALSE,FALSE,TRUE,FALSE,FALSE
2022,6,"2022_06_ARI_SEA","401437787",TRUE,"25","Westgate",FALSE,FALSE,FALSE,FALSE,TRUE,FALSE,FALSE
2022,6,"2022_06_ARI_SEA","401437787",TRUE,"1001","accuscore",FALSE,FALSE,FALSE,FALSE,TRUE,FALSE,FALSE
2022,6,"2022_06_ARI_SEA","401437787",TRUE,"1004","consensus",FALSE,FALSE,FALSE,FALSE,TRUE,FALSE,FALSE
2022,6,"2022_06_ARI_SEA","401437787",TRUE,"1002","teamrankings",FALSE,FALSE,FALSE,FALSE,TRUE,FALSE,FALSE
2022,13,"2022_13_JAX_DET","401437877",TRUE,"2000","Bet 365",FALSE,FALSE,FALSE,FALSE,FALSE,FALSE,FALSE
2022,13,"2022_13_JAX_DET","401437877",TRUE,"31","Caesars Sportsbook",FALSE,FALSE,FALSE,FALSE,TRUE,FALSE,FALSE
2022,13,"2022_13_JAX_DET","401437877",TRUE,"52","Caesars Sportsbook (Colorado)",FALSE,FALSE,FALSE,FALSE,TRUE,FALSE,FALSE
2022,13,"2022_13_JAX_DET","401437877",TRUE,"45","Caesars Sportsbook (New Jersey)",FALSE,FALSE,FALSE,FALSE,TRUE,FALSE,FALSE
2022,13,"2022_13_JAX_DET","401437877",TRUE,"46","Caesars Sportsbook (New Jersey) - Live Odds",FALSE,FALSE,FALSE,FALSE,TRUE,FALSE,FALSE
2022,13,"2022_13_JAX_DET","401437877",TRUE,"40","DraftKings",FALSE,FALSE,FALSE,FALSE,TRUE,FALSE,FALSE
2022,13,"2022_13_JAX_DET","401437877",TRUE,"58","ESPN BET",FALSE,TRUE,FALSE,TRUE,TRUE,FALSE,TRUE
2022,13,"2022_13_JAX_DET","401437877",TRUE,"55","Holland Casino",FALSE,FALSE,FALSE,FALSE,TRUE,FALSE,FALSE
2022,13,"2022_13_JAX_DET","401437877",TRUE,"47","MGM",FALSE,FALSE,FALSE,FALSE,TRUE,FALSE,FALSE
2022,13,"2022_13_JAX_DET","401437877",TRUE,"41","SugarHouse",FALSE,FALSE,FALSE,FALSE,TRUE,FALSE,FALSE
2022,13,"2022_13_JAX_DET","401437877",TRUE,"53","Titanbets",FALSE,FALSE,FALSE,FALSE,TRUE,FALSE,FALSE
2022,13,"2022_13_JAX_DET","401437877",TRUE,"36","Unibet",FALSE,FALSE,FALSE,FALSE,TRUE,FALSE,FALSE
2022,13,"2022_13_JAX_DET","401437877",TRUE,"1001","accuscore",FALSE,FALSE,FALSE,FALSE,TRUE,FALSE,FALSE
2022,13,"2022_13_JAX_DET","401437877",TRUE,"1004","consensus",FALSE,FALSE,FALSE,FALSE,TRUE,FALSE,FALSE
2022,13,"2022_13_JAX_DET","401437877",TRUE,"1002","teamrankings",FALSE,FALSE,FALSE,FALSE,TRUE,FALSE,FALSE
2022,14,"2022_14_LV_LA","401437888",TRUE,"31","Caesars Sportsbook",FALSE,FALSE,FALSE,FALSE,TRUE,FALSE,FALSE
2022,14,"2022_14_LV_LA","401437888",TRUE,"52","Caesars Sportsbook (Colorado)",FALSE,FALSE,FALSE,FALSE,TRUE,FALSE,FALSE
2022,14,"2022_14_LV_LA","401437888",TRUE,"45","Caesars Sportsbook (New Jersey)",FALSE,FALSE,FALSE,FALSE,TRUE,FALSE,FALSE
2022,14,"2022_14_LV_LA","401437888",TRUE,"46","Caesars Sportsbook (New Jersey) - Live Odds",FALSE,FALSE,FALSE,FALSE,TRUE,FALSE,FALSE
2022,14,"2022_14_LV_LA","401437888",TRUE,"40","DraftKings",FALSE,FALSE,FALSE,FALSE,TRUE,FALSE,FALSE
2022,14,"2022_14_LV_LA","401437888",TRUE,"58","ESPN BET",FALSE,TRUE,FALSE,TRUE,TRUE,FALSE,TRUE
2022,14,"2022_14_LV_LA","401437888",TRUE,"55","Holland Casino",FALSE,FALSE,FALSE,FALSE,TRUE,FALSE,FALSE
2022,14,"2022_14_LV_LA","401437888",TRUE,"47","MGM",FALSE,FALSE,FALSE,FALSE,TRUE,FALSE,FALSE
2022,14,"2022_14_LV_LA","401437888",TRUE,"48","PointsBet",FALSE,FALSE,FALSE,FALSE,TRUE,FALSE,FALSE
2022,14,"2022_14_LV_LA","401437888",TRUE,"41","SugarHouse",FALSE,FALSE,FALSE,FALSE,TRUE,FALSE,FALSE
2022,14,"2022_14_LV_LA","401437888",TRUE,"53","Titanbets",FALSE,FALSE,FALSE,FALSE,TRUE,FALSE,FALSE
2022,14,"2022_14_LV_LA","401437888",TRUE,"36","Unibet",FALSE,FALSE,FALSE,FALSE,TRUE,FALSE,FALSE
2022,14,"2022_14_LV_LA","401437888",TRUE,"1001","accuscore",FALSE,FALSE,FALSE,FALSE,TRUE,FALSE,FALSE
2022,14,"2022_14_LV_LA","401437888",TRUE,"1004","consensus",FALSE,FALSE,FALSE,FALSE,TRUE,FALSE,FALSE
2022,14,"2022_14_LV_LA","401437888",TRUE,"1002","teamrankings",FALSE,FALSE,FALSE,FALSE,TRUE,FALSE,FALSE
2022,14,"2022_14_KC_DEN","401437899",TRUE,"2000","Bet 365",FALSE,FALSE,FALSE,FALSE,FALSE,FALSE,FALSE
2022,14,"2022_14_KC_DEN","401437899",TRUE,"31","Caesars Sportsbook",FALSE,FALSE,FALSE,FALSE,TRUE,FALSE,FALSE
2022,14,"2022_14_KC_DEN","401437899",TRUE,"52","Caesars Sportsbook (Colorado)",FALSE,FALSE,FALSE,FALSE,TRUE,FALSE,FALSE
2022,14,"2022_14_KC_DEN","401437899",TRUE,"45","Caesars Sportsbook (New Jersey)",FALSE,FALSE,FALSE,FALSE,TRUE,FALSE,FALSE
2022,14,"2022_14_KC_DEN","401437899",TRUE,"46","Caesars Sportsbook (New Jersey) - Live Odds",FALSE,FALSE,FALSE,FALSE,TRUE,FALSE,FALSE
2022,14,"2022_14_KC_DEN","401437899",TRUE,"40","DraftKings",FALSE,FALSE,FALSE,FALSE,TRUE,FALSE,FALSE
2022,14,"2022_14_KC_DEN","401437899",TRUE,"58","ESPN BET",FALSE,TRUE,FALSE,TRUE,TRUE,FALSE,TRUE
2022,14,"2022_14_KC_DEN","401437899",TRUE,"55","Holland Casino",FALSE,FALSE,FALSE,FALSE,TRUE,FALSE,FALSE
2022,14,"2022_14_KC_DEN","401437899",TRUE,"47","MGM",FALSE,FALSE,FALSE,FALSE,TRUE,FALSE,FALSE
2022,14,"2022_14_KC_DEN","401437899",TRUE,"48","PointsBet",FALSE,FALSE,FALSE,FALSE,TRUE,FALSE,FALSE
2022,14,"2022_14_KC_DEN","401437899",TRUE,"41","SugarHouse",FALSE,FALSE,FALSE,FALSE,TRUE,FALSE,FALSE
2022,14,"2022_14_KC_DEN","401437899",TRUE,"53","Titanbets",FALSE,FALSE,FALSE,FALSE,TRUE,FALSE,FALSE
2022,14,"2022_14_KC_DEN","401437899",TRUE,"36","Unibet",FALSE,FALSE,FALSE,FALSE,TRUE,FALSE,FALSE
2022,14,"2022_14_KC_DEN","401437899",TRUE,"1001","accuscore",FALSE,FALSE,FALSE,FALSE,TRUE,FALSE,FALSE
2022,14,"2022_14_KC_DEN","401437899",TRUE,"1004","consensus",FALSE,FALSE,FALSE,FALSE,TRUE,FALSE,FALSE
2022,14,"2022_14_KC_DEN","401437899",TRUE,"1002","teamrankings",FALSE,FALSE,FALSE,FALSE,TRUE,FALSE,FALSE
2022,18,"2022_18_KC_LV","401437961",TRUE,"31","Caesars Sportsbook",FALSE,FALSE,FALSE,FALSE,TRUE,FALSE,FALSE
2022,18,"2022_18_KC_LV","401437961",TRUE,"52","Caesars Sportsbook (Colorado)",FALSE,FALSE,FALSE,FALSE,TRUE,FALSE,FALSE
2022,18,"2022_18_KC_LV","401437961",TRUE,"45","Caesars Sportsbook (New Jersey)",FALSE,FALSE,FALSE,FALSE,TRUE,FALSE,FALSE
2022,18,"2022_18_KC_LV","401437961",TRUE,"46","Caesars Sportsbook (New Jersey) - Live Odds",FALSE,FALSE,FALSE,FALSE,TRUE,FALSE,FALSE
2022,18,"2022_18_KC_LV","401437961",TRUE,"40","DraftKings",FALSE,FALSE,FALSE,FALSE,TRUE,FALSE,FALSE
2022,18,"2022_18_KC_LV","401437961",TRUE,"58","ESPN BET",FALSE,TRUE,FALSE,TRUE,TRUE,FALSE,TRUE
2022,18,"2022_18_KC_LV","401437961",TRUE,"55","Holland Casino",FALSE,FALSE,FALSE,FALSE,TRUE,FALSE,FALSE
2022,18,"2022_18_KC_LV","401437961",TRUE,"47","MGM",FALSE,FALSE,FALSE,FALSE,TRUE,FALSE,FALSE
2022,18,"2022_18_KC_LV","401437961",TRUE,"48","PointsBet",FALSE,FALSE,FALSE,FALSE,TRUE,FALSE,FALSE
2022,18,"2022_18_KC_LV","401437961",TRUE,"41","SugarHouse",FALSE,FALSE,FALSE,FALSE,TRUE,FALSE,FALSE
2022,18,"2022_18_KC_LV","401437961",TRUE,"53","Titanbets",FALSE,FALSE,FALSE,FALSE,TRUE,FALSE,FALSE
2022,18,"2022_18_KC_LV","401437961",TRUE,"36","Unibet",FALSE,FALSE,FALSE,FALSE,TRUE,FALSE,FALSE
2022,18,"2022_18_KC_LV","401437961",TRUE,"1001","accuscore",FALSE,FALSE,FALSE,FALSE,TRUE,FALSE,FALSE
2022,18,"2022_18_KC_LV","401437961",TRUE,"1004","consensus",FALSE,FALSE,FALSE,FALSE,TRUE,FALSE,FALSE
2022,18,"2022_18_KC_LV","401437961",TRUE,"1002","teamrankings",FALSE,FALSE,FALSE,FALSE,TRUE,FALSE,FALSE
2023,9,"2023_09_MIN_ATL","401547518",TRUE,"2000","Bet 365",FALSE,FALSE,FALSE,FALSE,FALSE,FALSE,FALSE
2023,9,"2023_09_MIN_ATL","401547518",TRUE,"31","Caesars Sportsbook",TRUE,TRUE,TRUE,TRUE,TRUE,TRUE,TRUE
2023,9,"2023_09_MIN_ATL","401547518",TRUE,"52","Caesars Sportsbook (Colorado)",TRUE,TRUE,TRUE,TRUE,TRUE,TRUE,TRUE
2023,9,"2023_09_MIN_ATL","401547518",TRUE,"45","Caesars Sportsbook (New Jersey)",TRUE,TRUE,TRUE,TRUE,TRUE,TRUE,TRUE
2023,9,"2023_09_MIN_ATL","401547518",TRUE,"46","Caesars Sportsbook (New Jersey) - Live Odds",TRUE,FALSE,TRUE,FALSE,TRUE,TRUE,FALSE
2023,9,"2023_09_MIN_ATL","401547518",TRUE,"57","Caesars Sportsbook (Tennessee)",TRUE,TRUE,TRUE,TRUE,TRUE,TRUE,TRUE
2023,9,"2023_09_MIN_ATL","401547518",TRUE,"40","DraftKings",TRUE,TRUE,FALSE,TRUE,TRUE,TRUE,TRUE
2023,9,"2023_09_MIN_ATL","401547518",TRUE,"58","ESPN BET",TRUE,TRUE,TRUE,TRUE,TRUE,TRUE,TRUE
2023,9,"2023_09_MIN_ATL","401547518",TRUE,"47","MGM",TRUE,TRUE,TRUE,TRUE,TRUE,TRUE,TRUE
2023,9,"2023_09_MIN_ATL","401547518",TRUE,"48","PointsBet",TRUE,TRUE,TRUE,TRUE,TRUE,TRUE,TRUE
2023,9,"2023_09_MIN_ATL","401547518",TRUE,"41","SugarHouse",TRUE,TRUE,TRUE,TRUE,TRUE,TRUE,TRUE
2023,9,"2023_09_MIN_ATL","401547518",TRUE,"53","Titanbets",TRUE,TRUE,TRUE,TRUE,TRUE,TRUE,TRUE
2023,9,"2023_09_MIN_ATL","401547518",TRUE,"36","Unibet",TRUE,TRUE,TRUE,TRUE,TRUE,TRUE,TRUE
2023,9,"2023_09_MIN_ATL","401547518",TRUE,"1001","accuscore",TRUE,TRUE,TRUE,TRUE,TRUE,TRUE,TRUE
2023,9,"2023_09_TB_HOU","401547515",TRUE,"2000","Bet 365",FALSE,FALSE,FALSE,FALSE,FALSE,FALSE,FALSE
2023,9,"2023_09_TB_HOU","401547515",TRUE,"31","Caesars Sportsbook",TRUE,TRUE,TRUE,TRUE,TRUE,TRUE,TRUE
2023,9,"2023_09_TB_HOU","401547515",TRUE,"52","Caesars Sportsbook (Colorado)",TRUE,TRUE,TRUE,TRUE,TRUE,TRUE,TRUE
2023,9,"2023_09_TB_HOU","401547515",TRUE,"45","Caesars Sportsbook (New Jersey)",TRUE,TRUE,TRUE,TRUE,TRUE,TRUE,TRUE
2023,9,"2023_09_TB_HOU","401547515",TRUE,"46","Caesars Sportsbook (New Jersey) - Live Odds",TRUE,FALSE,TRUE,FALSE,TRUE,TRUE,FALSE
2023,9,"2023_09_TB_HOU","401547515",TRUE,"57","Caesars Sportsbook (Tennessee)",TRUE,TRUE,TRUE,TRUE,TRUE,TRUE,TRUE
2023,9,"2023_09_TB_HOU","401547515",TRUE,"40","DraftKings",TRUE,TRUE,FALSE,TRUE,TRUE,TRUE,TRUE
2023,9,"2023_09_TB_HOU","401547515",TRUE,"58","ESPN BET",TRUE,TRUE,TRUE,TRUE,TRUE,TRUE,TRUE
2023,9,"2023_09_TB_HOU","401547515",TRUE,"47","MGM",TRUE,TRUE,TRUE,TRUE,TRUE,TRUE,TRUE
2023,9,"2023_09_TB_HOU","401547515",TRUE,"48","PointsBet",TRUE,TRUE,TRUE,TRUE,TRUE,TRUE,TRUE
2023,9,"2023_09_TB_HOU","401547515",TRUE,"41","SugarHouse",TRUE,TRUE,TRUE,TRUE,TRUE,TRUE,TRUE
2023,9,"2023_09_TB_HOU","401547515",TRUE,"53","Titanbets",TRUE,TRUE,TRUE,TRUE,TRUE,TRUE,TRUE
2023,9,"2023_09_TB_HOU","401547515",TRUE,"36","Unibet",TRUE,TRUE,TRUE,TRUE,TRUE,TRUE,TRUE
2023,9,"2023_09_TB_HOU","401547515",TRUE,"1001","accuscore",TRUE,TRUE,TRUE,TRUE,TRUE,TRUE,TRUE
2023,12,"2023_12_WAS_DAL","401547551",TRUE,"31","Caesars Sportsbook",FALSE,TRUE,FALSE,FALSE,FALSE,FALSE,FALSE
2023,12,"2023_12_WAS_DAL","401547551",TRUE,"52","Caesars Sportsbook (Colorado)",TRUE,TRUE,TRUE,TRUE,TRUE,TRUE,TRUE
2023,12,"2023_12_WAS_DAL","401547551",TRUE,"45","Caesars Sportsbook (New Jersey)",TRUE,TRUE,TRUE,TRUE,TRUE,TRUE,TRUE
2023,12,"2023_12_WAS_DAL","401547551",TRUE,"46","Caesars Sportsbook (New Jersey) - Live Odds",TRUE,FALSE,TRUE,FALSE,TRUE,TRUE,FALSE
2023,12,"2023_12_WAS_DAL","401547551",TRUE,"57","Caesars Sportsbook (Tennessee)",TRUE,TRUE,TRUE,TRUE,TRUE,TRUE,TRUE
2023,12,"2023_12_WAS_DAL","401547551",TRUE,"40","DraftKings",FALSE,TRUE,FALSE,TRUE,TRUE,FALSE,TRUE
2023,12,"2023_12_WAS_DAL","401547551",TRUE,"58","ESPN BET",TRUE,TRUE,TRUE,TRUE,TRUE,TRUE,TRUE
2023,12,"2023_12_WAS_DAL","401547551",TRUE,"47","MGM",TRUE,TRUE,TRUE,TRUE,TRUE,TRUE,TRUE
2023,12,"2023_12_WAS_DAL","401547551",TRUE,"48","PointsBet",TRUE,TRUE,TRUE,TRUE,TRUE,TRUE,TRUE
2023,12,"2023_12_WAS_DAL","401547551",TRUE,"41","SugarHouse",TRUE,TRUE,TRUE,TRUE,TRUE,TRUE,TRUE
2023,12,"2023_12_WAS_DAL","401547551",TRUE,"53","Titanbets",TRUE,TRUE,TRUE,TRUE,TRUE,TRUE,TRUE
2023,12,"2023_12_WAS_DAL","401547551",TRUE,"36","Unibet",TRUE,TRUE,TRUE,TRUE,TRUE,TRUE,TRUE
2023,12,"2023_12_WAS_DAL","401547551",TRUE,"1001","accuscore",TRUE,TRUE,TRUE,TRUE,TRUE,TRUE,TRUE
2023,14,"2023_14_PHI_DAL","401547590",TRUE,"2000","Bet 365",FALSE,FALSE,FALSE,FALSE,FALSE,FALSE,FALSE
2023,14,"2023_14_PHI_DAL","401547590",TRUE,"52","Caesars Sportsbook (Colorado)",TRUE,TRUE,TRUE,TRUE,TRUE,TRUE,TRUE
2023,14,"2023_14_PHI_DAL","401547590",TRUE,"45","Caesars Sportsbook (New Jersey)",TRUE,TRUE,TRUE,TRUE,TRUE,TRUE,TRUE
2023,14,"2023_14_PHI_DAL","401547590",TRUE,"46","Caesars Sportsbook (New Jersey) - Live Odds",TRUE,FALSE,TRUE,FALSE,TRUE,TRUE,FALSE
2023,14,"2023_14_PHI_DAL","401547590",TRUE,"57","Caesars Sportsbook (Tennessee)",TRUE,TRUE,TRUE,TRUE,TRUE,TRUE,TRUE
2023,14,"2023_14_PHI_DAL","401547590",TRUE,"40","DraftKings",TRUE,TRUE,FALSE,TRUE,TRUE,TRUE,TRUE
2023,14,"2023_14_PHI_DAL","401547590",TRUE,"58","ESPN BET",TRUE,TRUE,TRUE,TRUE,TRUE,TRUE,TRUE
2023,14,"2023_14_PHI_DAL","401547590",TRUE,"59","ESPN Bet - Live Odds",TRUE,FALSE,TRUE,FALSE,TRUE,TRUE,FALSE
2023,14,"2023_14_PHI_DAL","401547590",TRUE,"47","MGM",TRUE,TRUE,TRUE,TRUE,TRUE,TRUE,TRUE
2023,14,"2023_14_PHI_DAL","401547590",TRUE,"48","PointsBet",TRUE,TRUE,TRUE,TRUE,TRUE,TRUE,TRUE
2023,14,"2023_14_PHI_DAL","401547590",TRUE,"41","SugarHouse",TRUE,TRUE,TRUE,TRUE,TRUE,TRUE,TRUE
2023,14,"2023_14_PHI_DAL","401547590",TRUE,"53","Titanbets",TRUE,TRUE,TRUE,TRUE,TRUE,TRUE,TRUE
2023,14,"2023_14_PHI_DAL","401547590",TRUE,"36","Unibet",TRUE,TRUE,TRUE,TRUE,TRUE,TRUE,TRUE
2023,17,"2023_17_TEN_HOU","401547631",TRUE,"2000","Bet 365",FALSE,FALSE,FALSE,FALSE,FALSE,FALSE,FALSE
2023,17,"2023_17_TEN_HOU","401547631",TRUE,"31","Caesars Sportsbook",FALSE,TRUE,FALSE,FALSE,FALSE,FALSE,FALSE
2023,17,"2023_17_TEN_HOU","401547631",TRUE,"52","Caesars Sportsbook (Colorado)",TRUE,TRUE,TRUE,TRUE,TRUE,TRUE,TRUE
2023,17,"2023_17_TEN_HOU","401547631",TRUE,"45","Caesars Sportsbook (New Jersey)",TRUE,TRUE,TRUE,TRUE,TRUE,TRUE,TRUE
2023,17,"2023_17_TEN_HOU","401547631",TRUE,"46","Caesars Sportsbook (New Jersey) - Live Odds",TRUE,FALSE,TRUE,FALSE,TRUE,TRUE,FALSE
2023,17,"2023_17_TEN_HOU","401547631",TRUE,"57","Caesars Sportsbook (Tennessee)",TRUE,TRUE,TRUE,TRUE,TRUE,TRUE,TRUE
2023,17,"2023_17_TEN_HOU","401547631",TRUE,"40","DraftKings",TRUE,TRUE,FALSE,TRUE,TRUE,TRUE,TRUE
2023,17,"2023_17_TEN_HOU","401547631",TRUE,"58","ESPN BET",TRUE,TRUE,TRUE,TRUE,TRUE,TRUE,TRUE
2023,17,"2023_17_TEN_HOU","401547631",TRUE,"47","MGM",TRUE,TRUE,TRUE,TRUE,TRUE,TRUE,TRUE
2023,17,"2023_17_TEN_HOU","401547631",TRUE,"41","SugarHouse",TRUE,TRUE,TRUE,TRUE,TRUE,TRUE,TRUE
2023,17,"2023_17_TEN_HOU","401547631",TRUE,"53","Titanbets",TRUE,TRUE,TRUE,TRUE,TRUE,TRUE,TRUE
2023,17,"2023_17_TEN_HOU","401547631",TRUE,"36","Unibet",TRUE,TRUE,TRUE,TRUE,TRUE,TRUE,TRUE
2023,17,"2023_17_TEN_HOU","401547631",TRUE,"1001","accuscore",TRUE,TRUE,TRUE,TRUE,TRUE,TRUE,TRUE
2024,1,"2024_01_JAX_MIA","401671849",TRUE,"2000","Bet 365",FALSE,FALSE,FALSE,FALSE,FALSE,FALSE,FALSE
2024,1,"2024_01_JAX_MIA","401671849",TRUE,"58","ESPN BET",TRUE,TRUE,TRUE,TRUE,TRUE,TRUE,TRUE
2024,1,"2024_01_JAX_MIA","401671849",TRUE,"59","ESPN Bet - Live Odds",TRUE,FALSE,TRUE,FALSE,TRUE,TRUE,FALSE
2024,2,"2024_02_LA_ARI","401671754",TRUE,"58","ESPN BET",TRUE,TRUE,TRUE,TRUE,TRUE,TRUE,TRUE
2024,2,"2024_02_LA_ARI","401671754",TRUE,"59","ESPN Bet - Live Odds",TRUE,FALSE,TRUE,FALSE,FALSE,TRUE,FALSE
2024,4,"2024_04_NO_ATL","401671727",TRUE,"58","ESPN BET",TRUE,TRUE,TRUE,TRUE,TRUE,TRUE,TRUE
2024,4,"2024_04_NO_ATL","401671727",TRUE,"59","ESPN Bet - Live Odds",TRUE,FALSE,TRUE,FALSE,TRUE,TRUE,FALSE
2024,9,"2024_09_NE_TEN","401671822",TRUE,"58","ESPN BET",TRUE,TRUE,TRUE,TRUE,TRUE,TRUE,TRUE
2024,9,"2024_09_NE_TEN","401671822",TRUE,"59","ESPN Bet - Live Odds",TRUE,FALSE,TRUE,FALSE,TRUE,TRUE,FALSE
2024,16,"2024_16_DET_CHI","401671868",TRUE,"58","ESPN BET",TRUE,TRUE,TRUE,TRUE,TRUE,TRUE,TRUE
2024,16,"2024_16_DET_CHI","401671868",TRUE,"59","ESPN Bet - Live Odds",TRUE,FALSE,TRUE,FALSE,FALSE,TRUE,FALSE
2025,1,"2025_01_NYG_WAS","401772827",TRUE,"58","ESPN BET",TRUE,TRUE,TRUE,TRUE,TRUE,TRUE,TRUE
2025,1,"2025_01_NYG_WAS","401772827",TRUE,"59","ESPN Bet - Live Odds",TRUE,FALSE,TRUE,FALSE,FALSE,TRUE,FALSE
2025,11,"2025_11_CIN_PIT","401772774",TRUE,"58","ESPN BET",TRUE,TRUE,TRUE,TRUE,TRUE,TRUE,TRUE
2025,11,"2025_11_CIN_PIT","401772774",TRUE,"59","ESPN Bet - Live Odds",TRUE,FALSE,TRUE,FALSE,FALSE,TRUE,FALSE
2025,15,"2025_15_MIA_PIT","401772823",TRUE,"100","DraftKings",TRUE,TRUE,TRUE,TRUE,TRUE,TRUE,TRUE
2025,17,"2025_17_NO_TEN","401772809",TRUE,"100","DraftKings",TRUE,TRUE,TRUE,TRUE,TRUE,TRUE,TRUE
2025,18,"2025_18_LAC_DEN","401772956",TRUE,"100","DraftKings",TRUE,TRUE,TRUE,TRUE,TRUE,TRUE,TRUE
