"series","event_ticker","season_month","game_id","kickoff_utc","pick","ticker","market_source","result","volume","market_open_hours_before_kickoff","candle_request_ok","n_candles","n_pre_kickoff","has_pre_kickoff_candle","last_pre_trade_price","last_pre_yes_bid","last_pre_yes_ask","pre_kickoff_priced","hours_before_kickoff_first"
"KXNFLANYTD","KXNFLANYTD-26FEB08SEANE","2026-02","2025_22_SEA_NE","2026-02-08T23:30:00Z","top_volume","KXNFLANYTD-26FEB08SEANE-SEAJSMITHNJIGBA11","historical","no",1793002,332,TRUE,48,48,TRUE,0.54,0.52,0.54,TRUE,47.5
"KXNFLANYTD","KXNFLANYTD-26FEB08SEANE","2026-02","2025_22_SEA_NE","2026-02-08T23:30:00Z","random","KXNFLANYTD-26FEB08SEANE-NETHENDERSON32","historical","no",533076,332,TRUE,48,48,TRUE,0.21,0.18,0.21,TRUE,47.5
"KXNFLANYTD","KXNFLANYTD-26JAN04BALPIT","2026-01","2025_18_BAL_PIT","2026-01-05T01:20:00Z","top_volume","KXNFLANYTD-26JAN04BALPIT-BALDHENRY22","historical","no",615662,40.2333333333333,TRUE,39,39,TRUE,0.58,0.57,0.58,TRUE,39.3333333333333
"KXNFLANYTD","KXNFLANYTD-26JAN04BALPIT","2026-01","2025_18_BAL_PIT","2026-01-05T01:20:00Z","random","KXNFLANYTD-26JAN04BALPIT-PITCAUSTIN19","historical","yes",58056,40.2333333333333,TRUE,38,38,TRUE,0.17,0.15,0.16,TRUE,39.3333333333333
"KXNFLANYTD","KXNFLANYTD-26JAN04WASPHI","2026-01","2025_18_WAS_PHI","2026-01-04T21:25:00Z","top_volume","KXNFLANYTD-26JAN04WASPHI-WASDSAMUEL1","historical","no",36115,49.3166666666667,TRUE,47,47,TRUE,0.21,0.13,0.21,TRUE,47.4166666666667
"KXNFLANYTD","KXNFLANYTD-26JAN04WASPHI","2026-01","2025_18_WAS_PHI","2026-01-04T21:25:00Z","random","KXNFLANYTD-26JAN04WASPHI-PHIJDOTSON2","historical","no",7379,38.3166666666667,TRUE,34,34,TRUE,0.35,0.31,0.35,TRUE,37.4166666666667
"KXNFLANYTD","KXNFLANYTD-26JAN04NOATL","2026-01","2025_18_NO_ATL","2026-01-04T18:00:00Z","top_volume","KXNFLANYTD-26JAN04NOATL-ATLBROBINSON7","historical","no",105571,60.8166666666667,TRUE,49,49,TRUE,0.63,0.62,0.63,TRUE,48
"KXNFLANYTD","KXNFLANYTD-26JAN04NOATL","2026-01","2025_18_NO_ATL","2026-01-04T18:00:00Z","random","KXNFLANYTD-26JAN04NOATL-NOTSHOUGH6","historical","yes",24170,20.8666666666667,TRUE,20,20,TRUE,0.19,0.15,0.2,TRUE,20
"KXNFLANYTD","KXNFLANYTD-25DEC28CHISF","2025-12","2025_17_CHI_SF","2025-12-29T01:20:00Z","top_volume","KXNFLANYTD-25DEC28CHISF-SFCMCCAFFREY23","historical","yes",233455,68.2333333333333,TRUE,45,45,TRUE,0.69,0.68,0.69,TRUE,47.3333333333333
"KXNFLANYTD","KXNFLANYTD-25DEC28CHISF","2025-12","2025_17_CHI_SF","2025-12-29T01:20:00Z","random","KXNFLANYTD-25DEC28CHISF-SFDROBINSON5","historical","no",48956,68.2333333333333,TRUE,41,41,TRUE,0.15,0.13,0.14,TRUE,47.3333333333333
"KXNFLANYTD","KXNFLANYTD-25DEC21NEBAL","2025-12","2025_16_NE_BAL","2025-12-22T01:20:00Z","top_volume","KXNFLANYTD-25DEC21NEBAL-NEDMAYE10","historical","no",148704,68.2333333333333,TRUE,45,45,TRUE,0.21,0.17,0.21,TRUE,47.3333333333333
"KXNFLANYTD","KXNFLANYTD-25DEC21NEBAL","2025-12","2025_16_NE_BAL","2025-12-22T01:20:00Z","random","KXNFLANYTD-25DEC21NEBAL-NEHHENRY85","historical","yes",94725,68.2333333333333,TRUE,42,42,TRUE,0.31,0.27,0.31,TRUE,47.3333333333333
"KXNFLANYTD","KXNFLANYTD-25DEC07TENCLE","2025-12","2025_14_TEN_CLE","2025-12-07T18:00:00Z","top_volume","KXNFLANYTD-25DEC07TENCLE-CLEQJUDKINS10","historical","no",10013,47.6833333333333,TRUE,45,45,TRUE,0.52,0.49,0.51,TRUE,47
"KXNFLANYTD","KXNFLANYTD-25DEC07TENCLE","2025-12","2025_14_TEN_CLE","2025-12-07T18:00:00Z","random","KXNFLANYTD-25DEC07TENCLE-CLEIBOND16","historical","no",2270,47.6833333333333,TRUE,44,44,TRUE,0.08,0.08,0.1,TRUE,47
"KXNFLANYTD","KXNFLANYTD-25NOV23PITCHI","2025-11","2025_12_PIT_CHI","2025-11-23T18:00:00Z","top_volume","KXNFLANYTD-25NOV23PITCHI-PITJWARREN30","historical","yes",7331,42.9,TRUE,34,34,TRUE,0.46,0.42,0.49,TRUE,42
"KXNFLANYTD","KXNFLANYTD-25NOV23PITCHI","2025-11","2025_12_PIT_CHI","2025-11-23T18:00:00Z","random","KXNFLANYTD-25NOV23PITCHI-NOTD","historical","no",0,45.95,TRUE,33,33,TRUE,NA,0,0.01,FALSE,45
"KXNFLANYTD","KXNFLANYTD-25NOV16SEALA","2025-11","2025_11_SEA_LA","2025-11-16T21:05:00Z","top_volume","KXNFLANYTD-25NOV16SEALA-SEACKUPP10","historical","no",19986,47.05,TRUE,39,39,TRUE,0.19,0.18,0.19,TRUE,46.0833333333333
"KXNFLANYTD","KXNFLANYTD-25NOV16SEALA","2025-11","2025_11_SEA_LA","2025-11-16T21:05:00Z","random","KXNFLANYTD-25NOV16SEALA-LAJWHITTINGTON88","historical","no",3400,47.05,TRUE,38,38,TRUE,NA,0.07,0.08,TRUE,46.0833333333333
"KXNFLANYTD","KXNFLANYTD-25NOV09JACHOU","2025-11","2025_10_JAX_HOU","2025-11-09T18:00:00Z","top_volume","KXNFLANYTD-25NOV09JACHOU-HOUDST","historical","yes",13026,40.9166666666667,TRUE,40,40,TRUE,0.18,0.13,0.18,TRUE,40
"KXNFLANYTD","KXNFLANYTD-25NOV09JACHOU","2025-11","2025_10_JAX_HOU","2025-11-09T18:00:00Z","random","KXNFLANYTD-25NOV09JACHOU-HOUXHUTCHINSON19","historical","no",527,40.9166666666667,TRUE,40,40,TRUE,NA,0.07,0.15,TRUE,40
"KXNFLANYTD","KXNFLANYTD-25OCT26TENIND","2025-10","2025_08_TEN_IND","2025-10-26T20:25:00Z","top_volume","KXNFLANYTD-25OCT26TENIND-INDTWARREN84","historical","no",15678,45.9166666666667,TRUE,44,44,TRUE,0.46,0.44,0.46,TRUE,45.4166666666667
"KXNFLANYTD","KXNFLANYTD-25OCT26TENIND","2025-10","2025_08_TEN_IND","2025-10-26T20:25:00Z","random","KXNFLANYTD-25OCT26TENIND-TENCDIKE17","historical","no",2271,45.9166666666667,TRUE,38,38,TRUE,0.17,0.16,0.17,TRUE,45.4166666666667
"KXNFLANYTD","KXNFLANYTD-25OCT20HOUSEA","2025-10","2025_07_HOU_SEA","2025-10-21T02:00:00Z","top_volume","KXNFLANYTD-25OCT20HOUSEA-SEAJSMITHNJIGBA11","historical","yes",49066,74.25,TRUE,47,47,TRUE,0.4,0.39,0.4,TRUE,48
"KXNFLANYTD","KXNFLANYTD-25OCT20HOUSEA","2025-10","2025_07_HOU_SEA","2025-10-21T02:00:00Z","random","KXNFLANYTD-25OCT20HOUSEA-SEAZCHARBONNET26","historical","yes",5714,74.25,TRUE,48,48,TRUE,0.4,0.37,0.4,TRUE,48
"KXNFLANYTD","KXNFLANYTD-25OCT12SEAJAC","2025-10","2025_06_SEA_JAX","2025-10-12T17:00:00Z","top_volume","KXNFLANYTD-25OCT12SEAJAC-JACTLAWRENCE16","historical","no",23034,41.3166666666667,TRUE,39,39,TRUE,0.22,0.09,0.23,TRUE,41
"KXNFLANYTD","KXNFLANYTD-25OCT12SEAJAC","2025-10","2025_06_SEA_JAX","2025-10-12T17:00:00Z","random","KXNFLANYTD-25OCT12SEAJAC-JACBTHOMAS7","historical","yes",4225,41.3166666666667,TRUE,42,42,TRUE,0.37,0.34,0.38,TRUE,41
"KXNFLANYTD","KXNFLANYTD-25SEP28BALKC","2025-09","2025_04_BAL_KC","2025-09-28T20:25:00Z","top_volume","KXNFLANYTD-25SEP28BALKC-BALDHENRY22","historical","no",32163,24.6,TRUE,25,25,TRUE,0.58,0.55,0.58,TRUE,24.4166666666667
"KXNFLANYTD","KXNFLANYTD-25SEP28BALKC","2025-09","2025_04_BAL_KC","2025-09-28T20:25:00Z","random","KXNFLANYTD-25SEP28BALKC-KCTTHORNTON80","historical","yes",8943,24.6,TRUE,25,25,TRUE,0.19,0.16,0.19,TRUE,24.4166666666667
"KXNFLANYTD","KXNFLANYTD-25SEP18MIABUF","2025-09","2025_03_MIA_BUF","2025-09-19T00:15:00Z","top_volume","KXNFLANYTD-25SEP18MIABUF-BUFJCOOK4","historical","yes",120704,53.3,TRUE,47,47,TRUE,0.63,0.61,0.63,TRUE,47.25
"KXNFLANYTD","KXNFLANYTD-25SEP18MIABUF","2025-09","2025_03_MIA_BUF","2025-09-19T00:15:00Z","random","KXNFLANYTD-25SEP18MIABUF-MIAMWASHINGTON6","historical","no",14903,53.3,TRUE,46,46,TRUE,0.18,0.14,0.18,TRUE,47.25
"KXNFLANYTD","KXNFLANYTD-25SEP14NEMIA","2025-09","2025_02_NE_MIA","2025-09-14T17:00:00Z","top_volume","KXNFLANYTD-25SEP14NEMIA-NEKBOUTTE9","historical","yes",18862,94.2333333333333,TRUE,49,49,TRUE,0.25,0.21,0.24,TRUE,48
"KXNFLANYTD","KXNFLANYTD-25SEP14NEMIA","2025-09","2025_02_NE_MIA","2025-09-14T17:00:00Z","random","KXNFLANYTD-25SEP14NEMIA-MIAOGORDON31","historical","no",2674,94.2333333333333,TRUE,49,49,TRUE,NA,0.12,0.2,TRUE,48
"KXNFLTD","KXNFLTD-26SEP27LVNO","2026-09","2026_03_LV_NO","2026-09-27T20:25:00Z","top_volume","KXNFLTD-26SEP27LVNO-LVJBECH18-1","live","no",393674.57,100.15,TRUE,48,48,TRUE,0.13,0.12,0.13,TRUE,47.4166666666667
"KXNFLTD","KXNFLTD-26SEP27LVNO","2026-09","2026_03_LV_NO","2026-09-27T20:25:00Z","random","KXNFLTD-26SEP27LVNO-LVMMAYER87-3","live","no",586.19,-1,TRUE,0,0,FALSE,NA,NA,NA,FALSE,NA
"KXNFLTD","KXNFLTD-26SEP24ATLGB","2026-09","2026_03_ATL_GB","2026-09-25T00:15:00Z","top_volume","KXNFLTD-26SEP24ATLGB-GBCWATSON9-1","live","yes",1273973.11,32,TRUE,31,31,TRUE,0.39,0.38,0.39,TRUE,31.25
"KXNFLTD","KXNFLTD-26SEP24ATLGB","2026-09","2026_03_ATL_GB","2026-09-25T00:15:00Z","random","KXNFLTD-26SEP24ATLGB-ATLAHOOPER81-2","live","no",13360.43,-1.43333333333333,TRUE,0,0,FALSE,NA,NA,NA,FALSE,NA
"KXNFLTD","KXNFLTD-26SEP20INDKC","2026-09","2026_02_IND_KC","2026-09-21T00:20:00Z","top_volume","KXNFLTD-26SEP20INDKC-KCKWALKER9-1","live","no",2260513.24,119.066666666667,TRUE,48,48,TRUE,0.61,0.6,0.61,TRUE,47.3333333333333
"KXNFLTD","KXNFLTD-26SEP20INDKC","2026-09","2026_02_IND_KC","2026-09-21T00:20:00Z","random","KXNFLTD-26SEP20INDKC-INDDJONES17-1","live","no",242376.82,119.066666666667,TRUE,46,46,TRUE,0.14,0.13,0.14,TRUE,47.3333333333333
"KXNFL2TD","KXNFL2TD-26FEB08SEANE","2026-02","2025_22_SEA_NE","2026-02-08T23:30:00Z","top_volume","KXNFL2TD-26FEB08SEANE-SEAJSMITHNJIGBA11","historical","no",782621,332,TRUE,48,48,TRUE,0.16,0.15,0.16,TRUE,47.5
"KXNFL2TD","KXNFL2TD-26FEB08SEANE","2026-02","2025_22_SEA_NE","2026-02-08T23:30:00Z","random","KXNFL2TD-26FEB08SEANE-NEKBOUTTE9","historical","no",124728,332,TRUE,48,48,TRUE,0.06,0.03,0.05,TRUE,47.5
"KXNFL2TD","KXNFL2TD-26JAN12HOUPIT","2026-01","2025_19_HOU_PIT","2026-01-13T01:00:00Z","top_volume","KXNFL2TD-26JAN12HOUPIT-PITDMETCALF4","historical","no",130196,1.58333333333333,TRUE,2,2,TRUE,0.05,0.03,0.06,TRUE,1
"KXNFL2TD","KXNFL2TD-26JAN12HOUPIT","2026-01","2025_19_HOU_PIT","2026-01-13T01:00:00Z","random","KXNFL2TD-26JAN12HOUPIT-PITJWARREN30","historical","no",103485,177.783333333333,TRUE,48,48,TRUE,0.05,0.04,0.05,TRUE,47
"KXNFL2TD","KXNFL2TD-26JAN04DETCHI","2026-01","2025_18_DET_CHI","2026-01-04T21:25:00Z","top_volume","KXNFL2TD-26JAN04DETCHI-CHICLOVELAND84","historical","no",13399,34.3,TRUE,33,33,TRUE,0.07,0,0.07,TRUE,33.4166666666667
"KXNFL2TD","KXNFL2TD-26JAN04DETCHI","2026-01","2025_18_DET_CHI","2026-01-04T21:25:00Z","random","KXNFL2TD-26JAN04DETCHI-DETASTBROWN14","historical","no",1835,1.31666666666667,TRUE,0,0,FALSE,NA,NA,NA,FALSE,NA
"KXNFL2TD","KXNFL2TD-26JAN03SEASF","2026-01","2025_18_SEA_SF","2026-01-04T01:00:00Z","top_volume","KXNFL2TD-26JAN03SEASF-SFCMCCAFFREY23","historical","no",213825,46.75,TRUE,47,47,TRUE,0.28,0.2,0.28,TRUE,46
"KXNFL2TD","KXNFL2TD-26JAN03SEASF","2026-01","2025_18_SEA_SF","2026-01-04T01:00:00Z","random","KXNFL2TD-26JAN03SEASF-SFCMCCAFFREY23","historical","no",213825,46.75,TRUE,47,47,TRUE,0.28,0.2,0.28,TRUE,46
"KXNFL2TD","KXNFL2TD-25DEC14NYJJAC","2025-12","2025_15_NYJ_JAX","2025-12-14T18:00:00Z","top_volume","KXNFL2TD-25DEC14NYJJAC-JACTETIENNE1","historical","yes",11421,60.8833333333333,TRUE,48,48,TRUE,0.22,0.19,0.22,TRUE,48
"KXNFL2TD","KXNFL2TD-25DEC14NYJJAC","2025-12","2025_15_NYJ_JAX","2025-12-14T18:00:00Z","random","KXNFL2TD-25DEC14NYJJAC-JACBTHOMAS7","historical","no",712,60.8833333333333,TRUE,49,49,TRUE,NA,0.01,0.05,TRUE,48
"KXNFL2TD","KXNFL2TD-25DEC07PITBAL","2025-12","2025_14_PIT_BAL","2025-12-07T18:00:00Z","top_volume","KXNFL2TD-25DEC07PITBAL-BALDHENRY22","historical","no",3587,47.6833333333333,TRUE,44,44,TRUE,0.21,0.17,0.21,TRUE,47
"KXNFL2TD","KXNFL2TD-25DEC07PITBAL","2025-12","2025_14_PIT_BAL","2025-12-07T18:00:00Z","random","KXNFL2TD-25DEC07PITBAL-PITJWARREN30","historical","no",829,47.6833333333333,TRUE,45,45,TRUE,0.07,0.02,0.06,TRUE,47
"KXNFL2TD","KXNFL2TD-25DEC01NYGNE","2025-12","2025_13_NYG_NE","2025-12-02T01:15:00Z","top_volume","KXNFL2TD-25DEC01NYGNE-NYGJDART6","historical","no",71955,74.15,TRUE,48,48,TRUE,0.04,0.02,0.04,TRUE,47.25
"KXNFL2TD","KXNFL2TD-25DEC01NYGNE","2025-12","2025_13_NYG_NE","2025-12-02T01:15:00Z","random","KXNFL2TD-25DEC01NYGNE-NEKBOUTTE9","historical","no",8659,74.15,TRUE,44,44,TRUE,0.03,0.03,0.04,TRUE,47.25
"KXNFL2TD","KXNFL2TD-25NOV24CARSF","2025-11","2025_12_CAR_SF","2025-11-25T01:15:00Z","top_volume","KXNFL2TD-25NOV24CARSF-SFGKITTLE85","historical","no",25947,77.1833333333333,TRUE,48,48,TRUE,0.09,0.07,0.09,TRUE,47.25
"KXNFL2TD","KXNFL2TD-25NOV24CARSF","2025-11","2025_12_CAR_SF","2025-11-25T01:15:00Z","random","KXNFL2TD-25NOV24CARSF-SFKBOURNE84","historical","no",5262,77.1833333333333,TRUE,43,43,TRUE,0.01,0,0.01,TRUE,47.25
"KXNFL2TD","KXNFL2TD-25NOV23NECIN","2025-11","2025_12_NE_CIN","2025-11-23T18:00:00Z","top_volume","KXNFL2TD-25NOV23NECIN-NETHENDERSON32","historical","no",7442,45.95,TRUE,44,44,TRUE,0.13,0.01,0.13,TRUE,45
"KXNFL2TD","KXNFL2TD-25NOV23NECIN","2025-11","2025_12_NE_CIN","2025-11-23T18:00:00Z","random","KXNFL2TD-25NOV23NECIN-CINTHIGGINS5","historical","no",1277,45.95,TRUE,43,43,TRUE,NA,0.07,0.12,TRUE,45
"KXNFL2TD","KXNFL2TD-25NOV02CHICIN","2025-11","2025_09_CHI_CIN","2025-11-02T18:00:00Z","top_volume","KXNFL2TD-25NOV02CHICIN-CINTHIGGINS5","historical","yes",4098,42.7166666666667,TRUE,39,39,TRUE,0.11,0.07,0.12,TRUE,42
"KXNFL2TD","KXNFL2TD-25NOV02CHICIN","2025-11","2025_09_CHI_CIN","2025-11-02T18:00:00Z","random","KXNFL2TD-25NOV02CHICIN-CHIRODUNZE15","historical","no",400,42.7166666666667,TRUE,40,40,TRUE,NA,0.07,0.11,TRUE,42
"KXNFL2TD","KXNFL2TD-25OCT20TBDET","2025-10","2025_07_TB_DET","2025-10-20T23:00:00Z","top_volume","KXNFL2TD-25OCT20TBDET-DETASTBROWN14","historical","no",13240,71.25,TRUE,49,49,TRUE,0.17,0.07,0.17,TRUE,48
"KXNFL2TD","KXNFL2TD-25OCT20TBDET","2025-10","2025_07_TB_DET","2025-10-20T23:00:00Z","random","KXNFL2TD-25OCT20TBDET-DETASTBROWN14","historical","no",13240,71.25,TRUE,49,49,TRUE,0.17,0.07,0.17,TRUE,48
"KXNFL2TD","KXNFL2TD-25OCT19NYGDEN","2025-10","2025_07_NYG_DEN","2025-10-19T20:05:00Z","top_volume","KXNFL2TD-25OCT19NYGDEN-NYGCSKATTEBO44","historical","no",16109,44.3333333333333,TRUE,45,45,TRUE,0.11,0.07,0.11,TRUE,44.0833333333333
"KXNFL2TD","KXNFL2TD-25OCT19NYGDEN","2025-10","2025_07_NYG_DEN","2025-10-19T20:05:00Z","random","KXNFL2TD-25OCT19NYGDEN-NYGCSKATTEBO44","historical","no",16109,44.3333333333333,TRUE,45,45,TRUE,0.11,0.07,0.11,TRUE,44.0833333333333
"KXNFL2TD","KXNFL2TD-25OCT05DALNYJ","2025-10","2025_05_DAL_NYJ","2025-10-05T17:00:00Z","top_volume","KXNFL2TD-25OCT05DALNYJ-DALJWILLIAMS33","historical","yes",7877,189.7,TRUE,49,49,TRUE,0.16,0.13,0.16,TRUE,48
"KXNFL2TD","KXNFL2TD-25OCT05DALNYJ","2025-10","2025_05_DAL_NYJ","2025-10-05T17:00:00Z","random","KXNFL2TD-25OCT05DALNYJ-NYJBHALL20","historical","no",2589,189.7,TRUE,49,49,TRUE,0.14,0.05,0.15,TRUE,48
"KXNFL2TD","KXNFL2TD-25SEP29CINDEN","2025-09","2025_04_CIN_DEN","2025-09-30T00:15:00Z","top_volume","KXNFL2TD-25SEP29CINDEN-DENCSUTTON14","historical","no",15287,52.4166666666667,TRUE,48,48,TRUE,0.09,0.06,0.09,TRUE,47.25
"KXNFL2TD","KXNFL2TD-25SEP29CINDEN","2025-09","2025_04_CIN_DEN","2025-09-30T00:15:00Z","random","KXNFL2TD-25SEP29CINDEN-DENRHARVEY12","historical","no",1342,52.4166666666667,TRUE,48,48,TRUE,NA,0.02,0.04,TRUE,47.25
"KXNFL2TD","KXNFL2TD-25SEP21NYJTB","2025-09","2025_03_NYJ_TB","2025-09-21T17:00:00Z","top_volume","KXNFL2TD-25SEP21NYJTB-TBBIRVING7","historical","no",1722,40.35,TRUE,40,40,TRUE,0.14,0.08,0.14,TRUE,40
"KXNFL2TD","KXNFL2TD-25SEP21NYJTB","2025-09","2025_03_NYJ_TB","2025-09-21T17:00:00Z","random","KXNFL2TD-25SEP21NYJTB-TBRWHITE1","historical","no",234,40.35,TRUE,40,40,TRUE,NA,0,0.04,FALSE,40
"KXNFL2TD","KXNFL2TD-25SEP07TENDEN","2025-09","2025_01_TEN_DEN","2025-09-07T20:05:00Z","top_volume","KXNFL2TD-25SEP07TENDEN-DENJDOBBINS27","historical","no",988,86.5666666666667,TRUE,48,48,TRUE,0.1,0.04,0.1,TRUE,47.0833333333333
"KXNFL2TD","KXNFL2TD-25SEP07TENDEN","2025-09","2025_01_TEN_DEN","2025-09-07T20:05:00Z","random","KXNFL2TD-25SEP07TENDEN-DENEENGRAM1","historical","no",134,86.5666666666667,TRUE,48,48,TRUE,NA,0,0.06,FALSE,47.0833333333333
"KXNFLFIRSTTD","KXNFLFIRSTTD-26SEP27LACBUF","2026-09","2026_03_LAC_BUF","2026-09-27T17:00:00Z","top_volume","KXNFLFIRSTTD-26SEP27LACBUF-BUFJALLEN17","live","no",95813.51,119.75,TRUE,49,49,TRUE,0.14,0.13,0.14,TRUE,48
"KXNFLFIRSTTD","KXNFLFIRSTTD-26SEP27LACBUF","2026-09","2026_03_LAC_BUF","2026-09-27T17:00:00Z","random","KXNFLFIRSTTD-26SEP27LACBUF-LACOGADSDEN86","live","no",12816.74,119.75,TRUE,33,33,TRUE,0.05,0.04,0.05,TRUE,48
"KXNFLFIRSTTD","KXNFLFIRSTTD-26SEP20CLETB","2026-09","2026_02_CLE_TB","2026-09-20T17:00:00Z","top_volume","KXNFLFIRSTTD-26SEP20CLETB-TBBMAYFIELD6","live","no",288113.72,89.7333333333333,TRUE,39,39,TRUE,0.06,0.05,0.06,TRUE,47
"KXNFLFIRSTTD","KXNFLFIRSTTD-26SEP20CLETB","2026-09","2026_02_CLE_TB","2026-09-20T17:00:00Z","random","KXNFLFIRSTTD-26SEP20CLETB-CLEJJEUDY3","live","no",426.66,89.7333333333333,TRUE,24,24,TRUE,NA,0.02,0.04,TRUE,44
"KXNFLFIRSTTD","KXNFLFIRSTTD-26SEP09NESEA","2026-09","2026_01_NE_SEA","2026-09-10T00:20:00Z","top_volume","KXNFLFIRSTTD-26SEP09NESEA-NEABROWN1","live","no",489858.68,170.683333333333,TRUE,48,48,TRUE,0.09,0.08,0.09,TRUE,47.3333333333333
"KXNFLFIRSTTD","KXNFLFIRSTTD-26SEP09NESEA","2026-09","2026_01_NE_SEA","2026-09-10T00:20:00Z","random","KXNFLFIRSTTD-26SEP09NESEA-NEDDOUGLAS3","live","no",89541.46,170.683333333333,TRUE,36,36,TRUE,0.03,0.02,0.03,TRUE,37.3333333333333
"KXNFLFIRSTTD","KXNFLFIRSTTD-26FEB08SEANE","2026-02","2025_22_SEA_NE","2026-02-08T23:30:00Z","top_volume","KXNFLFIRSTTD-26FEB08SEANE-SEAJSMITHNJIGBA11","historical","no",1276917,332,TRUE,48,48,TRUE,0.14,0.13,0.14,TRUE,47.5
"KXNFLFIRSTTD","KXNFLFIRSTTD-26FEB08SEANE","2026-02","2025_22_SEA_NE","2026-02-08T23:30:00Z","random","KXNFLFIRSTTD-26FEB08SEANE-NOTD","historical","no",1176219,332,TRUE,46,46,TRUE,0.01,0,0.01,TRUE,47.5
"KXNFLFIRSTTD","KXNFLFIRSTTD-26JAN17BUFDEN","2026-01","2025_20_BUF_DEN","2026-01-17T21:30:00Z","top_volume","KXNFLFIRSTTD-26JAN17BUFDEN-DENCSUTTON14","historical","no",108817,117.9,TRUE,44,44,TRUE,0.08,0.06,0.08,TRUE,47.5
"KXNFLFIRSTTD","KXNFLFIRSTTD-26JAN17BUFDEN","2026-01","2025_20_BUF_DEN","2026-01-17T21:30:00Z","random","KXNFLFIRSTTD-26JAN17BUFDEN-BUFJHAWES85","historical","no",14313,117.9,TRUE,44,44,TRUE,0.01,0,0.02,TRUE,47.5
"KXNFLFIRSTTD","KXNFLFIRSTTD-26JAN04NYJBUF","2026-01","2025_18_NYJ_BUF","2026-01-04T21:25:00Z","top_volume","KXNFLFIRSTTD-26JAN04NYJBUF-BUFDST","historical","no",9662,64.2333333333333,TRUE,37,37,TRUE,0.09,0.04,0.09,TRUE,47.4166666666667
"KXNFLFIRSTTD","KXNFLFIRSTTD-26JAN04NYJBUF","2026-01","2025_18_NYJ_BUF","2026-01-04T21:25:00Z","random","KXNFLFIRSTTD-26JAN04NYJBUF-BUFDST","historical","no",9662,64.2333333333333,TRUE,37,37,TRUE,0.09,0.04,0.09,TRUE,47.4166666666667
"KXNFLFIRSTTD","KXNFLFIRSTTD-26JAN04KCLV","2026-01","2025_18_KC_LV","2026-01-04T21:25:00Z","top_volume","KXNFLFIRSTTD-26JAN04KCLV-KCTKELCE87","historical","no",4018,53.3166666666667,TRUE,39,39,TRUE,0.09,0,0.1,TRUE,47.4166666666667
"KXNFLFIRSTTD","KXNFLFIRSTTD-26JAN04KCLV","2026-01","2025_18_KC_LV","2026-01-04T21:25:00Z","random","KXNFLFIRSTTD-26JAN04KCLV-LVAJEANTY2","historical","no",781,53.3166666666667,TRUE,35,35,TRUE,0.19,0,0.19,TRUE,47.4166666666667
"KXNFLFIRSTTD","KXNFLFIRSTTD-25DEC28NOTEN","2025-12","2025_17_NO_TEN","2025-12-28T18:00:00Z","top_volume","KXNFLFIRSTTD-25DEC28NOTEN-TENCOKONKWO85","historical","yes",3940,60.9166666666667,TRUE,43,43,TRUE,0.06,0,0.06,TRUE,47
"KXNFLFIRSTTD","KXNFLFIRSTTD-25DEC28NOTEN","2025-12","2025_17_NO_TEN","2025-12-28T18:00:00Z","random","KXNFLFIRSTTD-25DEC28NOTEN-TENGHELM84","historical","no",393,44.9,TRUE,37,37,TRUE,0.05,0,0.06,TRUE,44
"KXNFLFIRSTTD","KXNFLFIRSTTD-25DEC21NEBAL","2025-12","2025_16_NE_BAL","2025-12-22T01:20:00Z","top_volume","KXNFLFIRSTTD-25DEC21NEBAL-NETHENDERSON32","historical","no",65478,68.2333333333333,TRUE,41,41,TRUE,0.1,0.08,0.1,TRUE,47.3333333333333
"KXNFLFIRSTTD","KXNFLFIRSTTD-25DEC21NEBAL","2025-12","2025_16_NE_BAL","2025-12-22T01:20:00Z","random","KXNFLFIRSTTD-25DEC21NEBAL-NEKBOUTTE9","historical","no",16249,68.2333333333333,TRUE,41,41,TRUE,0.05,0.03,0.05,TRUE,47.3333333333333
"KXNFLFIRSTTD","KXNFLFIRSTTD-25DEC21PITDET","2025-12","2025_16_PIT_DET","2025-12-21T21:25:00Z","top_volume","KXNFLFIRSTTD-25DEC21PITDET-DETJGIBBS0","historical","no",17733,64.3166666666667,TRUE,43,43,TRUE,0.21,0.17,0.21,TRUE,47.4166666666667
"KXNFLFIRSTTD","KXNFLFIRSTTD-25DEC21PITDET","2025-12","2025_16_PIT_DET","2025-12-21T21:25:00Z","random","KXNFLFIRSTTD-25DEC21PITDET-DETJGOFF16","historical","no",10331,64.3166666666667,TRUE,38,38,TRUE,0.02,0,0.02,TRUE,46.4166666666667
"KXNFLFIRSTTD","KXNFLFIRSTTD-25NOV30MINSEA","2025-11","2025_13_MIN_SEA","2025-11-30T21:05:00Z","top_volume","KXNFLFIRSTTD-25NOV30MINSEA-SEADST","historical","yes",15420,45.9833333333333,TRUE,40,40,TRUE,0.05,0.01,0.06,TRUE,45.0833333333333
"KXNFLFIRSTTD","KXNFLFIRSTTD-25NOV30MINSEA","2025-11","2025_13_MIN_SEA","2025-11-30T21:05:00Z","random","KXNFLFIRSTTD-25NOV30MINSEA-SEAJSMITHNJIGBA11","historical","no",9027,45.9833333333333,TRUE,45,45,TRUE,0.18,0.11,0.18,TRUE,45.0833333333333
"KXNFLFIRSTTD","KXNFLFIRSTTD-25NOV23ATLNO","2025-11","2025_12_ATL_NO","2025-11-23T21:25:00Z","top_volume","KXNFLFIRSTTD-25NOV23ATLNO-ATLBROBINSON7","historical","no",3089,49.35,TRUE,41,41,TRUE,0.2,0.14,0.2,TRUE,46.4166666666667
"KXNFLFIRSTTD","KXNFLFIRSTTD-25NOV23ATLNO","2025-11","2025_12_ATL_NO","2025-11-23T21:25:00Z","random","KXNFLFIRSTTD-25NOV23ATLNO-ATLDST","historical","no",58,49.35,TRUE,38,38,TRUE,NA,0,0.04,FALSE,45.4166666666667
"KXNFLFIRSTTD","KXNFLFIRSTTD-25NOV09NYGCHI","2025-11","2025_10_NYG_CHI","2025-11-09T18:00:00Z","top_volume","KXNFLFIRSTTD-25NOV09NYGCHI-CHIKMONANGAI25","historical","yes",5997,40.9166666666667,TRUE,38,38,TRUE,0.11,0.09,0.11,TRUE,40
"KXNFLFIRSTTD","KXNFLFIRSTTD-25NOV09NYGCHI","2025-11","2025_10_NYG_CHI","2025-11-09T18:00:00Z","random","KXNFLFIRSTTD-25NOV09NYGCHI-CHIDST","historical","no",10,40.9166666666667,TRUE,37,37,TRUE,0.05,0.01,0.39,TRUE,40
"KXNFLFIRSTTD","KXNFLFIRSTTD-25OCT30BALMIA","2025-10","2025_09_BAL_MIA","2025-10-31T00:15:00Z","top_volume","KXNFLFIRSTTD-25OCT30BALMIA-BALMANDREWS89","historical","yes",49355,47.3,TRUE,39,39,TRUE,0.08,0.04,0.08,TRUE,47.25
"KXNFLFIRSTTD","KXNFLFIRSTTD-25OCT30BALMIA","2025-10","2025_09_BAL_MIA","2025-10-31T00:15:00Z","random","KXNFLFIRSTTD-25OCT30BALMIA-MIADST","historical","no",438,47.3,TRUE,37,37,TRUE,NA,0.01,0.03,TRUE,47.25
"KXNFLFIRSTTD","KXNFLFIRSTTD-25OCT23MINLAC","2025-10","2025_08_MIN_LAC","2025-10-24T00:15:00Z","top_volume","KXNFLFIRSTTD-25OCT23MINLAC-LACOGADSDEN86","historical","yes",17994,52.2333333333333,TRUE,46,46,TRUE,0.08,0.07,0.08,TRUE,47.25
"KXNFLFIRSTTD","KXNFLFIRSTTD-25OCT23MINLAC","2025-10","2025_08_MIN_LAC","2025-10-24T00:15:00Z","random","KXNFLFIRSTTD-25OCT23MINLAC-MINAJONES33","historical","no",1607,2.33333333333333,TRUE,3,3,TRUE,0.07,0.04,0.07,TRUE,2.25
"KXNFLFIRSTTD","KXNFLFIRSTTD-25OCT05TBSEA","2025-10","2025_05_TB_SEA","2025-10-05T20:05:00Z","top_volume","KXNFLFIRSTTD-25OCT05TBSEA-SEADEF","historical","no",2652,192.766666666667,TRUE,48,48,TRUE,0.03,0,0.69,TRUE,47.0833333333333
"KXNFLFIRSTTD","KXNFLFIRSTTD-25OCT05TBSEA","2025-10","2025_05_TB_SEA","2025-10-05T20:05:00Z","random","KXNFLFIRSTTD-25OCT05TBSEA-TBCGODWIN14","historical","no",1252,192.766666666667,TRUE,48,48,TRUE,0.07,0.02,0.69,TRUE,47.0833333333333
"KXNFLFIRSTTD","KXNFLFIRSTTD-25SEP21ATLCAR","2025-09","2025_03_ATL_CAR","2025-09-21T17:00:00Z","top_volume","KXNFLFIRSTTD-25SEP21ATLCAR-CARBYOUNG9","historical","yes",2296,40.35,TRUE,40,40,TRUE,0.04,0,0.04,TRUE,40
"KXNFLFIRSTTD","KXNFLFIRSTTD-25SEP21ATLCAR","2025-09","2025_03_ATL_CAR","2025-09-21T17:00:00Z","random","KXNFLFIRSTTD-25SEP21ATLCAR-CARTTREMBLE82","historical","no",0,40.35,TRUE,40,40,TRUE,NA,0,0.03,FALSE,40
"KXNFLFIRSTTD","KXNFLFIRSTTD-25SEP14CARARI","2025-09","2025_02_CAR_ARI","2025-09-14T20:05:00Z","top_volume","KXNFLFIRSTTD-25SEP14CARARI-ARIZJONES17","historical","no",8021,96.3333333333333,TRUE,48,48,TRUE,NA,0,0.04,FALSE,47.0833333333333
"KXNFLFIRSTTD","KXNFLFIRSTTD-25SEP14CARARI","2025-09","2025_02_CAR_ARI","2025-09-14T20:05:00Z","random","KXNFLFIRSTTD-25SEP14CARARI-CARJSANDERS0","historical","no",0,96.3333333333333,TRUE,48,48,TRUE,NA,0,0.04,FALSE,47.0833333333333
"KXNFLFIRSTTD","KXNFLFIRSTTD-25SEP14CLEBAL","2025-09","2025_02_CLE_BAL","2025-09-14T17:00:00Z","top_volume","KXNFLFIRSTTD-25SEP14CLEBAL-BALDHENRY22","historical","no",3995,94.2333333333333,TRUE,49,49,TRUE,0.23,0.19,0.23,TRUE,48
"KXNFLFIRSTTD","KXNFLFIRSTTD-25SEP14CLEBAL","2025-09","2025_02_CLE_BAL","2025-09-14T17:00:00Z","random","KXNFLFIRSTTD-25SEP14CLEBAL-BALLJACKSON8","historical","no",3497,94.2333333333333,TRUE,49,49,TRUE,0.11,0.05,0.11,TRUE,48
"KXNFLRECYDS","KXNFLRECYDS-26SEP27TENNYG","2026-09","2026_03_TEN_NYG","2026-09-27T17:00:00Z","top_volume","KXNFLRECYDS-26SEP27TENNYG-NYGILIKELY9-40","live","no",46141.51,80.75,TRUE,47,47,TRUE,0.45,0.44,0.45,TRUE,48
"KXNFLRECYDS","KXNFLRECYDS-26SEP27TENNYG","2026-09","2026_03_TEN_NYG","2026-09-27T17:00:00Z","random","KXNFLRECYDS-26SEP27TENNYG-NYGMNABERS1-60","live","no",1685.2,67.75,TRUE,43,43,TRUE,0.41,0.41,0.43,TRUE,48
"KXNFLRECYDS","KXNFLRECYDS-26SEP20WASDAL","2026-09","2026_02_WAS_DAL","2026-09-20T20:25:00Z","top_volume","KXNFLRECYDS-26SEP20WASDAL-DALGPICKENS3-60","live","no",40557.86,114.15,TRUE,47,47,TRUE,0.56,0.55,0.56,TRUE,47.4166666666667
"KXNFLRECYDS","KXNFLRECYDS-26SEP20WASDAL","2026-09","2026_02_WAS_DAL","2026-09-20T20:25:00Z","random","KXNFLRECYDS-26SEP20WASDAL-DALGPICKENS3-70","live","no",18156.06,114.15,TRUE,43,43,TRUE,0.46,0.45,0.46,TRUE,47.4166666666667
"KXNFLRECYDS","KXNFLRECYDS-26SEP20CINHOU","2026-09","2026_02_CIN_HOU","2026-09-20T17:00:00Z","top_volume","KXNFLRECYDS-26SEP20CINHOU-CINMGESICKI88-25","live","no",47296.19,103.733333333333,TRUE,46,46,TRUE,0.44,0.42,0.44,TRUE,48
"KXNFLRECYDS","KXNFLRECYDS-26SEP20CINHOU","2026-09","2026_02_CIN_HOU","2026-09-20T17:00:00Z","random","KXNFLRECYDS-26SEP20CINHOU-HOUNCOLLINS12-140","live","scalar",0,103.733333333333,TRUE,2,2,TRUE,NA,0.02,0.15,TRUE,43
"KXNFLRECYDS","KXNFLRECYDS-26FEB08SEANE","2026-02","2025_22_SEA_NE","2026-02-08T23:30:00Z","top_volume","KXNFLRECYDS-26FEB08SEANE-SEAKWALKER9-20","historical","yes",243835,331.9,TRUE,48,48,TRUE,0.57,0.54,0.57,TRUE,47.5
"KXNFLRECYDS","KXNFLRECYDS-26FEB08SEANE","2026-02","2025_22_SEA_NE","2026-02-08T23:30:00Z","random","KXNFLRECYDS-26FEB08SEANE-NERSTEVENSON38-40","historical","yes",8363,331.9,TRUE,48,48,TRUE,0.26,0.24,0.27,TRUE,47.5
"KXNFLRECYDS","KXNFLRECYDS-26JAN18LACHI","2026-01","2025_20_LA_CHI","2026-01-18T23:30:00Z","top_volume","KXNFLRECYDS-26JAN18LACHI-CHILBURDEN10-40","historical","no",106708,144.2,TRUE,48,48,TRUE,0.49,0.49,0.5,TRUE,47.5
"KXNFLRECYDS","KXNFLRECYDS-26JAN18LACHI","2026-01","2025_20_LA_CHI","2026-01-18T23:30:00Z","random","KXNFLRECYDS-26JAN18LACHI-LADADAMS17-50","historical","no",29650,144.2,TRUE,48,48,TRUE,0.6,0.58,0.6,TRUE,47.5
"KXNFLRECYDS","KXNFLRECYDS-26JAN10GBCHI","2026-01","2025_19_GB_CHI","2026-01-11T01:00:00Z","top_volume","KXNFLRECYDS-26JAN10GBCHI-CHICLOVELAND84-40","historical","yes",79786,128.366666666667,TRUE,48,48,TRUE,0.6,0.58,0.59,TRUE,48
"KXNFLRECYDS","KXNFLRECYDS-26JAN10GBCHI","2026-01","2025_19_GB_CHI","2026-01-11T01:00:00Z","random","KXNFLRECYDS-26JAN10GBCHI-GBJREED11-40","historical","yes",21982,128.366666666667,TRUE,47,47,TRUE,0.45,0.44,0.45,TRUE,48
"KXNFLRECYDS","KXNFLRECYDS-26JAN04MIANE","2026-01","2025_18_MIA_NE","2026-01-04T21:25:00Z","top_volume","KXNFLRECYDS-26JAN04MIANE-NEHHENRY85-50","historical","yes",4064,40.1666666666667,TRUE,37,37,TRUE,0.46,0.41,0.46,TRUE,39.4166666666667
"KXNFLRECYDS","KXNFLRECYDS-26JAN04MIANE","2026-01","2025_18_MIA_NE","2026-01-04T21:25:00Z","random","KXNFLRECYDS-26JAN04MIANE-NESDIGGS8-60","historical","no",2242,38.2333333333333,TRUE,29,29,TRUE,0.57,0.42,0.69,TRUE,37.4166666666667
"KXNFLRECYDS","KXNFLRECYDS-25DEC28TBMIA","2025-12","2025_17_TB_MIA","2025-12-28T18:00:00Z","top_volume","KXNFLRECYDS-25DEC28TBMIA-TBMEVANS13-60","historical","no",25051,60.8333333333333,TRUE,46,46,TRUE,0.51,0.48,0.51,TRUE,47
"KXNFLRECYDS","KXNFLRECYDS-25DEC28TBMIA","2025-12","2025_17_TB_MIA","2025-12-28T18:00:00Z","random","KXNFLRECYDS-25DEC28TBMIA-TBCGODWIN14-37","historical","yes",909,41.8166666666667,TRUE,15,15,TRUE,NA,0.46,0.51,TRUE,41
"KXNFLRECYDS","KXNFLRECYDS-25DEC14TENSF","2025-12","2025_15_TEN_SF","2025-12-14T21:25:00Z","top_volume","KXNFLRECYDS-25DEC14TENSF-TENCDIKE17-20","historical","no",5132,64.2333333333333,TRUE,45,45,TRUE,NA,0.69,0.74,TRUE,47.4166666666667
"KXNFLRECYDS","KXNFLRECYDS-25DEC14TENSF","2025-12","2025_15_TEN_SF","2025-12-14T21:25:00Z","random","KXNFLRECYDS-25DEC14TENSF-TENGHELM84-26","historical","yes",130,64.2333333333333,TRUE,46,46,TRUE,NA,0.45,0.52,TRUE,47.4166666666667
"KXNFLRECYDS","KXNFLRECYDS-25DEC14LVPHI","2025-12","2025_15_LV_PHI","2025-12-14T18:00:00Z","top_volume","KXNFLRECYDS-25DEC14LVPHI-LVAJEANTY2-10","historical","no",5282,60.8166666666667,TRUE,43,43,TRUE,NA,0.7,0.76,TRUE,48
"KXNFLRECYDS","KXNFLRECYDS-25DEC14LVPHI","2025-12","2025_15_LV_PHI","2025-12-14T18:00:00Z","random","KXNFLRECYDS-25DEC14LVPHI-PHIDSMITH6-80","historical","no",24,60.8166666666667,TRUE,47,47,TRUE,0.25,0.21,0.25,TRUE,48
"KXNFLRECYDS","KXNFLRECYDS-25NOV30BUFPIT","2025-11","2025_13_BUF_PIT","2025-11-30T21:25:00Z","top_volume","KXNFLRECYDS-25NOV30BUFPIT-PITKGAINWELL14-20","historical","yes",6275,46.2333333333333,TRUE,42,42,TRUE,NA,0.44,0.5,TRUE,45.4166666666667
"KXNFLRECYDS","KXNFLRECYDS-25NOV30BUFPIT","2025-11","2025_13_BUF_PIT","2025-11-30T21:25:00Z","random","KXNFLRECYDS-25NOV30BUFPIT-PITJWARREN30-20","historical","no",181,46.2333333333333,TRUE,43,43,TRUE,0.2,0.13,0.2,TRUE,45.4166666666667
"KXNFLRECYDS","KXNFLRECYDS-25NOV30ATLNYJ","2025-11","2025_13_ATL_NYJ","2025-11-30T18:00:00Z","top_volume","KXNFLRECYDS-25NOV30ATLNYJ-NYJMTAYLOR85-40","historical","no",4195,42.8333333333333,TRUE,41,41,TRUE,NA,0.28,0.34,TRUE,42
"KXNFLRECYDS","KXNFLRECYDS-25NOV30ATLNYJ","2025-11","2025_13_ATL_NYJ","2025-11-30T18:00:00Z","random","KXNFLRECYDS-25NOV30ATLNYJ-ATLDSILLS87-21","historical","no",110,42.8333333333333,TRUE,42,42,TRUE,NA,0.47,0.53,TRUE,42
"KXNFLRECYDS","KXNFLRECYDS-25NOV02LACTEN","2025-11","2025_09_LAC_TEN","2025-11-02T18:00:00Z","top_volume","KXNFLRECYDS-25NOV02LACTEN-TENCDIKE17-60","historical","no",1368,42.6,TRUE,29,29,TRUE,0.28,0.18,0.26,TRUE,29
"KXNFLRECYDS","KXNFLRECYDS-25NOV02LACTEN","2025-11","2025_09_LAC_TEN","2025-11-02T18:00:00Z","random","KXNFLRECYDS-25NOV02LACTEN-TENCDIKE17-30","historical","no",266,42.6,TRUE,29,29,TRUE,0.63,0.56,0.63,TRUE,29
"KXNFLRECYDS","KXNFLRECYDS-25OCT19LVKC","2025-10","2025_07_LV_KC","2025-10-19T17:00:00Z","top_volume","KXNFLRECYDS-25OCT19LVKC-KCTKELCE87-30","historical","yes",2675,41.1833333333333,TRUE,39,39,TRUE,0.68,0.61,0.68,TRUE,41
"KXNFLRECYDS","KXNFLRECYDS-25OCT19LVKC","2025-10","2025_07_LV_KC","2025-10-19T17:00:00Z","random","KXNFLRECYDS-25OCT19LVKC-KCMBROWN5-20","historical","no",686,41.1833333333333,TRUE,39,39,TRUE,0.63,0.3,0.63,TRUE,41
"KXNFLRECYDS","KXNFLRECYDS-25OCT12DETKC","2025-10","2025_06_DET_KC","2025-10-13T00:20:00Z","top_volume","KXNFLRECYDS-25OCT12DETKC-KCTTHORNTON80-40","historical","no",8341,45.5333333333333,TRUE,39,39,TRUE,0.37,0.1,0.37,TRUE,38.3333333333333
"KXNFLRECYDS","KXNFLRECYDS-25OCT12DETKC","2025-10","2025_06_DET_KC","2025-10-13T00:20:00Z","random","KXNFLRECYDS-25OCT12DETKC-KCTTHORNTON80-10","historical","no",1478,45.5333333333333,TRUE,39,39,TRUE,0.78,0.72,0.78,TRUE,38.3333333333333
"KXNFLRECYDS","KXNFLRECYDS-25OCT06KCJAC","2025-10","2025_05_KC_JAX","2025-10-07T00:15:00Z","top_volume","KXNFLRECYDS-25OCT06KCJAC-KCTTHORNTON8020","historical","yes",3161,2.36666666666667,TRUE,3,3,TRUE,0.5,0.26,0.5,TRUE,2.25
"KXNFLRECYDS","KXNFLRECYDS-25OCT06KCJAC","2025-10","2025_05_KC_JAX","2025-10-07T00:15:00Z","random","KXNFLRECYDS-25OCT06KCJAC-KCIPACHECO100","historical","yes",0,2.36666666666667,TRUE,2,2,TRUE,NA,0.05,0.99,TRUE,2.25
"KXNFLRSHYDS","KXNFLRSHYDS-26SEP20INDKC","2026-09","2026_02_IND_KC","2026-09-21T00:20:00Z","top_volume","KXNFLRSHYDS-26SEP20INDKC-KCKWALKER9-80","live","yes",270409.47,118.066666666667,TRUE,47,47,TRUE,0.56,0.54,0.56,TRUE,47.3333333333333
"KXNFLRSHYDS","KXNFLRSHYDS-26SEP20INDKC","2026-09","2026_02_IND_KC","2026-09-21T00:20:00Z","random","KXNFLRSHYDS-26SEP20INDKC-INDJTAYLOR28-100","live","no",94107.39,118.066666666667,TRUE,48,48,TRUE,0.31,0.3,0.31,TRUE,47.3333333333333
"KXNFLRSHYDS","KXNFLRSHYDS-26SEP13CLEJAC","2026-09","2026_01_CLE_JAX","2026-09-13T17:00:00Z","top_volume","KXNFLRSHYDS-26SEP13CLEJAC-JACBTUTEN33-50","live","yes",19740.54,88.75,TRUE,49,49,TRUE,0.41,0.39,0.41,TRUE,48
"KXNFLRSHYDS","KXNFLRSHYDS-26SEP13CLEJAC","2026-09","2026_01_CLE_JAX","2026-09-13T17:00:00Z","random","KXNFLRSHYDS-26SEP13CLEJAC-JACTLAWRENCE16-60","live","no",883,92.8166666666667,TRUE,31,31,TRUE,NA,0.03,0.06,TRUE,39
"KXNFLRSHYDS","KXNFLRSHYDS-26SEP10SFLAR","2026-09","2026_01_SF_LA","2026-09-11T00:35:00Z","top_volume","KXNFLRSHYDS-26SEP10SFLAR-SFCMCCAFFREY23-60","live","yes",181741.49,336.816666666667,TRUE,46,46,TRUE,0.47,0.47,0.48,TRUE,47.5833333333333
"KXNFLRSHYDS","KXNFLRSHYDS-26SEP10SFLAR","2026-09","2026_01_SF_LA","2026-09-11T00:35:00Z","random","KXNFLRSHYDS-26SEP10SFLAR-SFDSAMUEL19-40","live","no",609,1.25,TRUE,1,1,TRUE,NA,0.02,0.08,TRUE,0.583333333333333
"KXNFLRSHYDS","KXNFLRSHYDS-26FEB08SEANE","2026-02","2025_22_SEA_NE","2026-02-08T23:30:00Z","top_volume","KXNFLRSHYDS-26FEB08SEANE-NETHENDERSON32-20","historical","no",220165,49,TRUE,48,48,TRUE,0.54,0.5,0.54,TRUE,47.5
"KXNFLRSHYDS","KXNFLRSHYDS-26FEB08SEANE","2026-02","2025_22_SEA_NE","2026-02-08T23:30:00Z","random","KXNFLRSHYDS-26FEB08SEANE-NETHENDERSON32-10","historical","yes",80890,331.9,TRUE,47,47,TRUE,0.77,0.74,0.77,TRUE,47.5
"KXNFLRSHYDS","KXNFLRSHYDS-26JAN17BUFDEN","2026-01","2025_20_BUF_DEN","2026-01-17T21:30:00Z","top_volume","KXNFLRSHYDS-26JAN17BUFDEN-DENBNIX10-30","historical","no",94669,118.2,TRUE,48,48,TRUE,0.43,0.42,0.43,TRUE,47.5
"KXNFLRSHYDS","KXNFLRSHYDS-26JAN17BUFDEN","2026-01","2025_20_BUF_DEN","2026-01-17T21:30:00Z","random","KXNFLRSHYDS-26JAN17BUFDEN-BUFJALLEN17-30","historical","yes",42631,118.2,TRUE,47,47,TRUE,0.63,0.62,0.63,TRUE,47.5
"KXNFLRSHYDS","KXNFLRSHYDS-26JAN12HOUPIT","2026-01","2025_19_HOU_PIT","2026-01-13T01:00:00Z","top_volume","KXNFLRSHYDS-26JAN12HOUPIT-PITARODGERS8-10","historical","no",84338,130.833333333333,TRUE,49,49,TRUE,0.26,0.25,0.26,TRUE,48
"KXNFLRSHYDS","KXNFLRSHYDS-26JAN12HOUPIT","2026-01","2025_19_HOU_PIT","2026-01-13T01:00:00Z","random","KXNFLRSHYDS-26JAN12HOUPIT-HOUWMARKS27-40","historical","yes",8025,170.75,TRUE,47,47,TRUE,0.75,0.71,0.75,TRUE,48
"KXNFLRSHYDS","KXNFLRSHYDS-26JAN04BALPIT","2026-01","2025_18_BAL_PIT","2026-01-05T01:20:00Z","top_volume","KXNFLRSHYDS-26JAN04BALPIT-BALDHENRY22-90","historical","yes",191889,66.0666666666667,TRUE,48,48,TRUE,0.51,0.5,0.51,TRUE,47.3333333333333
"KXNFLRSHYDS","KXNFLRSHYDS-26JAN04BALPIT","2026-01","2025_18_BAL_PIT","2026-01-05T01:20:00Z","random","KXNFLRSHYDS-26JAN04BALPIT-PITARODGERS8-10","historical","yes",29938,66.0666666666667,TRUE,47,47,TRUE,0.22,0.2,0.22,TRUE,47.3333333333333
"KXNFLRSHYDS","KXNFLRSHYDS-25DEC21PITDET","2025-12","2025_16_PIT_DET","2025-12-21T21:25:00Z","top_volume","KXNFLRSHYDS-25DEC21PITDET-DETJGIBBS0-60","historical","no",24312,64.2333333333333,TRUE,42,42,TRUE,0.7,0.65,0.7,TRUE,47.4166666666667
"KXNFLRSHYDS","KXNFLRSHYDS-25DEC21PITDET","2025-12","2025_16_PIT_DET","2025-12-21T21:25:00Z","random","KXNFLRSHYDS-25DEC21PITDET-DETJGIBBS0-75","historical","no",2759,64.2333333333333,TRUE,43,43,TRUE,0.55,0.49,0.55,TRUE,47.4166666666667
"KXNFLRSHYDS","KXNFLRSHYDS-25DEC21TBCAR","2025-12","2025_16_TB_CAR","2025-12-21T18:00:00Z","top_volume","KXNFLRSHYDS-25DEC21TBCAR-CARRDOWDLE5-40","historical","no",8498,60.8333333333333,TRUE,43,43,TRUE,0.76,0.7,0.76,TRUE,48
"KXNFLRSHYDS","KXNFLRSHYDS-25DEC21TBCAR","2025-12","2025_16_TB_CAR","2025-12-21T18:00:00Z","random","KXNFLRSHYDS-25DEC21TBCAR-CARCHUBBARD30-30","historical","no",4217,60.8333333333333,TRUE,40,40,TRUE,0.57,0.51,0.57,TRUE,48
"KXNFLRSHYDS","KXNFLRSHYDS-25DEC14BUFNE","2025-12","2025_15_BUF_NE","2025-12-14T18:00:00Z","top_volume","KXNFLRSHYDS-25DEC14BUFNE-BUFJCOOK4-90","historical","yes",4515,60.8166666666667,TRUE,48,48,TRUE,0.03,0.41,0.48,TRUE,48
"KXNFLRSHYDS","KXNFLRSHYDS-25DEC14BUFNE","2025-12","2025_15_BUF_NE","2025-12-14T18:00:00Z","random","KXNFLRSHYDS-25DEC14BUFNE-BUFJALLEN17-60","historical","no",197,60.8166666666667,TRUE,46,46,TRUE,NA,0.17,0.21,TRUE,48
"KXNFLRSHYDS","KXNFLRSHYDS-25NOV27KCDAL","2025-11","2025_13_KC_DAL","2025-11-27T21:30:00Z","top_volume","KXNFLRSHYDS-25NOV27KCDAL-KCPMAHOMES15-30","historical","yes",22578,46.3333333333333,TRUE,42,42,TRUE,0.37,0.34,0.37,TRUE,45.5
"KXNFLRSHYDS","KXNFLRSHYDS-25NOV27KCDAL","2025-11","2025_13_KC_DAL","2025-11-27T21:30:00Z","random","KXNFLRSHYDS-25NOV27KCDAL-KCPMAHOMES15-22","historical","yes",10404,46.3333333333333,TRUE,44,44,TRUE,0.54,0.49,0.54,TRUE,45.5
"KXNFLRSHYDS","KXNFLRSHYDS-25NOV17DALLV","2025-11","2025_11_DAL_LV","2025-11-18T01:15:00Z","top_volume","KXNFLRSHYDS-25NOV17DALLV-LVAJEANTY2-70","historical","no",11332,75.1,TRUE,44,44,TRUE,0.48,0.46,0.48,TRUE,46.25
"KXNFLRSHYDS","KXNFLRSHYDS-25NOV17DALLV","2025-11","2025_11_DAL_LV","2025-11-18T01:15:00Z","random","KXNFLRSHYDS-25NOV17DALLV-DALDPRESCOTT4-10","historical","no",1244,45.45,TRUE,40,40,TRUE,0.54,0.46,0.54,TRUE,45.25
"KXNFLRSHYDS","KXNFLRSHYDS-25NOV06LVDEN","2025-11","2025_10_LV_DEN","2025-11-07T01:15:00Z","top_volume","KXNFLRSHYDS-25NOV06LVDEN-DENBNIX10-20","historical","no",12389,47.2833333333333,TRUE,38,38,TRUE,0.57,0.56,0.57,TRUE,47.25
"KXNFLRSHYDS","KXNFLRSHYDS-25NOV06LVDEN","2025-11","2025_10_LV_DEN","2025-11-07T01:15:00Z","random","KXNFLRSHYDS-25NOV06LVDEN-DENJDOBBINS27-70","historical","yes",3632,47.2833333333333,TRUE,38,38,TRUE,0.54,0.47,0.54,TRUE,47.25
"KXNFLRSHYDS","KXNFLRSHYDS-25OCT12NENO","2025-10","2025_06_NE_NO","2025-10-12T17:00:00Z","top_volume","KXNFLRSHYDS-25OCT12NENO-NETHENDERSON32-20","historical","yes",460,38.2166666666667,TRUE,32,32,TRUE,NA,0.01,0.84,TRUE,38
"KXNFLRSHYDS","KXNFLRSHYDS-25OCT12NENO","2025-10","2025_06_NE_NO","2025-10-12T17:00:00Z","random","KXNFLRSHYDS-25OCT12NENO-NETHENDERSON32-60","historical","no",133,38.2166666666667,TRUE,33,33,TRUE,0.27,0,0.26,TRUE,38
"KXNFLRSHYDS","KXNFLRSHYDS-25OCT09PHINYG","2025-10","2025_06_PHI_NYG","2025-10-10T00:15:00Z","top_volume","KXNFLRSHYDS-25OCT09PHINYG-NYGCSKATTEBO44-60","historical","yes",22694,44.1666666666667,TRUE,43,43,TRUE,0.38,0.25,0.38,TRUE,43.25
"KXNFLRSHYDS","KXNFLRSHYDS-25OCT09PHINYG","2025-10","2025_06_PHI_NYG","2025-10-10T00:15:00Z","random","KXNFLRSHYDS-25OCT09PHINYG-PHISBARKLEY26-90","historical","no",8422,44.1666666666667,TRUE,42,42,TRUE,0.49,0.45,0.49,TRUE,43.25
"KXNFLRSHYDS","KXNFLRSHYDS-25OCT06KCJAC","2025-10","2025_05_KC_JAX","2025-10-07T00:15:00Z","top_volume","KXNFLRSHYDS-25OCT06KCJAC-JACTETIENNE170","historical","no",7736,2.36666666666667,TRUE,3,3,TRUE,0.48,0.38,0.47,TRUE,2.25
"KXNFLRSHYDS","KXNFLRSHYDS-25OCT06KCJAC","2025-10","2025_05_KC_JAX","2025-10-07T00:15:00Z","random","KXNFLRSHYDS-25OCT06KCJAC-KCKHUNT2920","historical","yes",393,2.36666666666667,TRUE,3,3,TRUE,0.72,0.3,0.71,TRUE,2.25
"KXNFLPASSYDS","KXNFLPASSYDS-26SEP28PHICHI","2026-09","2026_03_PHI_CHI","2026-09-29T00:15:00Z","top_volume","KXNFLPASSYDS-26SEP28PHICHI-CHICKEENUM11-175","live","yes",274013.72,73.9833333333333,TRUE,48,48,TRUE,0.42,0.41,0.42,TRUE,47.25
"KXNFLPASSYDS","KXNFLPASSYDS-26SEP28PHICHI","2026-09","2026_03_PHI_CHI","2026-09-29T00:15:00Z","random","KXNFLPASSYDS-26SEP28PHICHI-CHICKEENUM11-350","live","no",5851.72,8.08333333333333,TRUE,8,8,TRUE,0.02,0.01,0.02,TRUE,7.25
"KXNFLPASSYDS","KXNFLPASSYDS-26SEP20SEAARI","2026-09","2026_02_SEA_ARI","2026-09-20T20:25:00Z","top_volume","KXNFLPASSYDS-26SEP20SEAARI-ARIJBRISSETT7-225","live","no",22301.89,99.1666666666667,TRUE,44,44,TRUE,0.45,0.45,0.46,TRUE,47.4166666666667
"KXNFLPASSYDS","KXNFLPASSYDS-26SEP20SEAARI","2026-09","2026_02_SEA_ARI","2026-09-20T20:25:00Z","random","KXNFLPASSYDS-26SEP20SEAARI-SEADLOCK2-325","live","no",128.56,99.1666666666667,TRUE,31,31,TRUE,NA,0.05,0.06,TRUE,47.4166666666667
"KXNFLPASSYDS","KXNFLPASSYDS-26SEP13MIALV","2026-09","2026_01_MIA_LV","2026-09-13T20:25:00Z","top_volume","KXNFLPASSYDS-26SEP13MIALV-LVKCOUSINS8-200","live","no",24472.92,215.35,TRUE,44,44,TRUE,0.53,0.53,0.54,TRUE,47.4166666666667
"KXNFLPASSYDS","KXNFLPASSYDS-26SEP13MIALV","2026-09","2026_01_MIA_LV","2026-09-13T20:25:00Z","random","KXNFLPASSYDS-26SEP13MIALV-LVKCOUSINS8-250","live","no",2855.43,215.35,TRUE,48,48,TRUE,NA,0.24,0.25,TRUE,47.4166666666667
"KXNFLPASSYDS","KXNFLPASSYDS-26FEB08SEANE","2026-02","2025_22_SEA_NE","2026-02-08T23:30:00Z","top_volume","KXNFLPASSYDS-26FEB08SEANE-SEASDARNOLD14-200","historical","yes",188096,331.9,TRUE,48,48,TRUE,0.86,0.72,0.86,TRUE,47.5
"KXNFLPASSYDS","KXNFLPASSYDS-26FEB08SEANE","2026-02","2025_22_SEA_NE","2026-02-08T23:30:00Z","random","KXNFLPASSYDS-26FEB08SEANE-NEDMAYE10-325","historical","no",16086,331.9,TRUE,47,47,TRUE,0.11,0.1,0.11,TRUE,47.5
"KXNFLPASSYDS","KXNFLPASSYDS-26JAN17SFSEA","2026-01","2025_20_SF_SEA","2026-01-18T01:00:00Z","top_volume","KXNFLPASSYDS-26JAN17SFSEA-SFBPURDY13-225","historical","no",61439,121.7,TRUE,48,48,TRUE,0.54,0.52,0.54,TRUE,48
"KXNFLPASSYDS","KXNFLPASSYDS-26JAN17SFSEA","2026-01","2025_20_SF_SEA","2026-01-18T01:00:00Z","random","KXNFLPASSYDS-26JAN17SFSEA-SFBPURDY13-300","historical","no",10762,121.7,TRUE,47,47,TRUE,0.18,0.13,0.17,TRUE,48
"KXNFLPASSYDS","KXNFLPASSYDS-26JAN04WASPHI","2026-01","2025_18_WAS_PHI","2026-01-04T21:25:00Z","top_volume","KXNFLPASSYDS-26JAN04WASPHI-WASJJOHNSON14-225","historical","no",2546,50.1666666666667,TRUE,40,40,TRUE,0.26,0.19,0.25,TRUE,46.4166666666667
"KXNFLPASSYDS","KXNFLPASSYDS-26JAN04WASPHI","2026-01","2025_18_WAS_PHI","2026-01-04T21:25:00Z","random","KXNFLPASSYDS-26JAN04WASPHI-WASJJOHNSON14-175","historical","no",831,50.1666666666667,TRUE,41,41,TRUE,0.55,0.49,0.55,TRUE,46.4166666666667
"KXNFLPASSYDS","KXNFLPASSYDS-26JAN04KCLV","2026-01","2025_18_KC_LV","2026-01-04T21:25:00Z","top_volume","KXNFLPASSYDS-26JAN04KCLV-KCCOLADOKUN19-139","historical","no",2670,54.15,TRUE,36,36,TRUE,0.66,0.55,0.66,TRUE,46.4166666666667
"KXNFLPASSYDS","KXNFLPASSYDS-26JAN04KCLV","2026-01","2025_18_KC_LV","2026-01-04T21:25:00Z","random","KXNFLPASSYDS-26JAN04KCLV-KCCOLADOKUN19-225","historical","no",978,54.15,TRUE,36,36,TRUE,NA,0.06,0.14,TRUE,46.4166666666667
"KXNFLPASSYDS","KXNFLPASSYDS-25DEC14BALCIN","2025-12","2025_15_BAL_CIN","2025-12-14T18:00:00Z","top_volume","KXNFLPASSYDS-25DEC14BALCIN-CINJBURROW9-175","historical","yes",14698,60.8166666666667,TRUE,41,41,TRUE,NA,0.89,0.91,TRUE,48
"KXNFLPASSYDS","KXNFLPASSYDS-25DEC14BALCIN","2025-12","2025_15_BAL_CIN","2025-12-14T18:00:00Z","random","KXNFLPASSYDS-25DEC14BALCIN-CINJBURROW9-250","historical","no",2422,60.8166666666667,TRUE,47,47,TRUE,0.6,0.54,0.6,TRUE,48
"KXNFLPASSYDS","KXNFLPASSYDS-25DEC07NOTB","2025-12","2025_14_NO_TB","2025-12-07T18:00:00Z","top_volume","KXNFLPASSYDS-25DEC07NOTB-TBBMAYFIELD6-175","historical","no",2532,47.6666666666667,TRUE,38,38,TRUE,NA,0.73,0.78,TRUE,47
"KXNFLPASSYDS","KXNFLPASSYDS-25DEC07NOTB","2025-12","2025_14_NO_TB","2025-12-07T18:00:00Z","random","KXNFLPASSYDS-25DEC07NOTB-TBBMAYFIELD6-200","historical","no",1739,47.6666666666667,TRUE,42,42,TRUE,0.64,0.58,0.64,TRUE,47
"KXNFLPASSYDS","KXNFLPASSYDS-25DEC01NYGNE","2025-12","2025_13_NYG_NE","2025-12-02T01:15:00Z","top_volume","KXNFLPASSYDS-25DEC01NYGNE-NEDMAYE10-175","historical","yes",23637,74.0666666666667,TRUE,41,41,TRUE,0.91,0.86,0.89,TRUE,47.25
"KXNFLPASSYDS","KXNFLPASSYDS-25DEC01NYGNE","2025-12","2025_13_NYG_NE","2025-12-02T01:15:00Z","random","KXNFLPASSYDS-25DEC01NYGNE-NEDMAYE10-350","historical","no",1305,74.0666666666667,TRUE,45,45,TRUE,NA,0.05,0.09,TRUE,47.25
"KXNFLPASSYDS","KXNFLPASSYDS-25NOV30BUFPIT","2025-11","2025_13_BUF_PIT","2025-11-30T21:25:00Z","top_volume","KXNFLPASSYDS-25NOV30BUFPIT-PITARODGERS8-175","historical","no",9016,46.2333333333333,TRUE,42,42,TRUE,NA,0.66,0.7,TRUE,45.4166666666667
"KXNFLPASSYDS","KXNFLPASSYDS-25NOV30BUFPIT","2025-11","2025_13_BUF_PIT","2025-11-30T21:25:00Z","random","KXNFLPASSYDS-25NOV30BUFPIT-PITARODGERS8-175","historical","no",9016,46.2333333333333,TRUE,42,42,TRUE,NA,0.66,0.7,TRUE,45.4166666666667
"KXNFLPASSYDS","KXNFLPASSYDS-25NOV23NYGDET","2025-11","2025_12_NYG_DET","2025-11-23T18:00:00Z","top_volume","KXNFLPASSYDS-25NOV23NYGDET-DETJGOFF16-275","historical","yes",4250,45.4833333333333,TRUE,42,42,TRUE,0.35,0.35,0.41,TRUE,45
"KXNFLPASSYDS","KXNFLPASSYDS-25NOV23NYGDET","2025-11","2025_12_NYG_DET","2025-11-23T18:00:00Z","random","KXNFLPASSYDS-25NOV23NYGDET-NYGJWINSTON19-226","historical","yes",734,45.4833333333333,TRUE,41,41,TRUE,NA,0.47,0.54,TRUE,45
"KXNFLPASSYDS","KXNFLPASSYDS-25NOV16HOUTEN","2025-11","2025_11_HOU_TEN","2025-11-16T18:00:00Z","top_volume","KXNFLPASSYDS-25NOV16HOUTEN-TENCWARD1-175","historical","yes",14428,43.8666666666667,TRUE,40,40,TRUE,NA,0.5,0.57,TRUE,43
"KXNFLPASSYDS","KXNFLPASSYDS-25NOV16HOUTEN","2025-11","2025_11_HOU_TEN","2025-11-16T18:00:00Z","random","KXNFLPASSYDS-25NOV16HOUTEN-TENCWARD1-175","historical","yes",14428,43.8666666666667,TRUE,40,40,TRUE,NA,0.5,0.57,TRUE,43
"KXNFLPASSYDS","KXNFLPASSYDS-25OCT26BUFCAR","2025-10","2025_08_BUF_CAR","2025-10-26T17:00:00Z","top_volume","KXNFLPASSYDS-25OCT26BUFCAR-BUFJALLEN17-175","historical","no",2171,41.9333333333333,TRUE,34,34,TRUE,0.85,0.77,0.85,TRUE,41
"KXNFLPASSYDS","KXNFLPASSYDS-25OCT26BUFCAR","2025-10","2025_08_BUF_CAR","2025-10-26T17:00:00Z","random","KXNFLPASSYDS-25OCT26BUFCAR-CARADALTON14-250","historical","no",15,41.9333333333333,TRUE,38,38,TRUE,0.3,0.24,0.31,TRUE,41
"KXNFLPASSYDS","KXNFLPASSYDS-25OCT19ATLSF","2025-10","2025_07_ATL_SF","2025-10-20T00:20:00Z","top_volume","KXNFLPASSYDS-25OCT19ATLSF-ATLMPENIX9-200","historical","yes",4158,48.5166666666667,TRUE,24,24,TRUE,0.67,0.61,0.67,TRUE,45.3333333333333
"KXNFLPASSYDS","KXNFLPASSYDS-25OCT19ATLSF","2025-10","2025_07_ATL_SF","2025-10-20T00:20:00Z","random","KXNFLPASSYDS-25OCT19ATLSF-ATLMPENIX9-250","historical","no",1920,48.5166666666667,TRUE,20,20,TRUE,0.35,0.3,0.35,TRUE,32.3333333333333
"KXNFLPASSYDS","KXNFLPASSYDS-25OCT19NOCHI","2025-10","2025_07_NO_CHI","2025-10-19T17:00:00Z","top_volume","KXNFLPASSYDS-25OCT19NOCHI-CHICWILLIAMS18-200","historical","no",1673,41.1833333333333,TRUE,38,38,TRUE,0.62,0.57,0.63,TRUE,41
"KXNFLPASSYDS","KXNFLPASSYDS-25OCT19NOCHI","2025-10","2025_07_NO_CHI","2025-10-19T17:00:00Z","random","KXNFLPASSYDS-25OCT19NOCHI-CHICWILLIAMS18-350","historical","no",13,41.1833333333333,TRUE,30,30,TRUE,0.07,0.02,0.07,TRUE,41
"KXNFLREC","KXNFLREC-26SEP27CINPIT","2026-09","2026_03_CIN_PIT","2026-09-27T17:00:00Z","top_volume","KXNFLREC-26SEP27CINPIT-PITPFREIERMUTH88-4","live","no",39552.77,71.7333333333333,TRUE,49,49,TRUE,0.56,0.55,0.56,TRUE,48
"KXNFLREC","KXNFLREC-26SEP27CINPIT","2026-09","2026_03_CIN_PIT","2026-09-27T17:00:00Z","random","KXNFLREC-26SEP27CINPIT-CINCBROWN30-3","live","no",1371.87,71.7333333333333,TRUE,41,41,TRUE,0.65,0.64,0.65,TRUE,48
"KXNFLREC","KXNFLREC-26SEP20MIASF","2026-09","2026_02_MIA_SF","2026-09-20T20:25:00Z","top_volume","KXNFLREC-26SEP20MIASF-MIAGDULCICH85-3","live","no",46269.76,71.1,TRUE,47,47,TRUE,0.44,0.43,0.44,TRUE,47.4166666666667
"KXNFLREC","KXNFLREC-26SEP20MIASF","2026-09","2026_02_MIA_SF","2026-09-20T20:25:00Z","random","KXNFLREC-26SEP20MIASF-MIAMWASHINGTON6-8","live","no",78.18,71.1,TRUE,25,25,TRUE,NA,0.02,0.06,TRUE,43.4166666666667
"KXNFLREC","KXNFLREC-26SEP20CARATL","2026-09","2026_02_CAR_ATL","2026-09-20T17:00:00Z","top_volume","KXNFLREC-26SEP20CARATL-ATLKPITTS8-4","live","no",52426.58,59.7166666666667,TRUE,48,48,TRUE,0.5,0.49,0.5,TRUE,48
"KXNFLREC","KXNFLREC-26SEP20CARATL","2026-09","2026_02_CAR_ATL","2026-09-20T17:00:00Z","random","KXNFLREC-26SEP20CARATL-ATLOZACCHEAUS14-5","live","no",0,17.75,TRUE,13,13,TRUE,NA,0,0.05,FALSE,17
"KXNFLREC","KXNFLREC-26FEB08SEANE","2026-02","2025_22_SEA_NE","2026-02-08T23:30:00Z","top_volume","KXNFLREC-26FEB08SEANE-SEAKWALKER9-3","historical","no",48932,331.866666666667,TRUE,46,46,TRUE,0.55,0.53,0.55,TRUE,47.5
"KXNFLREC","KXNFLREC-26FEB08SEANE","2026-02","2025_22_SEA_NE","2026-02-08T23:30:00Z","random","KXNFLREC-26FEB08SEANE-SEAGHOLANI36-5","historical","no",294,51.8666666666667,TRUE,40,40,TRUE,0.13,0.04,0.13,TRUE,44.5
"KXNFLREC","KXNFLREC-26JAN10LACAR","2026-01","2025_19_LA_CAR","2026-01-10T21:30:00Z","top_volume","KXNFLREC-26JAN10LACAR-LAPNACUA12-10","historical","yes",12176,121.166666666667,TRUE,45,45,TRUE,0.2,0.16,0.2,TRUE,47.5
"KXNFLREC","KXNFLREC-26JAN10LACAR","2026-01","2025_19_LA_CAR","2026-01-10T21:30:00Z","random","KXNFLREC-26JAN10LACAR-CARJHORN15-3","historical","no",335,5.25,TRUE,5,5,TRUE,NA,0.02,0.12,TRUE,4.5
"KXNFLREC","KXNFLREC-26JAN04GBMIN","2026-01","2025_18_GB_MIN","2026-01-04T18:00:00Z","top_volume","KXNFLREC-26JAN04GBMIN-MINJJEFFERSON18-8","historical","yes",3272,15.6666666666667,TRUE,16,16,TRUE,NA,0.2,0.27,TRUE,15
"KXNFLREC","KXNFLREC-26JAN04GBMIN","2026-01","2025_18_GB_MIN","2026-01-04T18:00:00Z","random","KXNFLREC-26JAN04GBMIN-MINJADDISON3-5","historical","no",19,9.73333333333333,TRUE,7,7,TRUE,0.25,0.09,0.25,TRUE,8
"KXNFLREC","KXNFLREC-26JAN03SEASF","2026-01","2025_18_SEA_SF","2026-01-04T01:00:00Z","top_volume","KXNFLREC-26JAN03SEASF-SEAJSMITHNJIGBA11-7","historical","no",6295,79.3166666666667,TRUE,43,43,TRUE,0.6,0.57,0.6,TRUE,48
"KXNFLREC","KXNFLREC-26JAN03SEASF","2026-01","2025_18_SEA_SF","2026-01-04T01:00:00Z","random","KXNFLREC-26JAN03SEASF-SFJJENNINGS15-2","historical","yes",105,79.3166666666667,TRUE,40,40,TRUE,NA,0.88,0.9,TRUE,48
"KXNFLREC","KXNFLREC-25DEC14MINDAL","2025-12","2025_15_MIN_DAL","2025-12-15T01:20:00Z","top_volume","KXNFLREC-25DEC14MINDAL-MINJNAILOR1-2","historical","yes",4524,50.0666666666667,TRUE,41,41,TRUE,0.47,0.45,0.47,TRUE,47.3333333333333
"KXNFLREC","KXNFLREC-25DEC14MINDAL","2025-12","2025_15_MIN_DAL","2025-12-15T01:20:00Z","random","KXNFLREC-25DEC14MINDAL-MINJADDISON3-4","historical","no",898,50.0666666666667,TRUE,41,41,TRUE,0.52,0.52,0.54,TRUE,47.3333333333333
"KXNFLREC","KXNFLREC-25DEC14ARIHOU","2025-12","2025_15_ARI_HOU","2025-12-14T18:00:00Z","top_volume","KXNFLREC-25DEC14ARIHOU-ARITMCBRIDE85-10","historical","yes",3036,60.7166666666667,TRUE,46,46,TRUE,NA,0.13,0.2,TRUE,48
"KXNFLREC","KXNFLREC-25DEC14ARIHOU","2025-12","2025_15_ARI_HOU","2025-12-14T18:00:00Z","random","KXNFLREC-25DEC14ARIHOU-HOUCKIRK13-1","historical","no",7,42.7333333333333,TRUE,30,30,TRUE,NA,0.01,0.86,TRUE,42
"KXNFLREC","KXNFLREC-25DEC07SEAATL","2025-12","2025_14_SEA_ATL","2025-12-07T18:00:00Z","top_volume","KXNFLREC-25DEC07SEAATL-ATLKPITTS8-8","historical","no",922,42.7333333333333,TRUE,40,40,TRUE,NA,0.19,0.26,TRUE,42
"KXNFLREC","KXNFLREC-25DEC07SEAATL","2025-12","2025_14_SEA_ATL","2025-12-07T18:00:00Z","random","KXNFLREC-25DEC07SEAATL-SEAJSMITHNJIGBA11-7","historical","yes",54,47.5833333333333,TRUE,45,45,TRUE,NA,0.47,0.53,TRUE,47
"KXNFLREC","KXNFLREC-25NOV30MINSEA","2025-11","2025_13_MIN_SEA","2025-11-30T21:05:00Z","top_volume","KXNFLREC-25NOV30MINSEA-SEAJSMITHNJIGBA11-6","historical","no",1818,45.8333333333333,TRUE,42,42,TRUE,NA,0.65,0.72,TRUE,45.0833333333333
"KXNFLREC","KXNFLREC-25NOV30MINSEA","2025-11","2025_13_MIN_SEA","2025-11-30T21:05:00Z","random","KXNFLREC-25NOV30MINSEA-MINAJONES33-1","historical","yes",30,45.8333333333333,TRUE,8,8,TRUE,NA,0.01,0.99,TRUE,45.0833333333333
"KXNFLREC","KXNFLREC-25NOV23PHIDAL","2025-11","2025_12_PHI_DAL","2025-11-23T21:25:00Z","top_volume","KXNFLREC-25NOV23PHIDAL-PHISBARKLEY26-3","historical","yes",3516,48.6833333333333,TRUE,45,45,TRUE,0.51,0.45,0.51,TRUE,46.4166666666667
"KXNFLREC","KXNFLREC-25NOV23PHIDAL","2025-11","2025_12_PHI_DAL","2025-11-23T21:25:00Z","random","KXNFLREC-25NOV23PHIDAL-DALJFERGUSON87-4","historical","yes",49,48.6833333333333,TRUE,43,43,TRUE,NA,0.61,0.68,TRUE,46.4166666666667
"KXNFLREC","KXNFLREC-25NOV23CLELV","2025-11","2025_12_CLE_LV","2025-11-23T21:05:00Z","top_volume","KXNFLREC-25NOV23CLELV-LVTLOCKETT17-5","historical","no",2087,48.35,TRUE,43,43,TRUE,NA,0.04,0.12,TRUE,46.0833333333333
"KXNFLREC","KXNFLREC-25NOV23CLELV","2025-11","2025_12_CLE_LV","2025-11-23T21:05:00Z","random","KXNFLREC-25NOV23CLELV-LVAJEANTY2-4","historical","yes",81,48.35,TRUE,46,46,TRUE,NA,0.38,0.44,TRUE,47.0833333333333
"KXNFLREC","KXNFLREC-25OCT30BALMIA","2025-10","2025_09_BAL_MIA","2025-10-31T00:15:00Z","top_volume","KXNFLREC-25OCT30BALMIA-MIADACHANE28-6","historical","yes",10312,47.25,TRUE,33,33,TRUE,NA,0,0.44,FALSE,46.25
"KXNFLREC","KXNFLREC-25OCT30BALMIA","2025-10","2025_09_BAL_MIA","2025-10-31T00:15:00Z","random","KXNFLREC-25OCT30BALMIA-MIAJWADDLE17-6","historical","yes",262,47.25,TRUE,35,35,TRUE,NA,0.01,0.44,TRUE,46.25
"KXNFLREC","KXNFLREC-25OCT27WASKC","2025-10","2025_08_WAS_KC","2025-10-28T00:15:00Z","top_volume","KXNFLREC-25OCT27WASKC-KCRRICE4-7","historical","yes",4045,6.2,TRUE,6,6,TRUE,0.47,0.41,0.46,TRUE,5.25
"KXNFLREC","KXNFLREC-25OCT27WASKC","2025-10","2025_08_WAS_KC","2025-10-28T00:15:00Z","random","KXNFLREC-25OCT27WASKC-KCRRICE4-7","historical","yes",4045,6.2,TRUE,6,6,TRUE,0.47,0.41,0.46,TRUE,5.25
"KXNFLGAME","KXNFLGAME-26SEP27HOUIND","2026-09","2026_03_HOU_IND","2026-09-27T17:00:00Z","top_volume","KXNFLGAME-26SEP27HOUIND-HOU","live","no",6477950.5,288.733333333333,TRUE,49,49,TRUE,0.53,0.52,0.53,TRUE,48
"KXNFLGAME","KXNFLGAME-26SEP27HOUIND","2026-09","2026_03_HOU_IND","2026-09-27T17:00:00Z","random","KXNFLGAME-26SEP27HOUIND-HOU","live","no",6477950.5,288.733333333333,TRUE,49,49,TRUE,0.53,0.52,0.53,TRUE,48
"KXNFLGAME","KXNFLGAME-26SEP20JACDEN","2026-09","2026_02_JAX_DEN","2026-09-20T20:05:00Z","top_volume","KXNFLGAME-26SEP20JACDEN-DEN","live","yes",7744732.25,628.533333333333,TRUE,48,48,TRUE,0.57,0.56,0.57,TRUE,47.0833333333333
"KXNFLGAME","KXNFLGAME-26SEP20JACDEN","2026-09","2026_02_JAX_DEN","2026-09-20T20:05:00Z","random","KXNFLGAME-26SEP20JACDEN-JAC","live","no",7249746.88,628.533333333333,TRUE,48,48,TRUE,0.44,0.43,0.44,TRUE,47.0833333333333
"KXNFLGAME","KXNFLGAME-26SEP14DENKC","2026-09","2026_01_DEN_KC","2026-09-15T00:15:00Z","top_volume","KXNFLGAME-26SEP14DENKC-DEN","live","no",26328492.77,2935.18333333333,TRUE,48,48,TRUE,0.46,0.45,0.46,TRUE,47.25
"KXNFLGAME","KXNFLGAME-26SEP14DENKC","2026-09","2026_01_DEN_KC","2026-09-15T00:15:00Z","random","KXNFLGAME-26SEP14DENKC-KC","live","yes",21755136.78,2935.18333333333,TRUE,48,48,TRUE,0.54,0.53,0.54,TRUE,47.25
"KXNFLGAME","KXNFLGAME-26JAN18LACHI","2026-01","2025_20_LA_CHI","2026-01-18T23:30:00Z","top_volume","KXNFLGAME-26JAN18LACHI-CHI","historical","no",53729274,163.066666666667,TRUE,48,48,TRUE,0.36,0.35,0.36,TRUE,47.5
"KXNFLGAME","KXNFLGAME-26JAN18LACHI","2026-01","2025_20_LA_CHI","2026-01-18T23:30:00Z","random","KXNFLGAME-26JAN18LACHI-CHI","historical","no",53729274,163.066666666667,TRUE,48,48,TRUE,0.36,0.35,0.36,TRUE,47.5
"KXNFLGAME","KXNFLGAME-26JAN04LACDEN","2026-01","2025_18_LAC_DEN","2026-01-04T21:25:00Z","top_volume","KXNFLGAME-26JAN04LACDEN-LAC","historical","no",11533262,167.25,TRUE,48,48,TRUE,0.11,0.1,0.11,TRUE,47.4166666666667
"KXNFLGAME","KXNFLGAME-26JAN04LACDEN","2026-01","2025_18_LAC_DEN","2026-01-04T21:25:00Z","random","KXNFLGAME-26JAN04LACDEN-LAC","historical","no",11533262,167.25,TRUE,48,48,TRUE,0.11,0.1,0.11,TRUE,47.4166666666667
"KXNFLGAME","KXNFLGAME-26JAN04DALNYG","2026-01","2025_18_DAL_NYG","2026-01-04T18:00:00Z","top_volume","KXNFLGAME-26JAN04DALNYG-DAL","historical","no",2038172,163.833333333333,TRUE,49,49,TRUE,0.61,0.6,0.61,TRUE,48
"KXNFLGAME","KXNFLGAME-26JAN04DALNYG","2026-01","2025_18_DAL_NYG","2026-01-04T18:00:00Z","random","KXNFLGAME-26JAN04DALNYG-NYG","historical","yes",1486733,163.833333333333,TRUE,49,49,TRUE,0.4,0.39,0.4,TRUE,48
"KXNFLGAME","KXNFLGAME-25DEC25DENKC","2025-12","2025_17_DEN_KC","2025-12-26T01:15:00Z","top_volume","KXNFLGAME-25DEC25DENKC-KC","historical","no",28034757,239.15,TRUE,48,48,TRUE,0.14,0.13,0.14,TRUE,47.25
"KXNFLGAME","KXNFLGAME-25DEC25DENKC","2025-12","2025_17_DEN_KC","2025-12-26T01:15:00Z","random","KXNFLGAME-25DEC25DENKC-KC","historical","no",28034757,239.15,TRUE,48,48,TRUE,0.14,0.13,0.14,TRUE,47.25
"KXNFLGAME","KXNFLGAME-25DEC25DALWAS","2025-12","2025_17_DAL_WAS","2025-12-25T18:00:00Z","top_volume","KXNFLGAME-25DEC25DALWAS-WAS","historical","no",7227691,231.9,TRUE,49,49,TRUE,0.21,0.2,0.21,TRUE,48
"KXNFLGAME","KXNFLGAME-25DEC25DALWAS","2025-12","2025_17_DAL_WAS","2025-12-25T18:00:00Z","random","KXNFLGAME-25DEC25DALWAS-DAL","historical","yes",5044018,231.9,TRUE,49,49,TRUE,0.79,0.78,0.79,TRUE,48
"KXNFLGAME","KXNFLGAME-25DEC11ATLTB","2025-12","2025_15_ATL_TB","2025-12-12T01:15:00Z","top_volume","KXNFLGAME-25DEC11ATLTB-ATL","historical","yes",19139681,239.15,TRUE,48,48,TRUE,0.29,0.28,0.29,TRUE,47.25
"KXNFLGAME","KXNFLGAME-25DEC11ATLTB","2025-12","2025_15_ATL_TB","2025-12-12T01:15:00Z","random","KXNFLGAME-25DEC11ATLTB-ATL","historical","yes",19139681,239.15,TRUE,48,48,TRUE,0.29,0.28,0.29,TRUE,47.25
"KXNFLGAME","KXNFLGAME-25NOV30LACAR","2025-11","2025_13_LA_CAR","2025-11-30T18:00:00Z","top_volume","KXNFLGAME-25NOV30LACAR-CAR","historical","yes",8026699,303.9,TRUE,49,49,TRUE,0.19,0.19,0.2,TRUE,48
"KXNFLGAME","KXNFLGAME-25NOV30LACAR","2025-11","2025_13_LA_CAR","2025-11-30T18:00:00Z","random","KXNFLGAME-25NOV30LACAR-LA","historical","no",8018201,303.9,TRUE,49,49,TRUE,0.82,0.81,0.82,TRUE,48
"KXNFLGAME","KXNFLGAME-25NOV23JACARI","2025-11","2025_12_JAX_ARI","2025-11-23T21:05:00Z","top_volume","KXNFLGAME-25NOV23JACARI-JAC","historical","yes",8758673,306.983333333333,TRUE,48,48,TRUE,0.55,0.54,0.55,TRUE,47.0833333333333
"KXNFLGAME","KXNFLGAME-25NOV23JACARI","2025-11","2025_12_JAX_ARI","2025-11-23T21:05:00Z","random","KXNFLGAME-25NOV23JACARI-JAC","historical","yes",8758673,306.983333333333,TRUE,48,48,TRUE,0.55,0.54,0.55,TRUE,47.0833333333333
"KXNFLGAME","KXNFLGAME-25NOV09PITLAC","2025-11","2025_10_PIT_LAC","2025-11-10T01:20:00Z","top_volume","KXNFLGAME-25NOV09PITLAC-PIT","historical","no",17521663,226.533333333333,TRUE,48,48,TRUE,0.37,0.36,0.37,TRUE,47.3333333333333
"KXNFLGAME","KXNFLGAME-25NOV09PITLAC","2025-11","2025_10_PIT_LAC","2025-11-10T01:20:00Z","random","KXNFLGAME-25NOV09PITLAC-LAC","historical","yes",10660872,226.533333333333,TRUE,48,48,TRUE,0.64,0.63,0.64,TRUE,47.3333333333333
"KXNFLGAME","KXNFLGAME-25OCT13BUFATL","2025-10","2025_06_BUF_ATL","2025-10-13T23:15:00Z","top_volume","KXNFLGAME-25OCT13BUFATL-BUF","historical","no",26504071,258.683333333333,TRUE,48,48,TRUE,0.66,0.65,0.66,TRUE,47.25
"KXNFLGAME","KXNFLGAME-25OCT13BUFATL","2025-10","2025_06_BUF_ATL","2025-10-13T23:15:00Z","random","KXNFLGAME-25OCT13BUFATL-BUF","historical","no",26504071,258.683333333333,TRUE,48,48,TRUE,0.66,0.65,0.66,TRUE,47.25
"KXNFLGAME","KXNFLGAME-25OCT12DETKC","2025-10","2025_06_DET_KC","2025-10-13T00:20:00Z","top_volume","KXNFLGAME-25OCT12DETKC-DET","historical","no",22923219,235.766666666667,TRUE,48,48,TRUE,0.44,0.43,0.44,TRUE,47.3333333333333
"KXNFLGAME","KXNFLGAME-25OCT12DETKC","2025-10","2025_06_DET_KC","2025-10-13T00:20:00Z","random","KXNFLGAME-25OCT12DETKC-KC","historical","yes",12025258,235.766666666667,TRUE,48,48,TRUE,0.58,0.57,0.58,TRUE,47.3333333333333
"KXNFLGAME","KXNFLGAME-25OCT12CLEPIT","2025-10","2025_06_CLE_PIT","2025-10-12T17:00:00Z","top_volume","KXNFLGAME-25OCT12CLEPIT-CLE","historical","no",2416262,228.433333333333,TRUE,49,49,TRUE,0.27,0.26,0.27,TRUE,48
"KXNFLGAME","KXNFLGAME-25OCT12CLEPIT","2025-10","2025_06_CLE_PIT","2025-10-12T17:00:00Z","random","KXNFLGAME-25OCT12CLEPIT-PIT","historical","yes",1895212,228.433333333333,TRUE,49,49,TRUE,0.74,0.73,0.74,TRUE,48
"KXNFLGAME","KXNFLGAME-25SEP28WASATL","2025-09","2025_04_WAS_ATL","2025-09-28T17:00:00Z","top_volume","KXNFLGAME-25SEP28WASATL-WAS","historical","no",5558835,262.033333333333,TRUE,49,49,TRUE,0.42,0.41,0.42,TRUE,48
"KXNFLGAME","KXNFLGAME-25SEP28WASATL","2025-09","2025_04_WAS_ATL","2025-09-28T17:00:00Z","random","KXNFLGAME-25SEP28WASATL-WAS","historical","no",5558835,262.033333333333,TRUE,49,49,TRUE,0.42,0.41,0.42,TRUE,48
"KXNFLGAME","KXNFLGAME-25SEP25SEAARI","2025-09","2025_04_SEA_ARI","2025-09-26T00:15:00Z","top_volume","KXNFLGAME-25SEP25SEAARI-SEA","historical","yes",24710233,197.283333333333,TRUE,47,47,TRUE,0.53,0.53,0.54,TRUE,47.25
"KXNFLGAME","KXNFLGAME-25SEP25SEAARI","2025-09","2025_04_SEA_ARI","2025-09-26T00:15:00Z","random","KXNFLGAME-25SEP25SEAARI-ARI","historical","no",15553868,197.283333333333,TRUE,47,47,TRUE,0.48,0.47,0.48,TRUE,47.25
"KXNFLGAME","KXNFLGAME-25SEP21DALCHI","2025-09","2025_03_DAL_CHI","2025-09-21T20:25:00Z","top_volume","KXNFLGAME-25SEP21DALCHI-DAL","historical","no",15344011,258.766666666667,TRUE,48,48,TRUE,0.54,0.52,0.54,TRUE,47.4166666666667
"KXNFLGAME","KXNFLGAME-25SEP21DALCHI","2025-09","2025_03_DAL_CHI","2025-09-21T20:25:00Z","random","KXNFLGAME-25SEP21DALCHI-CHI","historical","yes",5860441,258.766666666667,TRUE,48,48,TRUE,0.47,0.46,0.47,TRUE,47.4166666666667
"KXNFLSPREAD","KXNFLSPREAD-26SEP20JACDEN","2026-09","2026_02_JAX_DEN","2026-09-20T20:05:00Z","top_volume","KXNFLSPREAD-26SEP20JACDEN-DEN3","live","yes",908178.92,163,TRUE,48,48,TRUE,0.51,0.51,0.52,TRUE,47.0833333333333
"KXNFLSPREAD","KXNFLSPREAD-26SEP20JACDEN","2026-09","2026_02_JAX_DEN","2026-09-20T20:05:00Z","random","KXNFLSPREAD-26SEP20JACDEN-DEN14","live","no",20301.47,163,TRUE,43,43,TRUE,0.18,0.17,0.18,TRUE,47.0833333333333
"KXNFLSPREAD","KXNFLSPREAD-26SEP13MIALV","2026-09","2026_01_MIA_LV","2026-09-13T20:25:00Z","top_volume","KXNFLSPREAD-26SEP13MIALV-LV4","live","yes",602806.2,981.2,TRUE,48,48,TRUE,0.45,0.45,0.46,TRUE,47.4166666666667
"KXNFLSPREAD","KXNFLSPREAD-26SEP13MIALV","2026-09","2026_01_MIA_LV","2026-09-13T20:25:00Z","random","KXNFLSPREAD-26SEP13MIALV-MIA5","live","no",5125.07,981.2,TRUE,43,43,TRUE,0.26,0.26,0.27,TRUE,47.4166666666667
"KXNFLSPREAD","KXNFLSPREAD-26SEP13BUFHOU","2026-09","2026_01_BUF_HOU","2026-09-13T17:00:00Z","top_volume","KXNFLSPREAD-26SEP13BUFHOU-BUF2","live","yes",1473055.56,977.783333333333,TRUE,49,49,TRUE,0.49,0.48,0.49,TRUE,48
"KXNFLSPREAD","KXNFLSPREAD-26SEP13BUFHOU","2026-09","2026_01_BUF_HOU","2026-09-13T17:00:00Z","random","KXNFLSPREAD-26SEP13BUFHOU-HOU7","live","no",29869.5,977.783333333333,TRUE,49,49,TRUE,0.29,0.28,0.29,TRUE,48
"KXNFLSPREAD","KXNFLSPREAD-26FEB08SEANE","2026-02","2025_22_SEA_NE","2026-02-08T23:30:00Z","top_volume","KXNFLSPREAD-26FEB08SEANE-SEA4","historical","yes",13772209,330.75,TRUE,48,48,TRUE,0.5,0.5,0.51,TRUE,47.5
"KXNFLSPREAD","KXNFLSPREAD-26FEB08SEANE","2026-02","2025_22_SEA_NE","2026-02-08T23:30:00Z","random","KXNFLSPREAD-26FEB08SEANE-SEA5","historical","yes",5422924,330.75,TRUE,48,48,TRUE,0.47,0.46,0.47,TRUE,47.5
"KXNFLSPREAD","KXNFLSPREAD-26JAN18HOUNE","2026-01","2025_20_HOU_NE","2026-01-18T20:00:00Z","top_volume","KXNFLSPREAD-26JAN18HOUNE-NE3","historical","yes",4863808,131.9,TRUE,49,49,TRUE,0.49,0.49,0.5,TRUE,48
"KXNFLSPREAD","KXNFLSPREAD-26JAN18HOUNE","2026-01","2025_20_HOU_NE","2026-01-18T20:00:00Z","random","KXNFLSPREAD-26JAN18HOUNE-HOU2","historical","no",161743,131.9,TRUE,49,49,TRUE,0.33,0.33,0.35,TRUE,48
"KXNFLSPREAD","KXNFLSPREAD-26JAN10GBCHI","2026-01","2025_19_GB_CHI","2026-01-11T01:00:00Z","top_volume","KXNFLSPREAD-26JAN10GBCHI-GB2","historical","no",2967043,139.8,TRUE,49,49,TRUE,0.49,0.48,0.49,TRUE,48
"KXNFLSPREAD","KXNFLSPREAD-26JAN10GBCHI","2026-01","2025_19_GB_CHI","2026-01-11T01:00:00Z","random","KXNFLSPREAD-26JAN10GBCHI-CHI9","historical","no",35324,139.8,TRUE,45,45,TRUE,0.18,0.18,0.2,TRUE,48
"KXNFLSPREAD","KXNFLSPREAD-26JAN04NYJBUF","2026-01","2025_18_NYJ_BUF","2026-01-04T21:25:00Z","top_volume","KXNFLSPREAD-26JAN04NYJBUF-BUF7","historical","yes",765890,157.333333333333,TRUE,48,48,TRUE,0.62,0.6,0.62,TRUE,47.4166666666667
"KXNFLSPREAD","KXNFLSPREAD-26JAN04NYJBUF","2026-01","2025_18_NYJ_BUF","2026-01-04T21:25:00Z","random","KXNFLSPREAD-26JAN04NYJBUF-BUF6","historical","yes",149657,157.333333333333,TRUE,48,48,TRUE,0.69,0.68,0.69,TRUE,47.4166666666667
"KXNFLSPREAD","KXNFLSPREAD-25DEC28NOTEN","2025-12","2025_17_NO_TEN","2025-12-28T18:00:00Z","top_volume","KXNFLSPREAD-25DEC28NOTEN-NO2","historical","yes",473495,282.9,TRUE,49,49,TRUE,0.45,0.45,0.46,TRUE,48
"KXNFLSPREAD","KXNFLSPREAD-25DEC28NOTEN","2025-12","2025_17_NO_TEN","2025-12-28T18:00:00Z","random","KXNFLSPREAD-25DEC28NOTEN-NO6","historical","yes",59189,282.9,TRUE,47,47,TRUE,0.32,0.31,0.32,TRUE,48
"KXNFLSPREAD","KXNFLSPREAD-25DEC27BALGB","2025-12","2025_17_BAL_GB","2025-12-28T01:00:00Z","top_volume","KXNFLSPREAD-25DEC27BALGB-GB2","historical","no",1726169,247.283333333333,TRUE,49,49,TRUE,0.5,0.5,0.51,TRUE,48
"KXNFLSPREAD","KXNFLSPREAD-25DEC27BALGB","2025-12","2025_17_BAL_GB","2025-12-28T01:00:00Z","random","KXNFLSPREAD-25DEC27BALGB-BAL14","historical","yes",185702,247.283333333333,TRUE,45,45,TRUE,0.09,0.08,0.09,TRUE,48
"KXNFLSPREAD","KXNFLSPREAD-25DEC07DENLV","2025-12","2025_14_DEN_LV","2025-12-07T21:05:00Z","top_volume","KXNFLSPREAD-25DEC07DENLV-DEN7","historical","no",891215,285.983333333333,TRUE,48,48,TRUE,0.51,0.5,0.51,TRUE,47.0833333333333
"KXNFLSPREAD","KXNFLSPREAD-25DEC07DENLV","2025-12","2025_14_DEN_LV","2025-12-07T21:05:00Z","random","KXNFLSPREAD-25DEC07DENLV-DEN6","historical","yes",402636,285.983333333333,TRUE,47,47,TRUE,0.57,0.56,0.57,TRUE,47.0833333333333
"KXNFLSPREAD","KXNFLSPREAD-25NOV30BUFPIT","2025-11","2025_13_BUF_PIT","2025-11-30T21:25:00Z","top_volume","KXNFLSPREAD-25NOV30BUFPIT-BUF3","historical","yes",1458563,286.316666666667,TRUE,48,48,TRUE,0.47,0.46,0.47,TRUE,47.4166666666667
"KXNFLSPREAD","KXNFLSPREAD-25NOV30BUFPIT","2025-11","2025_13_BUF_PIT","2025-11-30T21:25:00Z","random","KXNFLSPREAD-25NOV30BUFPIT-BUF14","historical","yes",79257,286.316666666667,TRUE,38,38,TRUE,NA,0.14,0.17,TRUE,47.4166666666667
"KXNFLSPREAD","KXNFLSPREAD-25NOV20BUFHOU","2025-11","2025_12_BUF_HOU","2025-11-21T01:15:00Z","top_volume","KXNFLSPREAD-25NOV20BUFHOU-BUF3","historical","no",2790510,218.166666666667,TRUE,47,47,TRUE,0.56,0.55,0.56,TRUE,47.25
"KXNFLSPREAD","KXNFLSPREAD-25NOV20BUFHOU","2025-11","2025_12_BUF_HOU","2025-11-21T01:15:00Z","random","KXNFLSPREAD-25NOV20BUFHOU-HOU7","historical","no",143472,218.166666666667,TRUE,47,47,TRUE,0.14,0.11,0.14,TRUE,47.25
"KXNFLSPREAD","KXNFLSPREAD-25NOV02SFNYG","2025-11","2025_09_SF_NYG","2025-11-02T18:00:00Z","top_volume","KXNFLSPREAD-25NOV02SFNYG-SF3","historical","yes",389552,191.1,TRUE,49,49,TRUE,0.42,0.4,0.42,TRUE,48
"KXNFLSPREAD","KXNFLSPREAD-25NOV02SFNYG","2025-11","2025_09_SF_NYG","2025-11-02T18:00:00Z","random","KXNFLSPREAD-25NOV02SFNYG-NYG10","historical","no",7121,191.1,TRUE,42,42,TRUE,NA,0.13,0.17,TRUE,48
"KXNFLSPREAD","KXNFLSPREAD-25OCT26DALDEN","2025-10","2025_08_DAL_DEN","2025-10-26T20:25:00Z","top_volume","KXNFLSPREAD-25OCT26DALDEN-DEN3","historical","yes",582850,120.966666666667,TRUE,48,48,TRUE,0.5,0.5,0.51,TRUE,47.4166666666667
"KXNFLSPREAD","KXNFLSPREAD-25OCT26DALDEN","2025-10","2025_08_DAL_DEN","2025-10-26T20:25:00Z","random","KXNFLSPREAD-25OCT26DALDEN-DAL14","historical","no",5483,120.966666666667,TRUE,47,47,TRUE,0.07,0.06,0.07,TRUE,47.4166666666667
"KXNFLSPREAD","KXNFLSPREAD-25OCT06KCJAC","2025-10","2025_05_KC_JAX","2025-10-07T00:15:00Z","top_volume","KXNFLSPREAD-25OCT06KCJAC-KC3","historical","no",2405570,144.883333333333,TRUE,48,48,TRUE,0.49,0.47,0.49,TRUE,47.25
"KXNFLSPREAD","KXNFLSPREAD-25OCT06KCJAC","2025-10","2025_05_KC_JAX","2025-10-07T00:15:00Z","random","KXNFLSPREAD-25OCT06KCJAC-KC2","historical","no",210962,144.883333333333,TRUE,47,47,TRUE,0.59,0.58,0.59,TRUE,47.25
"KXNFLSPREAD","KXNFLSPREAD-25OCT05MIACAR","2025-10","2025_05_MIA_CAR","2025-10-05T17:00:00Z","top_volume","KXNFLSPREAD-25OCT05MIACAR-MIA3","historical","no",184102,113.633333333333,TRUE,48,48,TRUE,0.39,0.38,0.39,TRUE,47
"KXNFLSPREAD","KXNFLSPREAD-25OCT05MIACAR","2025-10","2025_05_MIA_CAR","2025-10-05T17:00:00Z","random","KXNFLSPREAD-25OCT05MIACAR-CAR6","historical","no",68,113.633333333333,TRUE,49,49,TRUE,NA,0.27,0.32,TRUE,48
"KXNFLSPREAD","KXNFLSPREAD-25SEP21DALCHI","2025-09","2025_03_DAL_CHI","2025-09-21T20:25:00Z","top_volume","KXNFLSPREAD-25SEP21DALCHI-CHI9","historical","yes",317625,65.5961111111111,TRUE,44,44,TRUE,0.19,0.19,0.22,TRUE,44.4166666666667
"KXNFLSPREAD","KXNFLSPREAD-25SEP21DALCHI","2025-09","2025_03_DAL_CHI","2025-09-21T20:25:00Z","random","KXNFLSPREAD-25SEP21DALCHI-CHI6","historical","yes",9560,258.766666666667,TRUE,47,47,TRUE,NA,0.24,0.33,TRUE,47.4166666666667
"KXNFLSPREAD","KXNFLSPREAD-25SEP15TBHOU","2025-09","2025_02_TB_HOU","2025-09-15T23:00:00Z","top_volume","KXNFLSPREAD-25SEP15TBHOU-HOU2","historical","no",110097,166.15,TRUE,49,49,TRUE,0.54,0.53,0.54,TRUE,48
"KXNFLSPREAD","KXNFLSPREAD-25SEP15TBHOU","2025-09","2025_02_TB_HOU","2025-09-15T23:00:00Z","random","KXNFLSPREAD-25SEP15TBHOU-HOU9","historical","no",5984,5.5,TRUE,6,6,TRUE,0.18,0.24,0.3,TRUE,5
"KXNFLSPREAD","KXNFLSPREAD-25SEP14PHIKC","2025-09","2025_02_PHI_KC","2025-09-14T20:25:00Z","top_volume","KXNFLSPREAD-25SEP14PHIKC-PHI1","historical","yes",52853,139.566666666667,TRUE,48,48,TRUE,0.5,0.48,0.5,TRUE,47.4166666666667
"KXNFLSPREAD","KXNFLSPREAD-25SEP14PHIKC","2025-09","2025_02_PHI_KC","2025-09-14T20:25:00Z","random","KXNFLSPREAD-25SEP14PHIKC-PHI2","historical","yes",15630,139.566666666667,TRUE,48,48,TRUE,0.48,0.47,0.48,TRUE,47.4166666666667
"KXNFLTOTAL","KXNFLTOTAL-26SEP27LARDEN","2026-09","2026_03_LA_DEN","2026-09-28T00:20:00Z","top_volume","KXNFLTOTAL-26SEP27LARDEN-45","live","yes",1397851.99,167.25,TRUE,48,48,TRUE,0.48,0.48,0.49,TRUE,47.3333333333333
"KXNFLTOTAL","KXNFLTOTAL-26SEP27LARDEN","2026-09","2026_03_LA_DEN","2026-09-28T00:20:00Z","random","KXNFLTOTAL-26SEP27LARDEN-49","live","yes",195999.91,167.25,TRUE,41,41,TRUE,0.35,0.35,0.37,TRUE,46.3333333333333
"KXNFLTOTAL","KXNFLTOTAL-26SEP20CLETB","2026-09","2026_02_CLE_TB","2026-09-20T17:00:00Z","top_volume","KXNFLTOTAL-26SEP20CLETB-42","live","yes",176353.12,159.916666666667,TRUE,49,49,TRUE,0.49,0.49,0.5,TRUE,48
"KXNFLTOTAL","KXNFLTOTAL-26SEP20CLETB","2026-09","2026_02_CLE_TB","2026-09-20T17:00:00Z","random","KXNFLTOTAL-26SEP20CLETB-39","live","yes",26161.3,159.916666666667,TRUE,37,37,TRUE,0.6,0.59,0.61,TRUE,48
"KXNFLTOTAL","KXNFLTOTAL-26SEP20CINHOU","2026-09","2026_02_CIN_HOU","2026-09-20T17:00:00Z","top_volume","KXNFLTOTAL-26SEP20CINHOU-46","live","no",191555.41,159.916666666667,TRUE,49,49,TRUE,0.5,0.49,0.5,TRUE,48
"KXNFLTOTAL","KXNFLTOTAL-26SEP20CINHOU","2026-09","2026_02_CIN_HOU","2026-09-20T17:00:00Z","random","KXNFLTOTAL-26SEP20CINHOU-30","live","no",48632.92,159.916666666667,TRUE,41,41,TRUE,0.92,0.91,0.92,TRUE,48
"KXNFLTOTAL","KXNFLTOTAL-26FEB08SEANE","2026-02","2025_22_SEA_NE","2026-02-08T23:30:00Z","top_volume","KXNFLTOTAL-26FEB08SEANE-45","historical","no",5033619,330.583333333333,TRUE,48,48,TRUE,0.5,0.49,0.5,TRUE,47.5
"KXNFLTOTAL","KXNFLTOTAL-26FEB08SEANE","2026-02","2025_22_SEA_NE","2026-02-08T23:30:00Z","random","KXNFLTOTAL-26FEB08SEANE-40","historical","yes",789652,332.3,TRUE,48,48,TRUE,0.65,0.64,0.65,TRUE,47.5
"KXNFLTOTAL","KXNFLTOTAL-26JAN18LACHI","2026-01","2025_20_LA_CHI","2026-01-18T23:30:00Z","top_volume","KXNFLTOTAL-26JAN18LACHI-47","historical","no",1987087,161.066666666667,TRUE,48,48,TRUE,0.55,0.54,0.55,TRUE,47.5
"KXNFLTOTAL","KXNFLTOTAL-26JAN18LACHI","2026-01","2025_20_LA_CHI","2026-01-18T23:30:00Z","random","KXNFLTOTAL-26JAN18LACHI-50","historical","no",1385011,161.066666666667,TRUE,48,48,TRUE,0.45,0.44,0.45,TRUE,47.5
"KXNFLTOTAL","KXNFLTOTAL-26JAN04ARILA","2026-01","2025_18_ARI_LA","2026-01-04T21:25:00Z","top_volume","KXNFLTOTAL-26JAN04ARILA-47","historical","yes",180022,157.333333333333,TRUE,48,48,TRUE,0.53,0.53,0.55,TRUE,47.4166666666667
"KXNFLTOTAL","KXNFLTOTAL-26JAN04ARILA","2026-01","2025_18_ARI_LA","2026-01-04T21:25:00Z","random","KXNFLTOTAL-26JAN04ARILA-59","historical","no",62269,157.333333333333,TRUE,48,48,TRUE,0.22,0.22,0.24,TRUE,47.4166666666667
"KXNFLTOTAL","KXNFLTOTAL-26JAN04CLECIN","2026-01","2025_18_CLE_CIN","2026-01-04T18:00:00Z","top_volume","KXNFLTOTAL-26JAN04CLECIN-47","historical","no",282510,153.916666666667,TRUE,49,49,TRUE,0.48,0.47,0.48,TRUE,48
"KXNFLTOTAL","KXNFLTOTAL-26JAN04CLECIN","2026-01","2025_18_CLE_CIN","2026-01-04T18:00:00Z","random","KXNFLTOTAL-26JAN04CLECIN-32","historical","yes",29262,153.916666666667,TRUE,47,47,TRUE,0.89,0.88,0.89,TRUE,48
"KXNFLTOTAL","KXNFLTOTAL-25DEC21JACDEN","2025-12","2025_16_JAX_DEN","2025-12-21T21:05:00Z","top_volume","KXNFLTOTAL-25DEC21JACDEN-46","historical","yes",750181,285.983333333333,TRUE,48,48,TRUE,0.5,0.49,0.5,TRUE,47.0833333333333
"KXNFLTOTAL","KXNFLTOTAL-25DEC21JACDEN","2025-12","2025_16_JAX_DEN","2025-12-21T21:05:00Z","random","KXNFLTOTAL-25DEC21JACDEN-52","historical","yes",221709,285.983333333333,TRUE,44,44,TRUE,0.34,0.31,0.33,TRUE,47.0833333333333
"KXNFLTOTAL","KXNFLTOTAL-25DEC11ATLTB","2025-12","2025_15_ATL_TB","2025-12-12T01:15:00Z","top_volume","KXNFLTOTAL-25DEC11ATLTB-44","historical","yes",1431227,218.15,TRUE,47,47,TRUE,0.44,0.44,0.47,TRUE,47.25
"KXNFLTOTAL","KXNFLTOTAL-25DEC11ATLTB","2025-12","2025_15_ATL_TB","2025-12-12T01:15:00Z","random","KXNFLTOTAL-25DEC11ATLTB-41","historical","yes",472347,218.15,TRUE,46,46,TRUE,0.57,0.56,0.57,TRUE,47.25
"KXNFLTOTAL","KXNFLTOTAL-25DEC07CINBUF","2025-12","2025_14_CIN_BUF","2025-12-07T18:00:00Z","top_volume","KXNFLTOTAL-25DEC07CINBUF-53","historical","yes",581448,282.9,TRUE,49,49,TRUE,0.54,0.52,0.54,TRUE,48
"KXNFLTOTAL","KXNFLTOTAL-25DEC07CINBUF","2025-12","2025_14_CIN_BUF","2025-12-07T18:00:00Z","random","KXNFLTOTAL-25DEC07CINBUF-65","historical","yes",190059,282.9,TRUE,48,48,TRUE,0.19,0.19,0.22,TRUE,48
"KXNFLTOTAL","KXNFLTOTAL-25NOV23NYJBAL","2025-11","2025_12_NYJ_BAL","2025-11-23T18:00:00Z","top_volume","KXNFLTOTAL-25NOV23NYJBAL-32","historical","yes",211042,282.9,TRUE,41,41,TRUE,0.87,0.85,0.87,TRUE,48
"KXNFLTOTAL","KXNFLTOTAL-25NOV23NYJBAL","2025-11","2025_12_NYJ_BAL","2025-11-23T18:00:00Z","random","KXNFLTOTAL-25NOV23NYJBAL-35","historical","no",145506,282.9,TRUE,48,48,TRUE,0.79,0.78,0.79,TRUE,48
"KXNFLTOTAL","KXNFLTOTAL-25NOV23NYGDET","2025-11","2025_12_NYG_DET","2025-11-23T18:00:00Z","top_volume","KXNFLTOTAL-25NOV23NYGDET-49","historical","yes",227933,282.9,TRUE,49,49,TRUE,0.53,0.53,0.54,TRUE,48
"KXNFLTOTAL","KXNFLTOTAL-25NOV23NYGDET","2025-11","2025_12_NYG_DET","2025-11-23T18:00:00Z","random","KXNFLTOTAL-25NOV23NYGDET-61","historical","no",80756,282.9,TRUE,47,47,TRUE,0.21,0.2,0.22,TRUE,48
"KXNFLTOTAL","KXNFLTOTAL-25NOV02CHICIN","2025-11","2025_09_CHI_CIN","2025-11-02T18:00:00Z","top_volume","KXNFLTOTAL-25NOV02CHICIN-55","historical","yes",125616,114.5,TRUE,48,48,TRUE,0.36,0.36,0.37,TRUE,48
"KXNFLTOTAL","KXNFLTOTAL-25NOV02CHICIN","2025-11","2025_09_CHI_CIN","2025-11-02T18:00:00Z","random","KXNFLTOTAL-25NOV02CHICIN-40","historical","yes",9929,114.496388888889,TRUE,47,47,TRUE,0.76,0.75,0.76,TRUE,48
"KXNFLTOTAL","KXNFLTOTAL-25OCT26DALDEN","2025-10","2025_08_DAL_DEN","2025-10-26T20:25:00Z","top_volume","KXNFLTOTAL-25OCT26DALDEN-50","historical","yes",237711,120.966666666667,TRUE,48,48,TRUE,0.55,0.54,0.55,TRUE,47.4166666666667
"KXNFLTOTAL","KXNFLTOTAL-25OCT26DALDEN","2025-10","2025_08_DAL_DEN","2025-10-26T20:25:00Z","random","KXNFLTOTAL-25OCT26DALDEN-47","historical","yes",98976,120.966666666667,TRUE,47,47,TRUE,0.65,0.62,0.65,TRUE,47.4166666666667
"KXNFLTOTAL","KXNFLTOTAL-25OCT19NYGDEN","2025-10","2025_07_NYG_DEN","2025-10-19T20:05:00Z","top_volume","KXNFLTOTAL-25OCT19NYGDEN-40","historical","yes",199062,141.466666666667,TRUE,48,48,TRUE,0.52,0.51,0.52,TRUE,47.0833333333333
"KXNFLTOTAL","KXNFLTOTAL-25OCT19NYGDEN","2025-10","2025_07_NYG_DEN","2025-10-19T20:05:00Z","random","KXNFLTOTAL-25OCT19NYGDEN-37","historical","yes",89762,141.466666666667,TRUE,46,46,TRUE,0.61,0.6,0.61,TRUE,47.0833333333333
"KXNFLTOTAL","KXNFLTOTAL-25OCT19NOCHI","2025-10","2025_07_NO_CHI","2025-10-19T17:00:00Z","top_volume","KXNFLTOTAL-25OCT19NOCHI-43","historical","no",129676,138.383333333333,TRUE,47,47,TRUE,0.49,0.49,0.5,TRUE,48
"KXNFLTOTAL","KXNFLTOTAL-25OCT19NOCHI","2025-10","2025_07_NO_CHI","2025-10-19T17:00:00Z","random","KXNFLTOTAL-25OCT19NOCHI-41","historical","no",14016,138.383333333333,TRUE,45,45,TRUE,NA,0.55,0.57,TRUE,48
"KXNFLTOTAL","KXNFLTOTAL-25SEP14NYGDAL","2025-09","2025_02_NYG_DAL","2025-09-14T17:00:00Z","top_volume","KXNFLTOTAL-25SEP14NYGDAL-44","historical","yes",17329,136.15,TRUE,49,49,TRUE,0.5,0.49,0.5,TRUE,48
"KXNFLTOTAL","KXNFLTOTAL-25SEP14NYGDAL","2025-09","2025_02_NYG_DAL","2025-09-14T17:00:00Z","random","KXNFLTOTAL-25SEP14NYGDAL-48","historical","yes",4329,136.15,TRUE,8,8,TRUE,0.41,0.39,0.42,TRUE,36
"KXNFLTOTAL","KXNFLTOTAL-25SEP07DETGB","2025-09","2025_01_DET_GB","2025-09-07T20:25:00Z","top_volume","KXNFLTOTAL-25SEP07DETGB-49","historical","no",15009,302.666666666667,TRUE,48,48,TRUE,NA,0.44,0.47,TRUE,47.4166666666667
"KXNFLTOTAL","KXNFLTOTAL-25SEP07DETGB","2025-09","2025_01_DET_GB","2025-09-07T20:25:00Z","random","KXNFLTOTAL-25SEP07DETGB-75","historical","no",0,302.666666666667,TRUE,7,7,TRUE,NA,0,0.99,FALSE,43.4166666666667
"KXNFLTOTAL","KXNFLTOTAL-25SEP07TBATL","2025-09","2025_01_TB_ATL","2025-09-07T17:00:00Z","top_volume","KXNFLTOTAL-25SEP07TBATL-47","historical","no",23845,299.266666666667,TRUE,48,48,TRUE,0.5,0.47,0.51,TRUE,48
"KXNFLTOTAL","KXNFLTOTAL-25SEP07TBATL","2025-09","2025_01_TB_ATL","2025-09-07T17:00:00Z","random","KXNFLTOTAL-25SEP07TBATL-65","historical","no",0,299.266666666667,TRUE,9,9,TRUE,NA,0,0.99,FALSE,40
