wk,model,rounds
201401,"XGB",122
201401,"XGB_FREE",309
201401,"GBM",538
201402,"XGB",122
201402,"XGB_FREE",294
201402,"GBM",660
201403,"XGB",124
201403,"XGB_FREE",408
201403,"GBM",361
201404,"XGB",229
201404,"XGB_FREE",393
201404,"GBM",604
201405,"XGB",274
201405,"XGB_FREE",396
201405,"GBM",838
201406,"XGB",274
201406,"XGB_FREE",414
201406,"GBM",384
201407,"XGB",221
201407,"XGB_FREE",394
201407,"GBM",316
201408,"XGB",140
201408,"XGB_FREE",280
201408,"GBM",246
201409,"XGB",266
201409,"XGB_FREE",292
201409,"GBM",241
201410,"XGB",133
201410,"XGB_FREE",292
201410,"GBM",150
201411,"XGB",129
201411,"XGB_FREE",399
201411,"GBM",191
201412,"XGB",176
201412,"XGB_FREE",350
201412,"GBM",304
201413,"XGB",206
201413,"XGB_FREE",350
201413,"GBM",191
201414,"XGB",105
201414,"XGB_FREE",222
201414,"GBM",188
201415,"XGB",60
201415,"XGB_FREE",188
201415,"GBM",91
201416,"XGB",48
201416,"XGB_FREE",222
201416,"GBM",236
201417,"XGB",8
201417,"XGB_FREE",226
201417,"GBM",282
201418,"XGB",120
201418,"XGB_FREE",226
201418,"GBM",102
201419,"XGB",120
201419,"XGB_FREE",188
201419,"GBM",237
201420,"XGB",120
201420,"XGB_FREE",189
201420,"GBM",92
201421,"XGB",120
201421,"XGB_FREE",186
201421,"GBM",193
201501,"XGB",120
201501,"XGB_FREE",186
201501,"GBM",81
201502,"XGB",120
201502,"XGB_FREE",298
201502,"GBM",266
201503,"XGB",120
201503,"XGB_FREE",221
201503,"GBM",158
201504,"XGB",74
201504,"XGB_FREE",221
201504,"GBM",89
201505,"XGB",120
201505,"XGB_FREE",231
201505,"GBM",24
201506,"XGB",8
201506,"XGB_FREE",131
201506,"GBM",1
201507,"XGB",8
201507,"XGB_FREE",132
201507,"GBM",5
201508,"XGB",4
201508,"XGB_FREE",132
201508,"GBM",2
201509,"XGB",7
201509,"XGB_FREE",139
201509,"GBM",2
201510,"XGB",4
201510,"XGB_FREE",137
201510,"GBM",9
201511,"XGB",1
201511,"XGB_FREE",92
201511,"GBM",1
201512,"XGB",7
201512,"XGB_FREE",131
201512,"GBM",26
201513,"XGB",4
201513,"XGB_FREE",92
201513,"GBM",1
201514,"XGB",7
201514,"XGB_FREE",92
201514,"GBM",1
201515,"XGB",66
201515,"XGB_FREE",130
201515,"GBM",123
201516,"XGB",51
201516,"XGB_FREE",130
201516,"GBM",43
201517,"XGB",72
201517,"XGB_FREE",139
201517,"GBM",98
201518,"XGB",74
201518,"XGB_FREE",92
201518,"GBM",101
201519,"XGB",74
201519,"XGB_FREE",135
201519,"GBM",76
201520,"XGB",74
201520,"XGB_FREE",144
201520,"GBM",99
201521,"XGB",74
201521,"XGB_FREE",98
201521,"GBM",81
201601,"XGB",74
201601,"XGB_FREE",91
201601,"GBM",92
201602,"XGB",7
201602,"XGB_FREE",81
201602,"GBM",150
201603,"XGB",72
201603,"XGB_FREE",159
201603,"GBM",144
201604,"XGB",74
201604,"XGB_FREE",104
201604,"GBM",231
201605,"XGB",63
201605,"XGB_FREE",83
201605,"GBM",93
201606,"XGB",77
201606,"XGB_FREE",91
201606,"GBM",184
201607,"XGB",59
201607,"XGB_FREE",91
201607,"GBM",202
201608,"XGB",110
201608,"XGB_FREE",91
201608,"GBM",218
201609,"XGB",110
201609,"XGB_FREE",91
201609,"GBM",272
201610,"XGB",80
201610,"XGB_FREE",83
201610,"GBM",167
201611,"XGB",113
201611,"XGB_FREE",116
201611,"GBM",189
201612,"XGB",38
201612,"XGB_FREE",131
201612,"GBM",349
201613,"XGB",80
201613,"XGB_FREE",163
201613,"GBM",263
201614,"XGB",93
201614,"XGB_FREE",156
201614,"GBM",413
201615,"XGB",9
201615,"XGB_FREE",131
201615,"GBM",71
201616,"XGB",9
201616,"XGB_FREE",99
201616,"GBM",71
201617,"XGB",3
201617,"XGB_FREE",99
201617,"GBM",182
201618,"XGB",9
201618,"XGB_FREE",139
201618,"GBM",96
201619,"XGB",9
201619,"XGB_FREE",140
201619,"GBM",98
201620,"XGB",9
201620,"XGB_FREE",137
201620,"GBM",106
201621,"XGB",9
201621,"XGB_FREE",137
201621,"GBM",65
201701,"XGB",1
201701,"XGB_FREE",100
201701,"GBM",105
201702,"XGB",1
201702,"XGB_FREE",96
201702,"GBM",2
201703,"XGB",1
201703,"XGB_FREE",137
201703,"GBM",11
201704,"XGB",1
201704,"XGB_FREE",137
201704,"GBM",1
201705,"XGB",1
201705,"XGB_FREE",105
201705,"GBM",1
201706,"XGB",2
201706,"XGB_FREE",114
201706,"GBM",1
201707,"XGB",10
201707,"XGB_FREE",97
201707,"GBM",2
201708,"XGB",2
201708,"XGB_FREE",105
201708,"GBM",8
201709,"XGB",2
201709,"XGB_FREE",121
201709,"GBM",2
201710,"XGB",2
201710,"XGB_FREE",160
201710,"GBM",6
201711,"XGB",2
201711,"XGB_FREE",160
201711,"GBM",1
201712,"XGB",6
201712,"XGB_FREE",160
201712,"GBM",4
201713,"XGB",1
201713,"XGB_FREE",160
201713,"GBM",2
201714,"XGB",1
201714,"XGB_FREE",177
201714,"GBM",3
201715,"XGB",6
201715,"XGB_FREE",177
201715,"GBM",1
201716,"XGB",5
201716,"XGB_FREE",177
201716,"GBM",1
201717,"XGB",5
201717,"XGB_FREE",219
201717,"GBM",1
201718,"XGB",6
201718,"XGB_FREE",213
201718,"GBM",1
201719,"XGB",6
201719,"XGB_FREE",180
201719,"GBM",1
201720,"XGB",45
201720,"XGB_FREE",186
201720,"GBM",17
201721,"XGB",6
201721,"XGB_FREE",180
201721,"GBM",3
201801,"XGB",45
201801,"XGB_FREE",180
201801,"GBM",3
201802,"XGB",5
201802,"XGB_FREE",186
201802,"GBM",2
201803,"XGB",2
201803,"XGB_FREE",186
201803,"GBM",17
201804,"XGB",62
201804,"XGB_FREE",215
201804,"GBM",428
201805,"XGB",171
201805,"XGB_FREE",354
201805,"GBM",648
201806,"XGB",215
201806,"XGB_FREE",413
201806,"GBM",997
201807,"XGB",203
201807,"XGB_FREE",367
201807,"GBM",931
201808,"XGB",215
201808,"XGB_FREE",367
201808,"GBM",1136
201809,"XGB",203
201809,"XGB_FREE",367
201809,"GBM",909
201810,"XGB",203
201810,"XGB_FREE",448
201810,"GBM",477
201811,"XGB",203
201811,"XGB_FREE",448
201811,"GBM",467
201812,"XGB",210
201812,"XGB_FREE",447
201812,"GBM",1050
201813,"XGB",214
201813,"XGB_FREE",448
201813,"GBM",786
201814,"XGB",25
201814,"XGB_FREE",357
201814,"GBM",558
201815,"XGB",18
201815,"XGB_FREE",287
201815,"GBM",694
201816,"XGB",18
201816,"XGB_FREE",142
201816,"GBM",394
201817,"XGB",18
201817,"XGB_FREE",358
201817,"GBM",1410
201818,"XGB",19
201818,"XGB_FREE",367
201818,"GBM",1329
201819,"XGB",19
201819,"XGB_FREE",215
201819,"GBM",788
201820,"XGB",19
201820,"XGB_FREE",454
201820,"GBM",1161
201821,"XGB",19
201821,"XGB_FREE",453
201821,"GBM",619
201901,"XGB",19
201901,"XGB_FREE",356
201901,"GBM",772
201902,"XGB",19
201902,"XGB_FREE",542
201902,"GBM",785
201903,"XGB",24
201903,"XGB_FREE",656
201903,"GBM",824
201904,"XGB",43
201904,"XGB_FREE",265
201904,"GBM",362
201905,"XGB",2
201905,"XGB_FREE",508
201905,"GBM",225
201906,"XGB",2
201906,"XGB_FREE",228
201906,"GBM",50
201907,"XGB",1
201907,"XGB_FREE",301
201907,"GBM",45
201908,"XGB",1
201908,"XGB_FREE",194
201908,"GBM",27
201909,"XGB",1
201909,"XGB_FREE",194
201909,"GBM",2
201910,"XGB",1
201910,"XGB_FREE",166
201910,"GBM",3
201911,"XGB",1
201911,"XGB_FREE",129
201911,"GBM",17
201912,"XGB",1
201912,"XGB_FREE",141
201912,"GBM",1
201913,"XGB",1
201913,"XGB_FREE",141
201913,"GBM",1
201914,"XGB",1
201914,"XGB_FREE",149
201914,"GBM",1
201915,"XGB",3
201915,"XGB_FREE",188
201915,"GBM",1
201916,"XGB",2
201916,"XGB_FREE",189
201916,"GBM",1
201917,"XGB",4
201917,"XGB_FREE",150
201917,"GBM",2
201918,"XGB",2
201918,"XGB_FREE",136
201918,"GBM",8
201919,"XGB",2
201919,"XGB_FREE",121
201919,"GBM",1
201920,"XGB",5
201920,"XGB_FREE",121
201920,"GBM",28
201921,"XGB",5
201921,"XGB_FREE",121
201921,"GBM",1
202001,"XGB",4
202001,"XGB_FREE",121
202001,"GBM",2
202002,"XGB",2
202002,"XGB_FREE",121
202002,"GBM",9
202003,"XGB",2
202003,"XGB_FREE",111
202003,"GBM",1
202004,"XGB",2
202004,"XGB_FREE",109
202004,"GBM",1
202005,"XGB",3
202005,"XGB_FREE",159
202005,"GBM",2
202006,"XGB",19
202006,"XGB_FREE",171
202006,"GBM",30
202007,"XGB",2
202007,"XGB_FREE",169
202007,"GBM",33
202008,"XGB",1
202008,"XGB_FREE",170
202008,"GBM",1
202009,"XGB",1
202009,"XGB_FREE",140
202009,"GBM",25
202010,"XGB",49
202010,"XGB_FREE",165
202010,"GBM",166
202011,"XGB",102
202011,"XGB_FREE",205
202011,"GBM",701
202012,"XGB",157
202012,"XGB_FREE",195
202012,"GBM",536
202013,"XGB",191
202013,"XGB_FREE",179
202013,"GBM",727
202014,"XGB",62
202014,"XGB_FREE",179
202014,"GBM",1217
202015,"XGB",102
202015,"XGB_FREE",261
202015,"GBM",1290
202016,"XGB",102
202016,"XGB_FREE",364
202016,"GBM",1475
202017,"XGB",108
202017,"XGB_FREE",365
202017,"GBM",46
202018,"XGB",1
202018,"XGB_FREE",725
202018,"GBM",3
202019,"XGB",108
202019,"XGB_FREE",583
202019,"GBM",2
202020,"XGB",75
202020,"XGB_FREE",540
202020,"GBM",1
202021,"XGB",73
202021,"XGB_FREE",380
202021,"GBM",1
202101,"XGB",73
202101,"XGB_FREE",386
202101,"GBM",1
202102,"XGB",1
202102,"XGB_FREE",503
202102,"GBM",1
202103,"XGB",1
202103,"XGB_FREE",503
202103,"GBM",4
202104,"XGB",4
202104,"XGB_FREE",503
202104,"GBM",3
202105,"XGB",1
202105,"XGB_FREE",174
202105,"GBM",1
202106,"XGB",1
202106,"XGB_FREE",187
202106,"GBM",1
202107,"XGB",1
202107,"XGB_FREE",185
202107,"GBM",2
202108,"XGB",1
202108,"XGB_FREE",188
202108,"GBM",1
202109,"XGB",1
202109,"XGB_FREE",175
202109,"GBM",1
202110,"XGB",1
202110,"XGB_FREE",170
202110,"GBM",1
202111,"XGB",1
202111,"XGB_FREE",145
202111,"GBM",1
202112,"XGB",1
202112,"XGB_FREE",165
202112,"GBM",1
202113,"XGB",1
202113,"XGB_FREE",119
202113,"GBM",1
202114,"XGB",1
202114,"XGB_FREE",165
202114,"GBM",1
202115,"XGB",1
202115,"XGB_FREE",153
202115,"GBM",1
202116,"XGB",1
202116,"XGB_FREE",166
202116,"GBM",1
202117,"XGB",1
202117,"XGB_FREE",170
202117,"GBM",1
202118,"XGB",2
202118,"XGB_FREE",152
202118,"GBM",1
202119,"XGB",1
202119,"XGB_FREE",156
202119,"GBM",1
202120,"XGB",1
202120,"XGB_FREE",156
202120,"GBM",2
202121,"XGB",1
202121,"XGB_FREE",156
202121,"GBM",2
202122,"XGB",1
202122,"XGB_FREE",154
202122,"GBM",3
202201,"XGB",1
202201,"XGB_FREE",154
202201,"GBM",1
202202,"XGB",1
202202,"XGB_FREE",124
202202,"GBM",1
202203,"XGB",1
202203,"XGB_FREE",132
202203,"GBM",1
202204,"XGB",1
202204,"XGB_FREE",156
202204,"GBM",2
202205,"XGB",15
202205,"XGB_FREE",132
202205,"GBM",2
202206,"XGB",17
202206,"XGB_FREE",127
202206,"GBM",1
202207,"XGB",15
202207,"XGB_FREE",129
202207,"GBM",8
202208,"XGB",8
202208,"XGB_FREE",134
202208,"GBM",1
202209,"XGB",1
202209,"XGB_FREE",156
202209,"GBM",1
202210,"XGB",1
202210,"XGB_FREE",156
202210,"GBM",1
202211,"XGB",8
202211,"XGB_FREE",156
202211,"GBM",5
202212,"XGB",45
202212,"XGB_FREE",162
202212,"GBM",1
202213,"XGB",26
202213,"XGB_FREE",198
202213,"GBM",1
202214,"XGB",23
202214,"XGB_FREE",197
202214,"GBM",3
202215,"XGB",1
202215,"XGB_FREE",164
202215,"GBM",2
202216,"XGB",1
202216,"XGB_FREE",177
202216,"GBM",1
202217,"XGB",18
202217,"XGB_FREE",194
202217,"GBM",1
202218,"XGB",32
202218,"XGB_FREE",210
202218,"GBM",2
202219,"XGB",5
202219,"XGB_FREE",178
202219,"GBM",1
202220,"XGB",5
202220,"XGB_FREE",210
202220,"GBM",1
202221,"XGB",28
202221,"XGB_FREE",210
202221,"GBM",1
202222,"XGB",5
202222,"XGB_FREE",210
202222,"GBM",2
