"game_id","season","week","proj_away_score","proj_home_score","away_mean_pts","home_mean_pts","away_sd_pts","home_sd_pts","away_median_pts","home_median_pts","away_ci_lo","away_ci_hi","home_ci_lo","home_ci_hi","total_mean","total_sd","total_median","total_ci_lo","total_ci_hi","margin_mean","margin_sd","margin_sd_eff","margin_median","margin_ci_lo","margin_ci_hi","margin_q05","margin_q95","home_win_pct_raw","home_win_prob","away_win_prob","tie_prob","home_win_prob_cal","away_win_prob_cal","two_way_mass_cal","home_p_2w_cal","away_p_2w_cal","two_way_mass_raw","home_p_2w_raw","away_p_2w_raw","home_p_2w_mkt","away_p_2w_mkt","mu_home","mu_away","sd_home","sd_away","k_home","k_away","home_score_pi_lo","home_score_pi_hi","away_score_pi_lo","away_score_pi_hi","model_uncertainty","total_uncertainty","prob_edge_home","prob_edge_away","betting_signal_home","betting_signal_away","home_p_2w_model","home_p_2w_blend_raw","home_p_2w_blend","home_win_prob_blend","away_win_prob_blend","two_way_mass_blend","away_p_2w_blend","margin_blend","total_median_blend","home_median_blend","away_median_blend"
"2024_15_LA_SF",2024,15,29,29,29.45485,29.0635,10.845900507246,11.7012203182219,28,28,11,54,10,57,58.51835,17.3672329254057,57,29,96,-0.39135,14.4042858209632,15.8029570021563,-1,-29,29,-24,24,0.47942,0.485103246145705,0.513126753854295,0.00177000000000005,0.485103246145705,0.513126753854295,0.99823,0.485963401366123,0.514036598633877,0.99823,0.485963401366123,0.514036598633877,0.582992641046607,0.417007358953393,29.154374202977,29.4990390437526,12.0717465801366,11.0649659134934,5.40861645154272,13.5746573748889,8,61,13,51,0.0907700932785597,12.4870043695604,-0.0970292396804835,0.0970292396804835,0,2,0.485963401366123,0.565590111642744,0.565590111642744,0.564589017145136,0.433640982854864,0.99823,0.434409888357256,2.60998167342624,57,29.8049908367131,27.1950091632869
"2024_15_BAL_NYG",2024,15,27,16,27.45316,15.79555,7.63581358277497,6.98107853788192,27,15,14,44,5,32,43.24871,11.2618924536739,42,24,68,-11.65761,9.34087745384855,11.3798941826282,-12,-30,7,-27,4,0.10223,0.112830071811574,0.885969928188426,0.00119999999999998,0.112830071811574,0.885969928188426,0.9988,0.112965630568256,0.887034369431744,0.9988,0.112965630568256,0.887034369431744,0.087557603686636,0.912442396313364,15.777275799957,27.4436337775658,6.96657158776312,7.64853156833723,5,33.4003298207658,4,35,15,42,0.12670864289633,8.58258896943445,0.0254080268816203,-0.0254080268816204,0,0,0.112965630568256,0.00333333333333333,0.0389569393757457,0.0389101910484948,0.959889808951505,0.9988,0.961043060624254,-20.0618501085012,42,10.9690749457494,31.0309250542506
"2024_15_BUF_DET",2024,15,30,33,29.97631,32.77677,9.33319665867481,11.0021429202946,29,32,14,51,14,58,62.75308,15.9033574971261,62,35,97,2.80046,12.782591197984,14.3403151197865,3,-22,29,-18,24,0.57778,0.582139504456623,0.415810495543377,0.00205,0.582139504456623,0.415810495543377,0.99795,0.583335341907534,0.416664658092466,0.99795,0.583335341907534,0.416664658092466,0.542743538767396,0.457256461232604,32.8668124609456,29.9729511996936,11.3611483245585,9.39588995879596,10.4892702591546,5.3758000881446,14,59,9,63,0.0360470335042682,10.7854029336358,0.040591803140138,-0.040591803140138,1,0,0.583335341907534,0.439411568823334,0.473349135312094,0.472378769584704,0.525571230415296,0.99795,0.526650864687906,-0.958701358763367,62,30.5206493206183,31.4793506793817
"2024_15_CIN_TEN",2024,15,28,21,27.96542,21.47285,9.99801199369346,9.56196513219285,27,20,11,51,6,44,49.43827,14.9782586734717,48,24,82,-6.49257,12.5870810413372,14.1663195340636,-7,-32,19,-27,14,0.29226,0.300580694733349,0.697629305266651,0.00178999999999996,0.300580694733349,0.697629305266651,0.99821,0.301119698994549,0.698880301005451,0.99821,0.301119698994549,0.698880301005451,0.314606741573034,0.685393258426966,21.4545405515488,27.9711021876412,9.59175802259512,10.0987561516719,12.3024851659545,5,9,38,8,60,0.0219042771105497,10.0675629080334,-0.0134870425784848,0.0134870425784848,0,0,0.301119698994549,0.181780381731498,0.215556701724064,0.215170855227977,0.783039144772023,0.99821,0.784443298275937,-11.1529706939931,48,18.4235146530035,29.5764853469965
"2024_15_DAL_CAR",2024,15,23,23,23.2907,22.54571,7.82094272971308,6.77034925038507,23,22,10,41,11,37,45.83641,11.2943828491308,45,26,70,-0.74499,9.29765907981916,11.3444464106691,-1,-20,17,-16,14,0.46789,0.474025900992039,0.522884099007961,0.00309000000000004,0.474025900992039,0.522884099007961,0.99691,0.475495181101643,0.524504818898357,0.99691,0.475495181101643,0.524504818898357,0.563492063492063,0.436507936507937,22.5096320309874,23.2580635580203,6.77163494097192,7.83039906353893,50,5,12,35,6,50,0.0846948630489026,8.16713268787663,-0.0879968823904206,0.0879968823904207,0,2,0.475495181101643,0.545530303030303,0.529325539566703,0.527689923649442,0.469220076350558,0.99691,0.470674460433297,0.834662561486645,45,22.9173312807433,22.0826687192567
"2024_15_GB_SEA",2024,15,26,27,26.09467,27.00393,8.79441760487357,9.53019636741699,25,26,11,46,11,48,53.0986,13.8066021983196,52,29,83,0.90926,12.0710638867597,13.709871748424,1,-23,25,-19,21,0.51664,0.522841568579396,0.474848431420604,0.00231000000000003,0.522841568579396,0.474848431420604,0.99769,0.52405212899738,0.47594787100262,0.99769,0.52405212899738,0.47594787100262,0.406630245840576,0.593369754159424,26.9955225279603,26.0682144653213,9.58668266016457,8.8170313415469,9.76850719034194,16.1385902901667,11,50,12,44,0.126167515719043,10.4715754309317,0.117421883156804,-0.117421883156804,2,0,0.52405212899738,0.405944488889218,0.434472339285694,0.433468708181944,0.564221291818055,0.99769,0.565527660714306,-2.26211670639592,52,24.868941646802,27.131058353198
"2024_15_IND_DEN",2024,15,21,29,20.70313,28.90472,10.2348339371656,9.67032454850243,19,28,5,45,13,51,49.60785,15.7626448601505,48,23,85,8.20159,12.1685262954156,13.7957613853757,8,-17,32,-12,28,0.75562,0.753753033112425,0.244616966887575,0.00163000000000002,0.753753033112425,0.244616966887575,0.99837,0.754983656472475,0.245016343527525,0.99837,0.754983656472475,0.245016343527525,0.675031246995481,0.324968753004519,28.909063513531,20.6966722433539,9.75429336436253,10.2973911216073,20.0286022023315,5,14,47,5,45,0.0559101931616936,10.5886209367688,0.079952409476994,-0.079952409476994,2,0,0.754983656472475,0.628107978977545,0.670097934458139,0.669005674824972,0.329364325175028,0.99837,0.329902065541861,6.0726680195638,48,27.0363340097819,20.9636659902181
"2024_15_KC_CLE",2024,15,26,19,25.73522,19.40128,7.38702763182678,7.60827399742755,25,19,13,42,7,36,45.1365,11.6038801377101,44,25,70,-6.33394,9.50042034103052,11.5112113461732,-6,-25,13,-22,9,0.23562,0.24856245365385,0.74905754634615,0.00238000000000005,0.24856245365385,0.74905754634615,0.99762,0.249155443609641,0.75084455639036,0.99762,0.249155443609641,0.750844556390359,0.33099297893681,0.66900702106319,19.3805837709128,25.7056731832225,7.60189064058704,7.4029161176092,5,50,5,42,14,39,0.141063100659586,8.91369399299691,-0.0818375353271699,0.08183753532717,0,2,0.249155443609641,0.37719298245614,0.34981296965722,0.348980414789436,0.648639585210564,0.99762,0.65018703034278,-4.4413183948933,44,19.7793408025533,24.2206591974467
"2024_15_MIA_HOU",2024,15,26,26,26.37451,25.87742,7.32053195893452,7.30555869564256,26,25,14,42,13,42,52.25193,10.8761713937461,52,33,75,-0.49709,9.77914351302702,11.7423016418579,-1,-20,19,-17,16,0.47491,0.481434744885155,0.515665255114845,0.00290000000000001,0.481434744885155,0.515665255114845,0.9971,0.482834966287389,0.517165033712611,0.9971,0.482834966287389,0.517165033712611,0.582992641046607,0.417007358953393,25.8397406835422,26.3481167694737,7.30817552540592,7.32609031185707,13.8223137688981,5,11,45,7,56,0.0939717399605992,8.25685580090838,-0.100157674759218,0.100157674759218,0,2,0.482834966287389,0.565590111642744,0.550621032912721,0.549024231917274,0.448075768082726,0.9971,0.449378967087279,1.49397938162477,52,26.7469896908124,25.2530103091876
"2024_15_NE_ARI",2024,15,22,25,22.02462,24.8673,7.9499739544516,8.77605269474888,21,24,9,40,10,44,46.89192,12.2548733380972,46,25,73,2.84268,11.4131701565398,13.1343234702869,3,-19,26,-16,22,0.59539,0.598210685022083,0.399239314977917,0.00255000000000005,0.598210685022083,0.399239314977917,0.99745,0.599740022078382,0.400259977921618,0.99745,0.599740022078382,0.400259977921618,0.690792883054068,0.309207116945932,24.8370194589154,22.0051667914468,8.80235991122295,7.95340392188573,6.0041805378721,11.1223784813008,7,51,9,40,0.0705544667738175,9.09417310006763,-0.0910528609756857,0.0910528609756857,0,2,0.599740022078382,0.628107978977545,0.618490857545947,0.616913705859205,0.380536294140795,0.99745,0.381509142454053,3.96025632905789,46,24.9801281645289,21.0198718354711
"2024_15_NYJ_JAX",2024,15,24,22,23.91086,21.93633,11.1585590106784,6.6867064577064,22,21,7,50,10,36,45.84719,14.0255476279453,44,22,77,-1.97453,11.9052500447864,13.5641062598642,-1,-28,19,-23,16,0.45703,0.458030993526689,0.539619006473311,0.00234999999999996,0.458030993526689,0.539619006473311,0.99765,0.459109901795909,0.540890098204091,0.99765,0.459109901795909,0.540890098204091,0.390763765541741,0.609236234458259,21.9106333982659,23.9271980043128,6.68940622442883,11.339311647246,50,50,12,34,13,36,0.080419171555547,10.113545728289,0.0683461362541684,-0.0683461362541683,2,0,0.459109901795909,0.388298314641064,0.399510568350512,0.398571718514888,0.599078281485112,0.99765,0.600489431649488,-3.45361325395717,44,20.2731933730214,23.7268066269786
"2024_15_PIT_PHI",2024,15,24,30,23.98044,29.71476,8.33054808441281,8.39619694288021,23,29,10,42,15,48,53.6952,12.9545272070327,53,31,81,5.73432,10.5815185026979,12.4184755031742,6,-15,26,-12,23,0.70876,0.708330434200467,0.289369565799533,0.00229999999999997,0.708330434200467,0.289369565799533,0.9977,0.709963349905249,0.290036650094751,0.9977,0.709963349905249,0.290036650094751,0.695769952073349,0.304230047926651,29.6884779387572,23.961568897503,8.42873526252277,8.33384037403715,23.9286775497358,5,15,47,6,52,0.0100967927642627,8.48239004759418,0.0141933978319007,-0.0141933978319007,0,0,0.709963349905249,0.589247551415482,0.616708349270146,0.615289920066825,0.382410079933175,0.9977,0.383291650729854,3.68638751579769,53,28.3431937578988,24.6568062421012
"2024_15_TB_LAC",2024,15,25,24,25.22927,23.64508,8.33901916651512,8.80024807816589,24,23,11,44,9,43,48.87435,13.6196056115465,48,25,78,-1.58419,10.4150639354479,12.2769522593952,-2,-22,19,-18,16,0.42948,0.437338457462231,0.560271542537769,0.00239,0.437338457462231,0.560271542537769,0.99761,0.438386200481381,0.561613799518619,0.99761,0.438386200481381,0.561613799518619,0.593369754159424,0.406630245840576,23.6124606861003,25.2065169199006,8.81692693347724,8.35355149063342,5,39.0965374749663,6,51,14,39,0.150213384261008,10.0904987352116,-0.154983553678043,0.154983553678043,0,0,0.438386200481381,0.568107819068977,0.547006470219563,0.545699124755738,0.451910875244262,0.99761,0.452993529780437,1.44992919474092,48,24.7249645973705,23.2750354026295
"2024_15_WAS_NO",2024,15,26,24,25.53685,24.1856,9.08327403176692,9.16420822914477,25,23,10,46,9,45,49.72245,14.3772599285653,49,25,81,-1.35125,11.2370617224015,12.9815852711855,-2,-24,21,-20,17,0.44798,0.454055489343611,0.543654510656389,0.00229000000000001,0.454055489343611,0.543654510656389,0.99771,0.455097662991862,0.544902337008138,0.99771,0.455097662991862,0.544902337008138,0.242811501597444,0.757188498402556,24.154110553629,25.5232792933958,9.1926505137163,9.11439853310208,5.27063757947539,22.981486498188,7,51,13,41,0.304174485972455,12.1953530031711,0.212286161394418,-0.212286161394418,0,0,0.455097662991862,0.181780381731498,0.223982046249154,0.223469127363243,0.774240872636757,0.99771,0.776017953750846,-9.85060294267131,49,19.5746985286643,29.4253014713357
"2024_15_ATL_LV",2024,15,23,23,22.7898,22.60548,8.40849707071542,9.33341765359565,22,22,9,42,8,44,45.39528,13.5711398003246,44,22,75,-0.18432,11.4653905598286,13.1797261234597,-1,-22,23,-19,19,0.47446,0.482686760505391,0.514733239494609,0.00258000000000003,0.482686760505391,0.514733239494609,0.99742,0.483935313614516,0.516064686385484,0.99742,0.483935313614516,0.516064686385484,0.255930984902948,0.744069015097052,22.58897628378,22.7566465271384,9.3655801437404,8.42217616391169,14.1706123866706,7.13632952612365,10,39,7,45,0.308169637093136,11.9880745002493,0.228004328711569,-0.228004328711569,0,0,0.483935313614516,0.181780381731498,0.181780381731498,0.181311388346631,0.816108611653369,0.99742,0.818219618268502,-11.9751127114708,44,16.0124436442646,27.9875563557354
"2024_15_CHI_MIN",2024,15,20,30,19.89707,30.45363,6.53266883997052,8.15886851802717,19,30,9,34,16,48,50.3507,11.2619730878021,50,30,74,10.55656,9.57359689479221,11.5716791134206,10,-8,30,-5,27,0.86707,0.862353871060253,0.135996128939747,0.00165000000000004,0.862353871060253,0.135996128939747,0.99835,0.86377910658612,0.13622089341388,0.99835,0.86377910658612,0.13622089341388,0.733542319749216,0.266457680250784,30.434114954753,19.8847997296554,8.19321476250071,6.52695591389084,6.47670470552335,5,10,61,5,43,0.0815344893580377,8.22243344598523,0.130236786836904,-0.130236786836904,2,0,0.86377910658612,0.819928609402293,0.822341742243938,0.820984878369236,0.177365121630764,0.99835,0.177658257756062,10.6960059648518,50,30.3480029824259,19.6519970175741
