"game_id","season","week","provider","provider_name","h_open","a_open","h_close","a_close","home_win","p_open","p_close"
"2024_01_BAL_KC",2024,1,"58","ESPN BET","-150","+130","-140","+120",1,0.579831932773109,0.562043795620438
"2024_01_GB_PHI",2024,1,"58","ESPN BET","-130","+110","-120","+100",1,0.542743538767396,0.521739130434783
"2024_01_PIT_ATL",2024,1,"58","ESPN BET","-135","+115","-200","+170",0,0.552594002855783,0.642857142857143
"2024_01_ARI_BUF",2024,1,"58","ESPN BET","-275","+225","-320","+260",1,0.704433497536946,0.732824427480916
"2024_01_TEN_CHI",2024,1,"58","ESPN BET","-215","+180","-210","+175",1,0.656488549618321,0.650704225352113
"2024_01_NE_CIN",2024,1,"58","ESPN BET","-450","+360","-360","+290",0,0.790076335877863,0.753218884120172
"2024_01_HOU_IND",2024,1,"58","ESPN BET","+105","-125","+150","-175",0,0.467532467532468,0.385964912280702
"2024_01_JAX_MIA",2024,1,"58","ESPN BET","-175","+150","-190","+160",1,0.614035087719298,0.630102040816327
"2024_01_CAR_NO",2024,1,"58","ESPN BET","-210","+175","-185","+155",1,0.650704225352113,0.623389494549059
"2024_01_MIN_NYG",2024,1,"58","ESPN BET","-110","-110","-105","-115",0,0.5,0.489165763813651
"2024_01_LV_LAC",2024,1,"58","ESPN BET","-165","+140","-155","+135",1,0.599092284417549,0.588211546225272
"2024_01_DEN_SEA",2024,1,"58","ESPN BET","-230","+195","-290","+240",1,0.672781358453148,0.71656976744186
"2024_01_DAL_CLE",2024,1,"58","ESPN BET","-130","+110","-130","+110",0,0.542743538767396,0.542743538767396
"2024_01_WAS_TB",2024,1,"58","ESPN BET","-190","+160","-200","+170",1,0.630102040816327,0.642857142857143
"2024_01_LA_DET",2024,1,"58","ESPN BET","-185","+155","-250","+210",1,0.623389494549059,0.688888888888889
"2024_01_NYJ_SF",2024,1,"58","ESPN BET","-240","+200","-190","+160",1,0.679245283018868,0.630102040816327
"2024_02_BUF_MIA",2024,2,"58","ESPN BET","-110","-110","-145","+125",0,0.5,0.571115973741794
"2024_02_LV_BAL",2024,2,"58","ESPN BET","-380","+300","-400","+320",0,0.76,0.770642201834862
"2024_02_LAC_CAR",2024,2,"58","ESPN BET","+160","-190","+175","-210",0,0.369897959183674,0.349295774647887
"2024_02_NO_DAL",2024,2,"58","ESPN BET","-290","+240","-290","+240",0,0.71656976744186,0.71656976744186
"2024_02_TB_DET",2024,2,"58","ESPN BET","-270","+220","-350","+280",0,0.700162074554295,0.747191011235955
"2024_02_IND_GB",2024,2,"58","ESPN BET","+140","-165","+125","-145",1,0.400907715582451,0.428884026258206
"2024_02_CLE_JAX",2024,2,"58","ESPN BET","-110","-110","-175","+150",0,0.5,0.614035087719298
"2024_02_SF_MIN",2024,2,"58","ESPN BET","+225","-275","+180","-215",1,0.295566502463054,0.343511450381679
"2024_02_SEA_NE",2024,2,"58","ESPN BET","+135","-155","+140","-165",0,0.411788453774728,0.400907715582451
"2024_02_NYJ_TEN",2024,2,"58","ESPN BET","+175","-210","+155","-185",0,0.349295774647887,0.376610505450942
"2024_02_NYG_WAS",2024,2,"58","ESPN BET","-140","+120","-135","+105",1,0.562043795620438,0.540791402051783
"2024_02_LA_ARI",2024,2,"58","ESPN BET","+105","-125","-110","-110",1,0.467532467532468,0.5
"2024_02_CIN_KC",2024,2,"58","ESPN BET","-175","+150","-280","+230",1,0.614035087719298,0.708588957055215
"2024_02_CHI_HOU",2024,2,"58","ESPN BET","-185","+155","-275","+225",1,0.623389494549059,0.704433497536946
"2024_02_ATL_PHI",2024,2,"58","ESPN BET","-175","+150","-250","+210",0,0.614035087719298,0.688888888888889
"2024_03_NE_NYJ",2024,3,"58","ESPN BET","-320","+260","-300","+250",1,0.732824427480916,0.724137931034483
"2024_03_NYG_CLE",2024,3,"58","ESPN BET","-340","+270","-270","+220",0,0.740871613663133,0.700162074554295
"2024_03_CHI_IND",2024,3,"58","ESPN BET","-115","-105","-140","+120",1,0.510834236186349,0.562043795620438
"2024_03_HOU_MIN",2024,3,"58","ESPN BET","+120","-140","+100","-120",1,0.437956204379562,0.478260869565217
"2024_03_PHI_NO",2024,3,"58","ESPN BET","+110","-130","-145","+125",0,0.457256461232604,0.571115973741794
"2024_03_LAC_PIT",2024,3,"58","ESPN BET","-125","+105","-145","+125",1,0.532467532467533,0.571115973741794
"2024_03_DEN_TB",2024,3,"58","ESPN BET","-320","+260","-250","+210",0,0.732824427480916,0.688888888888889
"2024_03_GB_TEN",2024,3,"58","ESPN BET","-125","+105","-150","+130",0,0.532467532467533,0.579831932773109
"2024_03_CAR_LV",2024,3,"58","ESPN BET","-350","+280","-250","+210",0,0.747191011235955,0.688888888888889
"2024_03_MIA_SEA",2024,3,"58","ESPN BET","-280","+230","-210","+175",1,0.708588957055215,0.650704225352113
"2024_03_DET_ARI",2024,3,"58","ESPN BET","+135","-155","+130","-150",0,0.411788453774728,0.420168067226891
"2024_03_BAL_DAL",2024,3,"58","ESPN BET","-110","-110","+105","-125",0,0.5,0.467532467532468
"2024_03_SF_LA",2024,3,"58","ESPN BET","+280","-350","+220","-270",1,0.252808988764045,0.299837925445705
"2024_03_KC_ATL",2024,3,"58","ESPN BET","+180","-215","+145","-170",0,0.343511450381679,0.393299344501092
"2024_03_JAX_BUF",2024,3,"58","ESPN BET","-250","+210","-215","+180",1,0.688888888888889,0.656488549618321
"2024_03_WAS_CIN",2024,3,"58","ESPN BET","-380","+300","-400","+320",0,0.76,0.770642201834862
"2024_04_DAL_NYG",2024,4,"58","ESPN BET","+190","-225","+220","-270",0,0.332480818414322,0.299837925445705
"2024_04_NO_ATL",2024,4,"58","ESPN BET","-125","+105","-140","+120",1,0.532467532467533,0.562043795620438
"2024_04_CIN_CAR",2024,4,"58","ESPN BET","+210","-250","+180","-215",0,0.311111111111111,0.343511450381679
"2024_04_LA_CHI",2024,4,"58","ESPN BET","-120","+100","-165","+140",1,0.521739130434783,0.599092284417549
"2024_04_MIN_GB",2024,4,"58","ESPN BET","-135","+115","-145","+125",0,0.552594002855783,0.571115973741794
"2024_04_JAX_HOU",2024,4,"58","ESPN BET","-210","+175","-275","+225",1,0.650704225352113,0.704433497536946
"2024_04_PIT_IND",2024,4,"58","ESPN BET","+100","-120","+125","-145",1,0.478260869565217,0.428884026258206
"2024_04_DEN_NYJ",2024,4,"58","ESPN BET","-400","+320","-360","+290",0,0.770642201834862,0.753218884120172
"2024_04_PHI_TB",2024,4,"58","ESPN BET","+110","-130","+100","-120",1,0.457256461232604,0.478260869565217
"2024_04_WAS_ARI",2024,4,"58","ESPN BET","-230","+195","-170","+145",0,0.672781358453148,0.606700655498907
"2024_04_NE_SF",2024,4,"58","ESPN BET","-600","+450","-600","+450",1,0.825,0.825
"2024_04_KC_LAC",2024,4,"58","ESPN BET","+270","-340","+250","-300",0,0.259128386336867,0.275862068965517
"2024_04_CLE_LV",2024,4,"58","ESPN BET","-105","-115","+135","-155",1,0.489165763813651,0.411788453774728
"2024_04_BUF_BAL",2024,4,"58","ESPN BET","-135","+115","-150","+130",1,0.552594002855783,0.579831932773109
"2024_04_TEN_MIA",2024,4,"58","ESPN BET","-105","-115","-155","+135",0,0.489165763813651,0.588211546225272
"2024_04_SEA_DET",2024,4,"58","ESPN BET","-210","+175","-215","+180",1,0.650704225352113,0.656488549618321
"2024_05_TB_ATL",2024,5,"58","ESPN BET","-145","+125","-145","+125",1,0.571115973741794,0.571115973741794
"2024_05_NYJ_MIN",2024,5,"58","ESPN BET","-130","+110","-140","+120",1,0.542743538767396,0.562043795620438
"2024_05_CAR_CHI",2024,5,"58","ESPN BET","-230","+195","-200","+170",1,0.672781358453148,0.642857142857143
"2024_05_BAL_CIN",2024,5,"58","ESPN BET","+130","-150","+120","-140",0,0.420168067226891,0.437956204379562
"2024_05_BUF_HOU",2024,5,"58","ESPN BET","-105","-115","-123","+103",1,0.489165763813651,0.528232033679579
"2024_05_IND_JAX",2024,5,"58","ESPN BET","-165","+140","-200","+170",1,0.599092284417549,0.642857142857143
"2024_05_MIA_NE",2024,5,"58","ESPN BET","-105","-115","+110","-130",0,0.489165763813651,0.457256461232604
"2024_05_CLE_WAS",2024,5,"58","ESPN BET","-195","+165","-155","+135",1,0.63658761934093,0.588211546225272
"2024_05_LV_DEN",2024,5,"58","ESPN BET","-130","+110","-150","+130",1,0.542743538767396,0.579831932773109
"2024_05_ARI_SF",2024,5,"58","ESPN BET","-380","+300","-320","+260",0,0.76,0.732824427480916
"2024_05_GB_LA",2024,5,"58","ESPN BET","+155","-185","+125","-145",0,0.376610505450942,0.428884026258206
"2024_05_NYG_SEA",2024,5,"58","ESPN BET","-250","+210","-350","+280",0,0.688888888888889,0.747191011235955
"2024_05_DAL_PIT",2024,5,"58","ESPN BET","-125","+105","-140","+120",0,0.532467532467533,0.562043795620438
"2024_05_NO_KC",2024,5,"58","ESPN BET","-225","+190","-230","+195",1,0.667519181585678,0.672781358453148
"2024_06_SF_SEA",2024,6,"58","ESPN BET","+140","-165","+165","-195",0,0.400907715582451,0.36341238065907
"2024_06_JAX_CHI",2024,6,"58","ESPN BET","-125","+105","+105","-125",1,0.532467532467533,0.467532467532468
"2024_06_WAS_BAL",2024,6,"58","ESPN BET","-270","+220","-350","+280",1,0.700162074554295,0.747191011235955
"2024_06_ARI_GB",2024,6,"58","ESPN BET","-230","+195","-280","+230",1,0.672781358453148,0.708588957055215
"2024_06_HOU_NE",2024,6,"58","ESPN BET","+290","-360","+210","-250",0,0.246781115879828,0.311111111111111
"2024_06_TB_NO",2024,6,"58","ESPN BET","-145","+125","+155","-185",0,0.571115973741794,0.376610505450942
"2024_06_CLE_PHI",2024,6,"58","ESPN BET","-450","+360","-425","+340",1,0.790076335877863,0.780793319415449
"2024_06_IND_TEN",2024,6,"58","ESPN BET","-110","-110","-140","+120",0,0.5,0.562043795620438
"2024_06_LAC_DEN",2024,6,"58","ESPN BET","+115","-135","+130","-150",0,0.447405997144217,0.420168067226891
"2024_06_PIT_LV",2024,6,"58","ESPN BET","+120","-140","+145","-170",0,0.437956204379562,0.393299344501092
"2024_06_ATL_CAR",2024,6,"58","ESPN BET","+190","-225","+220","-270",0,0.332480818414322,0.299837925445705
"2024_06_DET_DAL",2024,6,"58","ESPN BET","+135","-155","+160","-190",0,0.411788453774728,0.369897959183674
"2024_06_CIN_NYG",2024,6,"58","ESPN BET","+155","-185","+170","-200",0,0.376610505450942,0.357142857142857
"2024_06_BUF_NYJ",2024,6,"58","ESPN BET","+120","-140","+100","-120",0,0.437956204379562,0.478260869565217
"2024_07_DEN_NO",2024,7,"58","ESPN BET","-115","-105","+125","-145",0,0.510834236186349,0.428884026258206
"2024_07_NE_JAX",2024,7,"58","ESPN BET","-215","+180","-340","+270",1,0.656488549618321,0.740871613663133
"2024_07_SEA_ATL",2024,7,"58","ESPN BET","-150","+130","-170","+145",0,0.579831932773109,0.606700655498907
"2024_07_TEN_BUF",2024,7,"58","ESPN BET","-425","+340","-500","+380",1,0.780793319415449,0.8
"2024_07_CIN_CLE",2024,7,"58","ESPN BET","+180","-215","+195","-230",0,0.343511450381679,0.327218641546852
"2024_07_HOU_GB",2024,7,"58","ESPN BET","-150","+130","-185","+155",1,0.579831932773109,0.623389494549059
"2024_07_MIA_IND",2024,7,"58","ESPN BET","-200","+170","-150","+130",1,0.642857142857143,0.579831932773109
"2024_07_DET_MIN",2024,7,"58","ESPN BET","-125","+105","-125","+105",0,0.532467532467533,0.532467532467533
"2024_07_PHI_NYG",2024,7,"58","ESPN BET","+160","-190","+150","-175",0,0.369897959183674,0.385964912280702
"2024_07_LV_LA",2024,7,"58","ESPN BET","-230","+195","-320","+260",1,0.672781358453148,0.732824427480916
"2024_07_CAR_WAS",2024,7,"58","ESPN BET","-400","+320","-600","+450",1,0.770642201834862,0.825
"2024_07_KC_SF",2024,7,"58","ESPN BET","-115","-105","-135","+115",0,0.510834236186349,0.552594002855783
"2024_07_NYJ_PIT",2024,7,"58","ESPN BET","-125","+105","+135","-155",1,0.532467532467533,0.411788453774728
"2024_07_BAL_TB",2024,7,"58","ESPN BET","+170","-200","+190","-225",0,0.357142857142857,0.332480818414322
"2024_07_LAC_ARI",2024,7,"58","ESPN BET","+115","-135","+100","-120",1,0.447405997144217,0.478260869565217
"2024_08_MIN_LA",2024,8,"58","ESPN BET","+140","-165","+130","-150",1,0.400907715582451,0.420168067226891
"2024_08_PHI_CIN",2024,8,"58","ESPN BET","-130","+110","-150","+130",0,0.542743538767396,0.579831932773109
"2024_08_BAL_CLE",2024,8,"58","ESPN BET","+400","-525","+260","-320",1,0.192307692307692,0.267175572519084
"2024_08_TEN_DET",2024,8,"58","ESPN BET","-700","+500","-650","+425",1,0.84,0.81981981981982
"2024_08_IND_HOU",2024,8,"58","ESPN BET","-280","+230","-210","+175",1,0.708588957055215,0.650704225352113
"2024_08_GB_JAX",2024,8,"58","ESPN BET","+195","-230","+155","-185",0,0.327218641546852,0.376610505450942
"2024_08_ARI_MIA",2024,8,"58","ESPN BET","-135","+115","-225","+190",0,0.552594002855783,0.667519181585678
"2024_08_NYJ_NE",2024,8,"58","ESPN BET","+230","-280","+270","-340",1,0.291411042944785,0.259128386336867
"2024_08_ATL_TB",2024,8,"58","ESPN BET","-155","+135","+100","-120",0,0.588211546225272,0.478260869565217
"2024_08_NO_LAC",2024,8,"58","ESPN BET","-300","+250","-380","+290",1,0.724137931034483,0.755351681957187
"2024_08_BUF_SEA",2024,8,"58","ESPN BET","+125","-145","+145","-170",0,0.428884026258206,0.393299344501092
"2024_08_CAR_DEN",2024,8,"58","ESPN BET","-400","+320","-650","+425",1,0.770642201834862,0.81981981981982
"2024_08_KC_LV",2024,8,"58","ESPN BET","+380","-500","+320","-425",0,0.2,0.227272727272727
"2024_08_CHI_WAS",2024,8,"58","ESPN BET","+100","-120","-120","+100",1,0.478260869565217,0.521739130434783
"2024_08_DAL_SF",2024,8,"58","ESPN BET","-240","+200","-240","+200",1,0.679245283018868,0.679245283018868
"2024_08_NYG_PIT",2024,8,"58","ESPN BET","-250","+210","-270","+220",1,0.688888888888889,0.700162074554295
"2024_09_HOU_NYJ",2024,9,"58","ESPN BET","-110","-110","-145","+125",1,0.5,0.571115973741794
"2024_09_DAL_ATL",2024,9,"58","ESPN BET","-135","+115","-170","+145",1,0.552594002855783,0.606700655498907
"2024_09_DEN_BAL",2024,9,"58","ESPN BET","-450","+340","-400","+300",1,0.782608695652174,0.761904761904762
"2024_09_MIA_BUF",2024,9,"58","ESPN BET","-250","+210","-270","+220",1,0.688888888888889,0.700162074554295
"2024_09_NO_CAR",2024,9,"58","ESPN BET","+240","-290","+250","-300",1,0.28343023255814,0.275862068965517
"2024_09_LV_CIN",2024,9,"58","ESPN BET","-400","+300","-380","+290",1,0.761904761904762,0.755351681957187
"2024_09_LAC_CLE",2024,9,"58","ESPN BET","+115","-135","+105","-125",0,0.447405997144217,0.467532467532468
"2024_09_WAS_NYG",2024,9,"58","ESPN BET","+150","-175","+170","-200",0,0.385964912280702,0.357142857142857
"2024_09_NE_TEN",2024,9,"58","ESPN BET","-155","+135","-185","+155",1,0.588211546225272,0.623389494549059
"2024_09_CHI_ARI",2024,9,"58","ESPN BET","-115","-105","-125","+105",1,0.510834236186349,0.532467532467533
"2024_09_JAX_PHI",2024,9,"58","ESPN BET","-320","+260","-290","+240",1,0.732824427480916,0.71656976744186
"2024_09_DET_GB",2024,9,"58","ESPN BET","+165","-195","+130","-150",0,0.36341238065907,0.420168067226891
"2024_09_LA_SEA",2024,9,"58","ESPN BET","-115","-105","+110","-125",0,0.510834236186349,0.461538461538462
"2024_09_IND_MIN",2024,9,"58","ESPN BET","-340","+270","-260","+215",1,0.740871613663133,0.694656488549618
"2024_09_TB_KC",2024,9,"58","ESPN BET","-450","+340","-450","+340",1,0.782608695652174,0.782608695652174
"2024_10_CIN_BAL",2024,10,"58","ESPN BET","-260","+215","-280","+230",1,0.694656488549618,0.708588957055215
"2024_10_NYG_CAR",2024,10,"58","ESPN BET","+190","-225","+210","-270",1,0.332480818414322,0.306545153272577
"2024_10_NE_CHI",2024,10,"58","ESPN BET","-360","+280","-275","+225",0,0.74835886214442,0.704433497536946
"2024_10_BUF_IND",2024,10,"58","ESPN BET","+190","-225","+190","-225",0,0.332480818414322,0.332480818414322
"2024_10_MIN_JAX",2024,10,"58","ESPN BET","+180","-215","+250","-300",0,0.343511450381679,0.275862068965517
"2024_10_DEN_KC",2024,10,"58","ESPN BET","-500","+360","-380","+290",1,0.793103448275862,0.755351681957187
"2024_10_ATL_NO",2024,10,"58","ESPN BET","+140","-165","+160","-190",1,0.400907715582451,0.369897959183674
"2024_10_SF_TB",2024,10,"58","ESPN BET","+210","-250","+250","-300",0,0.311111111111111,0.275862068965517
"2024_10_PIT_WAS",2024,10,"58","ESPN BET","-135","+115","-130","+110",0,0.552594002855783,0.542743538767396
"2024_10_TEN_LAC",2024,10,"58","ESPN BET","-425","+320","-380","+290",1,0.772727272727273,0.755351681957187
"2024_10_NYJ_ARI",2024,10,"58","ESPN BET","-125","+105","+110","-130",1,0.532467532467533,0.457256461232604
"2024_10_PHI_DAL",2024,10,"58","ESPN BET","+250","-300","+240","-290",0,0.275862068965517,0.28343023255814
"2024_10_DET_HOU",2024,10,"58","ESPN BET","+165","-195","+195","-230",0,0.36341238065907,0.327218641546852
"2024_10_MIA_LA",2024,10,"58","ESPN BET","-140","+120","-135","+115",0,0.562043795620438,0.552594002855783
"2024_11_WAS_PHI",2024,11,"58","ESPN BET","-185","+155","-225","+190",1,0.623389494549059,0.667519181585678
"2024_11_GB_CHI",2024,11,"58","ESPN BET","+240","-290","+230","-280",0,0.28343023255814,0.291411042944785
"2024_11_JAX_DET",2024,11,"58","ESPN BET","-1000","+600","-800","+500",1,0.864197530864197,0.842105263157895
"2024_11_LV_MIA",2024,11,"58","ESPN BET","-320","+260","-450","+340",1,0.732824427480916,0.782608695652174
"2024_11_LA_NE",2024,11,"58","ESPN BET","+195","-230","+165","-195",0,0.327218641546852,0.36341238065907
"2024_11_CLE_NO",2024,11,"58","ESPN BET","-130","+110","+105","-125",1,0.542743538767396,0.467532467532468
"2024_11_IND_NYJ",2024,11,"58","ESPN BET","-155","+135","-200","+170",0,0.588211546225272,0.642857142857143
"2024_11_BAL_PIT",2024,11,"58","ESPN BET","+140","-165","+140","-165",1,0.400907715582451,0.400907715582451
"2024_11_MIN_TEN",2024,11,"58","ESPN BET","+240","-290","+200","-240",0,0.28343023255814,0.320754716981132
"2024_11_ATL_DEN",2024,11,"58","ESPN BET","-125","+105","-130","+110",1,0.532467532467533,0.542743538767396
"2024_11_SEA_SF",2024,11,"58","ESPN BET","-320","+260","-275","+225",0,0.732824427480916,0.704433497536946
"2024_11_KC_BUF",2024,11,"58","ESPN BET","-130","+110","-155","+135",1,0.542743538767396,0.588211546225272
"2024_11_CIN_LAC",2024,11,"58","ESPN BET","-135","+115","-115","-105",1,0.552594002855783,0.510834236186349
"2024_11_HOU_DAL",2024,11,"58","ESPN BET","+280","-360","+270","-340",0,0.25164113785558,0.259128386336867
"2024_12_PIT_CLE",2024,12,"58","ESPN BET","+190","-225","+175","-210",1,0.332480818414322,0.349295774647887
"2024_12_KC_CAR",2024,12,"58","ESPN BET","+500","-800","+425","-650",0,0.157894736842105,0.18018018018018
"2024_12_MIN_CHI",2024,12,"58","ESPN BET","+160","-190","+135","-155",0,0.369897959183674,0.411788453774728
"2024_12_TEN_HOU",2024,12,"58","ESPN BET","-450","+340","-360","+280",0,0.782608695652174,0.74835886214442
"2024_12_DET_IND",2024,12,"58","ESPN BET","+300","-400","+320","-425",0,0.238095238095238,0.227272727272727
"2024_12_NE_MIA",2024,12,"58","ESPN BET","-380","+290","-450","+340",1,0.755351681957187,0.782608695652174
"2024_12_TB_NYG",2024,12,"58","ESPN BET","+165","-195","+215","-260",0,0.36341238065907,0.305343511450382
"2024_12_DAL_WAS",2024,12,"58","ESPN BET","-500","+360","-650","+425",0,0.793103448275862,0.81981981981982
"2024_12_DEN_LV",2024,12,"58","ESPN BET","+175","-210","+200","-240",0,0.349295774647887,0.320754716981132
"2024_12_SF_GB",2024,12,"58","ESPN BET","-120","+100","-320","+260",1,0.521739130434783,0.732824427480916
"2024_12_ARI_SEA",2024,12,"58","ESPN BET","-120","+100","+110","-130",1,0.521739130434783,0.457256461232604
"2024_12_PHI_LA",2024,12,"58","ESPN BET","+130","-150","+125","-145",0,0.420168067226891,0.428884026258206
"2024_12_BAL_LAC",2024,12,"58","ESPN BET","+110","-130","+140","-165",0,0.457256461232604,0.400907715582451
"2024_13_CHI_DET",2024,13,"58","ESPN BET","-650","+425","-550","+380",1,0.81981981981982,0.802431610942249
"2024_13_NYG_DAL",2024,13,"58","ESPN BET","-185","+155","-215","+180",1,0.623389494549059,0.656488549618321
"2024_13_MIA_GB",2024,13,"58","ESPN BET","-185","+155","-190","+160",1,0.623389494549059,0.630102040816327
"2024_13_LV_KC",2024,13,"58","ESPN BET","-900","+550","-900","+550",1,0.854014598540146,0.854014598540146
"2024_13_LAC_ATL",2024,13,"58","ESPN BET","+105","-125","-105","-115",0,0.467532467532468,0.489165763813651
"2024_13_PIT_CIN",2024,13,"58","ESPN BET","-135","+115","-175","+150",0,0.552594002855783,0.614035087719298
"2024_13_HOU_JAX",2024,13,"58","ESPN BET","+220","-270","+145","-170",0,0.299837925445705,0.393299344501092
"2024_13_ARI_MIN",2024,13,"58","ESPN BET","-200","+170","-175","+150",1,0.642857142857143,0.614035087719298
"2024_13_IND_NE",2024,13,"58","ESPN BET","+125","-145","+120","-140",0,0.428884026258206,0.437956204379562
"2024_13_SEA_NYJ",2024,13,"58","ESPN BET","+105","-125","-128","+108",0,0.467532467532468,0.538685658789252
"2024_13_TEN_WAS",2024,13,"58","ESPN BET","-270","+220","-240","+200",1,0.700162074554295,0.679245283018868
"2024_13_TB_CAR",2024,13,"58","ESPN BET","+220","-270","+240","-290",0,0.299837925445705,0.28343023255814
"2024_13_LA_NO",2024,13,"58","ESPN BET","+110","-130","+135","-155",0,0.457256461232604,0.411788453774728
"2024_13_PHI_BAL",2024,13,"58","ESPN BET","-145","+125","-170","+145",0,0.571115973741794,0.606700655498907
"2024_13_SF_BUF",2024,13,"58","ESPN BET","-270","+220","-290","+240",1,0.700162074554295,0.71656976744186
"2024_13_CLE_DEN",2024,13,"58","ESPN BET","-230","+195","-280","+230",1,0.672781358453148,0.708588957055215
"2024_14_GB_DET",2024,14,"58","ESPN BET","-190","+160","-185","+155",1,0.630102040816327,0.623389494549059
"2024_14_NYJ_MIA",2024,14,"58","ESPN BET","-280","+230","-290","+240",1,0.708588957055215,0.71656976744186
"2024_14_ATL_MIN",2024,14,"58","ESPN BET","-215","+180","-250","+210",1,0.656488549618321,0.688888888888889
"2024_14_NO_NYG",2024,14,"58","ESPN BET","+170","-200","+225","-275",0,0.357142857142857,0.295566502463054
"2024_14_CAR_PHI",2024,14,"58","ESPN BET","-900","+550","-1000","+600",1,0.854014598540146,0.864197530864197
"2024_14_CLE_PIT",2024,14,"58","ESPN BET","-250","+210","-290","+240",1,0.688888888888889,0.71656976744186
"2024_14_LV_TB",2024,14,"58","ESPN BET","-300","+250","-310","+255",1,0.724137931034483,0.728566699768289
"2024_14_JAX_TEN",2024,14,"58","ESPN BET","-215","+180","-155","+135",0,0.656488549618321,0.588211546225272
"2024_14_SEA_ARI",2024,14,"58","ESPN BET","-135","+115","-175","+150",0,0.552594002855783,0.614035087719298
"2024_14_BUF_LA",2024,14,"58","ESPN BET","+165","-195","+150","-175",1,0.36341238065907,0.385964912280702
"2024_14_CHI_SF",2024,14,"58","ESPN BET","-215","+180","-155","+135",1,0.656488549618321,0.588211546225272
"2024_14_LAC_KC",2024,14,"58","ESPN BET","-190","+160","-240","+200",1,0.630102040816327,0.679245283018868
"2024_14_CIN_DAL",2024,14,"58","ESPN BET","+210","-250","+190","-225",0,0.311111111111111,0.332480818414322
"2024_15_LA_SF",2024,15,"58","ESPN BET","-130","+110","-155","+135",0,0.542743538767396,0.588211546225272
"2024_15_DAL_CAR",2024,15,"58","ESPN BET","-125","+105","-145","+125",0,0.532467532467533,0.571115973741794
"2024_15_KC_CLE",2024,15,"58","ESPN BET","+250","-300","+190","-225",0,0.275862068965517,0.332480818414322
"2024_15_MIA_HOU",2024,15,"58","ESPN BET","-130","+110","-150","+130",1,0.542743538767396,0.579831932773109
"2024_15_NYJ_JAX",2024,15,"58","ESPN BET","+145","-170","+155","-185",0,0.393299344501092,0.376610505450942
"2024_15_WAS_NO",2024,15,"58","ESPN BET","+270","-340","+290","-380",0,0.259128386336867,0.244648318042813
"2024_15_BAL_NYG",2024,15,"58","ESPN BET","+750","-1400","+1000","-2000",0,0.111940298507463,0.0871369294605809
"2024_15_CIN_TEN",2024,15,"58","ESPN BET","+180","-215","+215","-260",0,0.343511450381679,0.305343511450382
"2024_15_NE_ARI",2024,15,"58","ESPN BET","-290","+240","-275","+225",1,0.71656976744186,0.704433497536946
"2024_15_IND_DEN",2024,15,"58","ESPN BET","-210","+175","-200","+170",1,0.650704225352113,0.642857142857143
"2024_15_BUF_DET",2024,15,"58","ESPN BET","-140","+120","-140","+120",0,0.562043795620438,0.562043795620438
"2024_15_TB_LAC",2024,15,"58","ESPN BET","-150","+130","-165","+140",0,0.579831932773109,0.599092284417549
"2024_15_PIT_PHI",2024,15,"58","ESPN BET","-210","+175","-250","+210",1,0.650704225352113,0.688888888888889
"2024_15_GB_SEA",2024,15,"58","ESPN BET","+120","-140","+140","-165",0,0.437956204379562,0.400907715582451
"2024_15_CHI_MIN",2024,15,"58","ESPN BET","-340","+270","-320","+260",1,0.740871613663133,0.732824427480916
"2024_15_ATL_LV",2024,15,"58","ESPN BET","+180","-215","+240","-290",0,0.343511450381679,0.28343023255814
"2024_16_DEN_LAC",2024,16,"58","ESPN BET","-155","+135","-155","+135",1,0.588211546225272,0.588211546225272
"2024_16_HOU_KC",2024,16,"58","ESPN BET","+100","-120","-190","+160",1,0.478260869565217,0.630102040816327
"2024_16_PIT_BAL",2024,16,"58","ESPN BET","-290","+240","-300","+250",1,0.71656976744186,0.724137931034483
"2024_16_NYG_ATL",2024,16,"58","ESPN BET","-550","+380","-550","+380",1,0.802431610942249,0.802431610942249
"2024_16_ARI_CAR",2024,16,"58","ESPN BET","+175","-210","+200","-240",1,0.349295774647887,0.320754716981132
"2024_16_DET_CHI",2024,16,"58","ESPN BET","+290","-380","+240","-290",0,0.244648318042813,0.28343023255814
"2024_16_CLE_CIN",2024,16,"58","ESPN BET","-320","+260","-600","+400",1,0.732824427480916,0.810810810810811
"2024_16_TEN_IND",2024,16,"58","ESPN BET","-200","+170","-195","+165",1,0.642857142857143,0.63658761934093
"2024_16_LA_NYJ",2024,16,"58","ESPN BET","+140","-165","+137","-160",0,0.400907715582451,0.406758448060075
"2024_16_PHI_WAS",2024,16,"58","ESPN BET","+155","-185","+180","-215",1,0.376610505450942,0.343511450381679
"2024_16_MIN_SEA",2024,16,"58","ESPN BET","+175","-210","+120","-140",0,0.349295774647887,0.437956204379562
"2024_16_NE_BUF",2024,16,"58","ESPN BET","-1400","+750","-1000","+600",1,0.888059701492537,0.864197530864197
"2024_16_JAX_LV",2024,16,"58","ESPN BET","-120","+100","-135","+115",1,0.521739130434783,0.552594002855783
"2024_16_SF_MIA",2024,16,"58","ESPN BET","-120","+100","+105","-125",1,0.521739130434783,0.467532467532468
"2024_16_TB_DAL",2024,16,"58","ESPN BET","+175","-210","+180","-215",1,0.349295774647887,0.343511450381679
"2024_16_NO_GB",2024,16,"58","ESPN BET","-1400","+750","-1200","+700",1,0.888059701492537,0.880733944954128
"2024_17_KC_PIT",2024,17,"58","ESPN BET","+120","-140","+115","-135",0,0.437956204379562,0.447405997144217
"2024_17_BAL_HOU",2024,17,"58","ESPN BET","+145","-170","+260","-320",0,0.393299344501092,0.267175572519084
"2024_17_SEA_CHI",2024,17,"58","ESPN BET","+150","-175","+180","-215",0,0.385964912280702,0.343511450381679
"2024_17_LAC_NE",2024,17,"58","ESPN BET","+180","-215","+230","-280",0,0.343511450381679,0.291411042944785
"2024_17_DEN_CIN",2024,17,"58","ESPN BET","-165","+140","-170","+145",1,0.599092284417549,0.606700655498907
"2024_17_ARI_LA",2024,17,"58","ESPN BET","-230","+195","-340","+270",1,0.672781358453148,0.740871613663133
"2024_17_NYJ_BUF",2024,17,"58","ESPN BET","-500","+360","-650","+425",1,0.793103448275862,0.81981981981982
"2024_17_TEN_JAX",2024,17,"58","ESPN BET","-115","-105","+100","-120",1,0.510834236186349,0.478260869565217
"2024_17_LV_NO",2024,17,"58","ESPN BET","-130","+110","+110","-130",0,0.542743538767396,0.457256461232604
"2024_17_IND_NYG",2024,17,"58","ESPN BET","+340","-450","+290","-380",1,0.217391304347826,0.244648318042813
"2024_17_DAL_PHI",2024,17,"58","ESPN BET","-400","+300","-360","+280",1,0.761904761904762,0.74835886214442
"2024_17_CAR_TB",2024,17,"58","ESPN BET","-380","+290","-550","+380",1,0.755351681957187,0.802431610942249
"2024_17_MIA_CLE",2024,17,"58","ESPN BET","+220","-270","+155","-185",0,0.299837925445705,0.376610505450942
"2024_17_GB_MIN",2024,17,"58","ESPN BET","-125","+105","-110","-110",1,0.532467532467533,0.5
"2024_17_ATL_WAS",2024,17,"58","ESPN BET","-210","+175","-190","+160",1,0.650704225352113,0.630102040816327
"2024_17_DET_SF",2024,17,"58","ESPN BET","+160","-190","+190","-225",0,0.369897959183674,0.332480818414322
"2024_18_CLE_BAL",2024,18,"58","ESPN BET","-3000","+1200","-2500","+1100",1,0.926365795724466,0.920245398773006
"2024_18_CIN_PIT",2024,18,"58","ESPN BET","+110","-130","+120","-140",0,0.457256461232604,0.437956204379562
"2024_18_CAR_ATL",2024,18,"58","ESPN BET","-400","+300","-400","+300",0,0.761904761904762,0.761904761904762
"2024_18_WAS_DAL",2024,18,"58","ESPN BET","+140","-165","+250","-300",0,0.400907715582451,0.275862068965517
"2024_18_CHI_GB",2024,18,"58","ESPN BET","-650","+425","-500","+360",0,0.81981981981982,0.793103448275862
"2024_18_JAX_IND",2024,18,"58","ESPN BET","-215","+180","-175","+150",1,0.656488549618321,0.614035087719298
"2024_18_BUF_NE",2024,18,"58","ESPN BET","+110","-130","+145","-170",1,0.457256461232604,0.393299344501092
"2024_18_NYG_PHI",2024,18,"58","ESPN BET","-185","+155","-170","+145",1,0.623389494549059,0.606700655498907
"2024_18_NO_TB",2024,18,"58","ESPN BET","-1400","+750","-1400","+750",1,0.888059701492537,0.888059701492537
"2024_18_HOU_TEN",2024,18,"58","ESPN BET","-140","+120","-150","+130",0,0.562043795620438,0.579831932773109
"2024_18_SF_ARI",2024,18,"58","ESPN BET","+100","-120","-210","+175",1,0.478260869565217,0.650704225352113
"2024_18_KC_DEN",2024,18,"58","ESPN BET","-450","+340","-700","+450",1,0.782608695652174,0.827956989247312
"2024_18_SEA_LA",2024,18,"58","ESPN BET","-130","+110","+270","-340",0,0.542743538767396,0.259128386336867
"2024_18_LAC_LV",2024,18,"58","ESPN BET","+180","-215","+250","-300",0,0.343511450381679,0.275862068965517
"2024_18_MIA_NYJ",2024,18,"58","ESPN BET","+115","-135","-135","+115",1,0.447405997144217,0.552594002855783
"2024_18_MIN_DET",2024,18,"58","ESPN BET","-145","+125","-160","+137",1,0.571115973741794,0.593241551939925
"2024_19_LAC_HOU",2024,19,"58","ESPN BET","+130","-150","+138","-162",1,0.420168067226891,0.404595713138551
"2024_19_PIT_BAL",2024,19,"58","ESPN BET","-450","+340","-500","+360",1,0.782608695652174,0.793103448275862
"2024_19_DEN_BUF",2024,19,"58","ESPN BET","-425","+320","-425","+320",1,0.772727272727273,0.772727272727273
"2024_19_GB_PHI",2024,19,"58","ESPN BET","-185","+155","-270","+220",1,0.623389494549059,0.700162074554295
"2024_19_WAS_TB",2024,19,"58","ESPN BET","-145","+125","-170","+145",0,0.571115973741794,0.606700655498907
"2024_19_MIN_LA",2024,19,"58","ESPN BET","+125","-145","+115","-135",1,0.428884026258206,0.447405997144217
"2024_20_HOU_KC",2024,20,"58","ESPN BET","-340","+270","-600","+400",1,0.740871613663133,0.810810810810811
"2024_20_WAS_DET",2024,20,"58","ESPN BET","-290","+240","-500","+360",0,0.71656976744186,0.793103448275862
"2024_20_LA_PHI",2024,20,"58","ESPN BET","-280","+230","-400","+300",1,0.708588957055215,0.761904761904762
"2024_20_BAL_BUF",2024,20,"58","ESPN BET","-125","+105","+105","-125",1,0.532467532467533,0.467532467532468
"2024_21_WAS_PHI",2024,21,"58","ESPN BET","-270","+220","-280","+230",1,0.700162074554295,0.708588957055215
"2024_21_BUF_KC",2024,21,"58","ESPN BET","-120","+100","-116","-104",1,0.521739130434783,0.513007284079084
"2024_22_KC_PHI",2024,22,"58","ESPN BET","+100","-120","-101","-119",1,0.478260869565217,0.480450931838916
"2025_01_DAL_PHI",2025,1,"58","ESPN BET","-280","+230","-400","+300",1,0.708588957055215,0.761904761904762
"2025_01_KC_LAC",2025,1,"58","ESPN BET","+155","-185","+150","-175",1,0.376610505450942,0.385964912280702
"2025_01_TB_ATL",2025,1,"58","ESPN BET","+115","-135","-110","-110",0,0.447405997144217,0.5
"2025_01_CIN_CLE",2025,1,"58","ESPN BET","+225","-275","+180","-215",0,0.295566502463054,0.343511450381679
"2025_01_MIA_IND",2025,1,"58","ESPN BET","-125","+105","-120","+100",1,0.532467532467533,0.521739130434783
"2025_01_CAR_JAX",2025,1,"58","ESPN BET","-145","+125","-210","+175",1,0.571115973741794,0.650704225352113
"2025_01_LV_NE",2025,1,"58","ESPN BET","-145","+125","-145","+125",0,0.571115973741794,0.571115973741794
"2025_01_ARI_NO",2025,1,"58","ESPN BET","+220","-270","+210","-250",0,0.299837925445705,0.311111111111111
"2025_01_PIT_NYJ",2025,1,"58","ESPN BET","+130","-150","+140","-165",0,0.420168067226891,0.400907715582451
"2025_01_NYG_WAS",2025,1,"58","ESPN BET","-270","+220","-270","+220",1,0.700162074554295,0.700162074554295
"2025_01_TEN_DEN",2025,1,"58","ESPN BET","-425","+320","-500","+360",1,0.772727272727273,0.793103448275862
"2025_01_SF_SEA",2025,1,"58","ESPN BET","+120","-140","+105","-125",0,0.437956204379562,0.467532467532468
"2025_01_DET_GB",2025,1,"58","ESPN BET","-125","+105","-115","-105",1,0.532467532467533,0.510834236186349
"2025_01_HOU_LA",2025,1,"58","ESPN BET","-140","+120","-165","+140",1,0.562043795620438,0.599092284417549
"2025_01_BAL_BUF",2025,1,"58","ESPN BET","-120","+100","+100","-120",1,0.521739130434783,0.478260869565217
"2025_01_MIN_CHI",2025,1,"58","ESPN BET","+105","-125","-110","-110",0,0.467532467532468,0.5
"2025_02_WAS_GB",2025,2,"58","ESPN BET","-195","+165","-175","+150",1,0.63658761934093,0.614035087719298
"2025_02_CLE_BAL",2025,2,"58","ESPN BET","-750","+475","-800","+500",1,0.835351089588378,0.842105263157895
"2025_02_JAX_CIN",2025,2,"58","ESPN BET","-185","+155","-200","+170",1,0.623389494549059,0.642857142857143
"2025_02_NYG_DAL",2025,2,"58","ESPN BET","-170","+145","-210","+175",1,0.606700655498907,0.650704225352113
"2025_02_CHI_DET",2025,2,"58","ESPN BET","-225","+190","-280","+230",1,0.667519181585678,0.708588957055215
"2025_02_NE_MIA",2025,2,"58","ESPN BET","-130","+110","-135","+115",0,0.542743538767396,0.552594002855783
"2025_02_SF_NO",2025,2,"58","ESPN BET","+250","-300","+135","-155",0,0.275862068965517,0.411788453774728
"2025_02_BUF_NYJ",2025,2,"58","ESPN BET","+270","-340","+220","-270",0,0.259128386336867,0.299837925445705
"2025_02_SEA_PIT",2025,2,"58","ESPN BET","-145","+125","-200","+170",0,0.571115973741794,0.642857142857143
"2025_02_LA_TEN",2025,2,"58","ESPN BET","+190","-225","+200","-240",0,0.332480818414322,0.320754716981132
"2025_02_CAR_ARI",2025,2,"58","ESPN BET","-250","+210","-340","+270",1,0.688888888888889,0.740871613663133
"2025_02_DEN_IND",2025,2,"58","ESPN BET","+125","-145","+110","-130",1,0.428884026258206,0.457256461232604
"2025_02_PHI_KC",2025,2,"58","ESPN BET","-110","-110","-110","-110",0,0.5,0.5
"2025_02_ATL_MIN",2025,2,"58","ESPN BET","-175","+150","-170","+145",0,0.614035087719298,0.606700655498907
"2025_02_TB_HOU",2025,2,"58","ESPN BET","-125","+105","-155","+135",0,0.532467532467533,0.588211546225272
"2025_02_LAC_LV",2025,2,"58","ESPN BET","+145","-170","+160","-190",0,0.393299344501092,0.369897959183674
"2025_03_MIA_BUF",2025,3,"58","ESPN BET","-500","+360","-750","+475",1,0.793103448275862,0.835351089588378
"2025_03_ATL_CAR",2025,3,"58","ESPN BET","+165","-195","+180","-215",1,0.36341238065907,0.343511450381679
"2025_03_GB_CLE",2025,3,"58","ESPN BET","+300","-400","+320","-425",1,0.238095238095238,0.227272727272727
"2025_03_HOU_JAX",2025,3,"58","ESPN BET","-125","+105","-125","+105",1,0.532467532467533,0.532467532467533
"2025_03_CIN_MIN",2025,3,"58","ESPN BET","-215","+180","-170","+145",1,0.656488549618321,0.606700655498907
"2025_03_PIT_NE",2025,3,"58","ESPN BET","+100","-120","-110","-110",0,0.478260869565217,0.5
"2025_03_LA_PHI",2025,3,"58","ESPN BET","-195","+165","-200","+170",1,0.63658761934093,0.642857142857143
"2025_03_NYJ_TB",2025,3,"58","ESPN BET","-320","+260","-290","+240",1,0.732824427480916,0.71656976744186
"2025_03_IND_TEN",2025,3,"58","ESPN BET","+145","-170","+210","-250",0,0.393299344501092,0.311111111111111
"2025_03_LV_WAS",2025,3,"58","ESPN BET","-290","+240","-150","+130",1,0.71656976744186,0.579831932773109
"2025_03_DEN_LAC",2025,3,"58","ESPN BET","-140","+120","-155","+135",1,0.562043795620438,0.588211546225272
"2025_03_NO_SEA",2025,3,"58","ESPN BET","-400","+300","-360","+280",1,0.761904761904762,0.74835886214442
"2025_03_DAL_CHI",2025,3,"58","ESPN BET","-110","-110","+105","-125",1,0.5,0.467532467532468
"2025_03_ARI_SF",2025,3,"58","ESPN BET","-105","-115","-125","+105",1,0.489165763813651,0.532467532467533
"2025_03_KC_NYG",2025,3,"58","ESPN BET","+240","-290","+230","-280",0,0.28343023255814,0.291411042944785
"2025_03_DET_BAL",2025,3,"58","ESPN BET","-275","+225","-240","+200",0,0.704433497536946,0.679245283018868
"2025_04_SEA_ARI",2025,4,"58","ESPN BET","-125","+105","+110","-130",0,0.532467532467533,0.457256461232604
"2025_04_MIN_PIT",2025,4,"58","ESPN BET","+110","-130","+115","-135",1,0.457256461232604,0.447405997144217
"2025_04_WAS_ATL",2025,4,"58","ESPN BET","+135","-155","-145","+125",1,0.411788453774728,0.571115973741794
"2025_04_NO_BUF",2025,4,"58","ESPN BET","-1600","+800","-1600","+800",1,0.894409937888199,0.894409937888199
"2025_04_CLE_DET",2025,4,"58","ESPN BET","-500","+360","-600","+400",1,0.793103448275862,0.810810810810811
"2025_04_TEN_HOU",2025,4,"58","ESPN BET","-340","+270","-425","+320",1,0.740871613663133,0.772727272727273
"2025_04_CAR_NE",2025,4,"58","ESPN BET","-210","+175","-240","+200",1,0.650704225352113,0.679245283018868
"2025_04_LAC_NYG",2025,4,"58","ESPN BET","+215","-260","+220","-270",1,0.305343511450382,0.299837925445705
"2025_04_PHI_TB",2025,4,"58","ESPN BET","+135","-155","+150","-175",0,0.411788453774728,0.385964912280702
"2025_04_IND_LA",2025,4,"58","ESPN BET","-170","+145","-190","+160",1,0.606700655498907,0.630102040816327
"2025_04_JAX_SF",2025,4,"58","ESPN BET","-195","+165","-170","+145",0,0.63658761934093,0.606700655498907
"2025_04_BAL_KC",2025,4,"58","ESPN BET","+125","-145","+125","-145",1,0.428884026258206,0.428884026258206
"2025_04_CHI_LV",2025,4,"58","ESPN BET","-110","-110","-140","+120",0,0.5,0.562043795620438
"2025_04_GB_DAL",2025,4,"58","ESPN BET","+250","-300","+250","-300",0,0.275862068965517,0.275862068965517
"2025_04_NYJ_MIA",2025,4,"58","ESPN BET","-140","+120","-150","+130",1,0.562043795620438,0.579831932773109
"2025_04_CIN_DEN",2025,4,"58","ESPN BET","-360","+280","-425","+320",1,0.74835886214442,0.772727272727273
"2025_05_SF_LA",2025,5,"58","ESPN BET","-190","+160","-450","+340",0,0.630102040816327,0.782608695652174
"2025_05_MIN_CLE",2025,5,"58","ESPN BET","+190","-225","+170","-200",0,0.332480818414322,0.357142857142857
"2025_05_HOU_BAL",2025,5,"58","ESPN BET","-185","+155","+125","-145",0,0.623389494549059,0.428884026258206
"2025_05_MIA_CAR",2025,5,"58","ESPN BET","+110","-130","-105","-115",1,0.457256461232604,0.489165763813651
"2025_05_LV_IND",2025,5,"58","ESPN BET","-320","+260","-380","+290",1,0.732824427480916,0.755351681957187
"2025_05_NYG_NO",2025,5,"58","ESPN BET","+110","-130","-135","+115",1,0.457256461232604,0.552594002855783
"2025_05_DAL_NYJ",2025,5,"58","ESPN BET","+105","-125","-130","+110",0,0.467532467532468,0.542743538767396
"2025_05_DEN_PHI",2025,5,"58","ESPN BET","-230","+195","-230","+195",0,0.672781358453148,0.672781358453148
"2025_05_TEN_ARI",2025,5,"58","ESPN BET","-380","+290","-450","+340",0,0.755351681957187,0.782608695652174
"2025_05_TB_SEA",2025,5,"58","ESPN BET","-135","+115","-200","+170",0,0.552594002855783,0.642857142857143
"2025_05_DET_CIN",2025,5,"58","ESPN BET","+340","-450","+400","-600",0,0.217391304347826,0.189189189189189
"2025_05_WAS_LAC",2025,5,"58","ESPN BET","-150","+130","-175","+150",0,0.579831932773109,0.614035087719298
"2025_05_NE_BUF",2025,5,"58","ESPN BET","-425","+320","-425","+320",0,0.772727272727273,0.772727272727273
"2025_05_KC_JAX",2025,5,"58","ESPN BET","+145","-170","+155","-185",1,0.393299344501092,0.376610505450942
"2025_06_PHI_NYG",2025,6,"58","ESPN BET","+290","-380","+300","-400",1,0.244648318042813,0.238095238095238
"2025_06_DEN_NYJ",2025,6,"58","ESPN BET","+280","-360","+270","-340",0,0.25164113785558,0.259128386336867
"2025_06_LA_BAL",2025,6,"58","ESPN BET","+320","-425","+230","-280",0,0.227272727272727,0.291411042944785
"2025_06_DAL_CAR",2025,6,"58","ESPN BET","+155","-185","+135","-155",1,0.376610505450942,0.411788453774728
"2025_06_ARI_IND",2025,6,"58","ESPN BET","-240","+200","-425","+320",1,0.679245283018868,0.772727272727273
"2025_06_SEA_JAX",2025,6,"58","ESPN BET","-120","+100","+100","-120",0,0.521739130434783,0.478260869565217
"2025_06_LAC_MIA",2025,6,"58","ESPN BET","+220","-270","+160","-190",0,0.299837925445705,0.369897959183674
"2025_06_NE_NO",2025,6,"58","ESPN BET","+160","-190","+165","-195",0,0.369897959183674,0.36341238065907
"2025_06_CLE_PIT",2025,6,"58","ESPN BET","-230","+195","-300","+250",1,0.672781358453148,0.724137931034483
"2025_06_TEN_LV",2025,6,"58","ESPN BET","-270","+220","-200","+170",1,0.700162074554295,0.642857142857143
"2025_06_CIN_GB",2025,6,"58","ESPN BET","-1600","+800","-1000","+600",1,0.894409937888199,0.864197530864197
"2025_06_SF_TB",2025,6,"58","ESPN BET","-150","+130","-190","+160",1,0.579831932773109,0.630102040816327
"2025_06_DET_KC",2025,6,"58","ESPN BET","-120","+100","-145","+125",1,0.521739130434783,0.571115973741794
"2025_06_BUF_ATL",2025,6,"58","ESPN BET","+180","-215","+170","-200",1,0.343511450381679,0.357142857142857
"2025_06_CHI_WAS",2025,6,"58","ESPN BET","-215","+180","-240","+200",0,0.656488549618321,0.679245283018868
"2025_07_PIT_CIN",2025,7,"58","ESPN BET","+210","-250","+200","-240",1,0.311111111111111,0.320754716981132
"2025_07_LA_JAX",2025,7,"58","ESPN BET","+150","-175","+150","-175",0,0.385964912280702,0.385964912280702
"2025_07_NO_CHI",2025,7,"58","ESPN BET","-250","+210","-200","+170",1,0.688888888888889,0.642857142857143
"2025_07_MIA_CLE",2025,7,"58","ESPN BET","-135","+115","-140","+120",1,0.552594002855783,0.562043795620438
"2025_07_LV_KC",2025,7,"58","ESPN BET","-600","+400","-1000","+600",1,0.810810810810811,0.864197530864197
"2025_07_PHI_MIN",2025,7,"58","ESPN BET","+105","-125","+120","-140",0,0.467532467532468,0.437956204379562
"2025_07_CAR_NYJ",2025,7,"58","ESPN BET","-120","+100","-105","-115",0,0.521739130434783,0.489165763813651
"2025_07_NE_TEN",2025,7,"58","ESPN BET","+260","-320","+230","-280",0,0.267175572519084,0.291411042944785
"2025_07_NYG_DEN",2025,7,"58","ESPN BET","-400","+300","-380","+290",1,0.761904761904762,0.755351681957187
"2025_07_IND_LAC",2025,7,"58","ESPN BET","-115","-105","-140","+120",0,0.510834236186349,0.562043795620438
"2025_07_GB_ARI",2025,7,"58","ESPN BET","+270","-340","+260","-320",0,0.259128386336867,0.267175572519084
"2025_07_WAS_DAL",2025,7,"58","ESPN BET","+120","-140","-130","+110",1,0.437956204379562,0.542743538767396
"2025_07_ATL_SF",2025,7,"58","ESPN BET","-165","+140","+105","-125",1,0.599092284417549,0.467532467532468
"2025_07_TB_DET",2025,7,"58","ESPN BET","-250","+210","-290","+240",1,0.688888888888889,0.71656976744186
"2025_07_HOU_SEA",2025,7,"58","ESPN BET","-155","+135","-155","+135",1,0.588211546225272,0.588211546225272
"2025_08_MIN_LAC",2025,8,"58","ESPN BET","-135","+115","-170","+145",1,0.552594002855783,0.606700655498907
"2025_08_MIA_ATL",2025,8,"58","ESPN BET","-400","+300","-340","+270",0,0.761904761904762,0.740871613663133
"2025_08_CHI_BAL",2025,8,"58","ESPN BET","-300","+250","-145","+125",1,0.724137931034483,0.571115973741794
"2025_08_BUF_CAR",2025,8,"58","ESPN BET","+300","-400","+300","-400",0,0.238095238095238,0.238095238095238
"2025_08_NYJ_CIN",2025,8,"58","ESPN BET","-215","+180","-250","+210",0,0.656488549618321,0.688888888888889
"2025_08_SF_HOU",2025,8,"58","ESPN BET","-125","+105","-165","+140",1,0.532467532467533,0.599092284417549
"2025_08_CLE_NE",2025,8,"58","ESPN BET","-380","+290","-320","+260",1,0.755351681957187,0.732824427480916
"2025_08_NYG_PHI",2025,8,"58","ESPN BET","-380","+290","-425","+320",1,0.755351681957187,0.772727272727273
"2025_08_TB_NO",2025,8,"58","ESPN BET","+225","-275","+175","-210",0,0.295566502463054,0.349295774647887
"2025_08_DAL_DEN",2025,8,"58","ESPN BET","-150","+130","-210","+175",1,0.579831932773109,0.650704225352113
"2025_08_TEN_IND",2025,8,"58","ESPN BET","-1600","+800","-1400","+750",1,0.894409937888199,0.888059701492537
"2025_08_GB_PIT",2025,8,"58","ESPN BET","+160","-190","+130","-150",0,0.369897959183674,0.420168067226891
"2025_08_WAS_KC",2025,8,"58","ESPN BET","-600","+400","-600","+400",1,0.810810810810811,0.810810810810811
"2025_09_BAL_MIA",2025,9,"58","ESPN BET","+280","-360","+360","-500",0,0.25164113785558,0.206896551724138
"2025_09_CHI_CIN",2025,9,"58","ESPN BET","+110","-130","+140","-165",0,0.457256461232604,0.400907715582451
"2025_09_MIN_DET",2025,9,"58","ESPN BET","-550","+380","-600","+400",0,0.802431610942249,0.810810810810811
"2025_09_CAR_GB",2025,9,"58","ESPN BET","-800","+500","-1000","+600",0,0.842105263157895,0.864197530864197
"2025_09_DEN_HOU",2025,9,"58","ESPN BET","+105","-125","-135","+115",0,0.467532467532468,0.552594002855783
"2025_09_ATL_NE",2025,9,"58","ESPN BET","-250","+210","-240","+200",1,0.688888888888889,0.679245283018868
"2025_09_SF_NYG",2025,9,"58","ESPN BET","+135","-155","+120","-140",0,0.411788453774728,0.437956204379562
"2025_09_IND_PIT",2025,9,"58","ESPN BET","+125","-145","+145","-170",1,0.428884026258206,0.393299344501092
"2025_09_LAC_TEN",2025,9,"58","ESPN BET","+360","-500","+425","-650",0,0.206896551724138,0.18018018018018
"2025_09_NO_LA",2025,9,"58","ESPN BET","-1200","+700","-1600","+800",1,0.880733944954128,0.894409937888199
"2025_09_JAX_LV",2025,9,"58","ESPN BET","+145","-170","+110","-130",0,0.393299344501092,0.457256461232604
"2025_09_KC_BUF",2025,9,"58","ESPN BET","+110","-130","+119","-135",1,0.457256461232604,0.442853104682936
"2025_09_SEA_WAS",2025,9,"58","ESPN BET","+135","-155","+130","-147",0,0.411788453774728,0.422150059818834
"2025_09_ARI_DAL",2025,9,"58","ESPN BET","-150","+130","-185","+155",0,0.579831932773109,0.623389494549059
"2025_10_LV_DEN",2025,10,"58","ESPN BET","-600","+400","-450","+340",1,0.810810810810811,0.782608695652174
"2025_10_ATL_IND",2025,10,"58","ESPN BET","-320","+260","-270","+220",1,0.732824427480916,0.700162074554295
"2025_10_NO_CAR",2025,10,"58","ESPN BET","-240","+200","-250","+210",0,0.679245283018868,0.688888888888889
"2025_10_NYG_CHI",2025,10,"58","ESPN BET","-185","+155","-225","+190",1,0.623389494549059,0.667519181585678
"2025_10_JAX_HOU",2025,10,"58","ESPN BET","-125","+105","-130","+110",1,0.532467532467533,0.542743538767396
"2025_10_BUF_MIA",2025,10,"58","ESPN BET","+380","-550","+360","-500",1,0.197568389057751,0.206896551724138
"2025_10_BAL_MIN",2025,10,"58","ESPN BET","+170","-200","+195","-230",0,0.357142857142857,0.327218641546852
"2025_10_CLE_NYJ",2025,10,"58","ESPN BET","-125","+105","+110","-130",1,0.532467532467533,0.457256461232604
"2025_10_NE_TB",2025,10,"58","ESPN BET","-135","+115","-155","+135",0,0.552594002855783,0.588211546225272
"2025_10_ARI_SEA",2025,10,"58","ESPN BET","-275","+225","-340","+280",1,0.704433497536946,0.745958429561201
"2025_10_LA_SF",2025,10,"58","ESPN BET","+145","-170","+210","-250",0,0.393299344501092,0.311111111111111
"2025_10_DET_WAS",2025,10,"58","ESPN BET","+150","-175","+325","-400",0,0.385964912280702,0.227272727272727
"2025_10_PIT_LAC",2025,10,"58","ESPN BET","-170","+145","-186","+159",1,0.606700655498907,0.627478052465678
"2025_10_PHI_GB",2025,10,"58","ESPN BET","-140","+120","-110","-104",0,0.562043795620438,0.506775067750678
"2025_11_NYJ_NE",2025,11,"58","ESPN BET","-800","+500","-1200","+700",1,0.842105263157895,0.880733944954128
"2025_11_WAS_MIA",2025,11,"58","ESPN BET","-135","+115","-135","+115",1,0.552594002855783,0.552594002855783
"2025_11_CAR_ATL",2025,11,"58","ESPN BET","-200","+170","-225","+190",0,0.642857142857143,0.667519181585678
"2025_11_TB_BUF",2025,11,"58","ESPN BET","-270","+220","-225","+190",1,0.700162074554295,0.667519181585678
"2025_11_LAC_JAX",2025,11,"58","ESPN BET","+110","-130","+125","-145",1,0.457256461232604,0.428884026258206
"2025_11_CHI_MIN",2025,11,"58","ESPN BET","-150","+130","-155","+135",0,0.579831932773109,0.588211546225272
"2025_11_GB_NYG",2025,11,"58","ESPN BET","+340","-450","+300","-400",0,0.217391304347826,0.238095238095238
"2025_11_CIN_PIT",2025,11,"58","ESPN BET","-230","+195","-260","+215",1,0.672781358453148,0.694656488549618
"2025_11_HOU_TEN",2025,11,"58","ESPN BET","+360","-500","+200","-240",0,0.206896551724138,0.320754716981132
"2025_11_SF_ARI",2025,11,"58","ESPN BET","+135","-155","+180","-215",0,0.411788453774728,0.343511450381679
"2025_11_SEA_LA",2025,11,"58","ESPN BET","-135","+115","-172","+148",1,0.552594002855783,0.610627576729272
"2025_11_BAL_CLE",2025,11,"58","ESPN BET","+380","-550","+320","-425",0,0.197568389057751,0.227272727272727
"2025_11_KC_DEN",2025,11,"58","ESPN BET","+150","-175","+190","-225",1,0.385964912280702,0.332480818414322
"2025_11_DET_PHI",2025,11,"58","ESPN BET","-120","+100","-143","+125",1,0.521739130434783,0.569721115537849
"2025_11_DAL_LV",2025,11,"58","ESPN BET","+145","-170","+170","-194",0,0.393299344501092,0.359501100513573
"2025_12_BUF_HOU",2025,12,"58","ESPN BET","+160","-190","+205","-245",1,0.369897959183674,0.315861753261616
"2025_12_NYJ_BAL",2025,12,"58","ESPN BET","-3000","+1200","-1600","+800",1,0.926365795724466,0.894409937888199
"2025_12_PIT_CHI",2025,12,"58","ESPN BET","-150","+130","-140","+120",1,0.579831932773109,0.562043795620438
"2025_12_NE_CIN",2025,12,"58","ESPN BET","+225","-275","+300","-400",0,0.295566502463054,0.238095238095238
"2025_12_NYG_DET",2025,12,"58","ESPN BET","-700","+450","-1400","+750",1,0.827956989247312,0.888059701492537
"2025_12_MIN_GB",2025,12,"58","ESPN BET","-250","+210","-290","+240",1,0.688888888888889,0.71656976744186
"2025_12_IND_KC",2025,12,"58","ESPN BET","-175","+150","-230","+195",1,0.614035087719298,0.672781358453148
"2025_12_SEA_TEN",2025,12,"58","ESPN BET","+450","-700","+425","-650",0,0.172043010752688,0.18018018018018
"2025_12_JAX_ARI",2025,12,"58","ESPN BET","+115","-135","+110","-130",0,0.447405997144217,0.457256461232604
"2025_12_CLE_LV",2025,12,"58","ESPN BET","-150","+130","-165","+140",0,0.579831932773109,0.599092284417549
"2025_12_PHI_DAL",2025,12,"58","ESPN BET","+180","-215","+130","-150",1,0.343511450381679,0.420168067226891
"2025_12_ATL_NO",2025,12,"58","ESPN BET","+130","-150","-125","+105",0,0.420168067226891,0.532467532467533
"2025_12_TB_LA",2025,12,"58","ESPN BET","-280","+230","-360","+290",1,0.708588957055215,0.753218884120172
"2025_12_CAR_SF",2025,12,"58","ESPN BET","-360","+280","-360","+300",1,0.74835886214442,0.757894736842105
"2025_13_GB_DET",2025,13,"58","ESPN BET","-150","+130","-166","+144",0,0.579831932773109,0.603600381497377
"2025_13_KC_DAL",2025,13,"58","ESPN BET","+190","-225","+160","-184",1,0.332480818414322,0.372507869884575
"2025_13_CIN_BAL",2025,13,"58","ESPN BET","-500","+360","-400","+325",0,0.793103448275862,0.772727272727273
"2025_13_CHI_PHI",2025,13,"58","ESPN BET","-320","+260","-355","+295",0,0.732824427480916,0.755014133799973
"2025_13_LA_CAR",2025,13,"100","DraftKings","+425","-575","+425","-575",1,0.182741116751269,0.182741116751269
"2025_13_LA_CAR",2025,13,"58","ESPN BET","+425","-650","+400","-600",1,0.18018018018018,0.189189189189189
"2025_13_SF_CLE",2025,13,"100","DraftKings","+205","-270","+205","-250",0,0.310012568077084,0.314606741573034
"2025_13_SF_CLE",2025,13,"58","ESPN BET","+270","-340","+210","-250",0,0.259128386336867,0.311111111111111
"2025_13_HOU_IND",2025,13,"58","ESPN BET","-175","+150","-170","+145",0,0.614035087719298,0.606700655498907
"2025_13_NO_MIA",2025,13,"58","ESPN BET","-270","+220","-260","+215",1,0.700162074554295,0.694656488549618
"2025_13_ATL_NYJ",2025,13,"58","ESPN BET","+125","-145","+135","-155",1,0.428884026258206,0.411788453774728
"2025_13_ARI_TB",2025,13,"58","ESPN BET","-290","+240","-210","+175",1,0.71656976744186,0.650704225352113
"2025_13_JAX_TEN",2025,13,"58","ESPN BET","+300","-400","+225","-275",0,0.238095238095238,0.295566502463054
"2025_13_MIN_SEA",2025,13,"58","ESPN BET","-700","+450","-1200","+700",1,0.827956989247312,0.880733944954128
"2025_13_LV_LAC",2025,13,"58","ESPN BET","-800","+500","-600","+400",1,0.842105263157895,0.810810810810811
"2025_13_BUF_PIT",2025,13,"58","ESPN BET","+155","-185","+145","-170",0,0.376610505450942,0.393299344501092
"2025_13_DEN_WAS",2025,13,"58","ESPN BET","+290","-380","+230","-270",0,0.244648318042813,0.293417922283902
"2025_13_NYG_NE",2025,13,"100","DraftKings","-410","+320","-360","+285",1,0.771505376344086,0.750812567713976
"2025_14_DAL_DET",2025,14,"100","DraftKings","-218","+180","-185","+154",1,0.657475226195605,0.622466551861174
"2025_14_SEA_ATL",2025,14,"100","DraftKings","+320","-425","+285","-360",0,0.227272727272727,0.249187432286024
"2025_14_PIT_BAL",2025,14,"100","DraftKings","-325","+260","-278","+225",0,0.733542319749216,0.705033164260632
"2025_14_CIN_BUF",2025,14,"100","DraftKings","-340","+245","-285","+230",1,0.727216367017979,0.70954356846473
"2025_14_TEN_CLE",2025,14,"100","DraftKings","-218","+180","-205","+170",0,0.657475226195605,0.644729178800233
"2025_14_IND_JAX",2025,14,"100","DraftKings","+105","-125","+114","-135",1,0.467532467532468,0.448558885283451
"2025_14_WAS_MIN",2025,14,"100","DraftKings","-148","+114","-115","-105",1,0.560844312225528,0.510834236186349
"2025_14_MIA_NYJ",2025,14,"100","DraftKings","+120","-148","+124","-148",0,0.432357043235704,0.427940364439536
"2025_14_NO_TB",2025,14,"100","DraftKings","-455","+350","-425","+330",0,0.786743515850144,0.776833156216791
"2025_14_DEN_LV",2025,14,"100","DraftKings","+350","-455","+360","-470",0,0.213256484149856,0.208638360175695
"2025_14_LA_ARI",2025,14,"100","DraftKings","+360","-470","+370","-485",0,0.208638360175695,0.204224122883575
"2025_14_CHI_GB",2025,14,"100","DraftKings","-325","+260","-305","+245",1,0.733542319749216,0.722079258878024
"2025_14_HOU_KC",2025,14,"100","DraftKings","-225","+185","-218","+180",0,0.663648124191462,0.657475226195605
"2025_14_PHI_LAC",2025,14,"100","DraftKings","+114","-135","+100","-120",1,0.448558885283451,0.478260869565217
"2025_15_ATL_TB",2025,15,"100","DraftKings","-238","+195","-285","+230",0,0.675031246995481,0.70954356846473
"2025_15_CLE_CHI",2025,15,"100","DraftKings","-355","+280","-375","+295",1,0.747782705099778,0.757188498402556
"2025_15_BAL_CIN",2025,15,"100","DraftKings","+130","-155","+136","-162",0,0.417007358953393,0.406630245840576
"2025_15_ARI_HOU",2025,15,"100","DraftKings","-355","+280","-625","+455",1,0.747782705099778,0.827123695976155
"2025_15_NYJ_JAX",2025,15,"100","DraftKings","-470","+360","-1000","+650",1,0.791361639824305,0.872093023255814
"2025_15_LAC_KC",2025,15,"100","DraftKings","-230","+190","-258","+210",0,0.66900702106319,0.690792883054068
"2025_15_BUF_NE",2025,15,"100","DraftKings","-108","-112","+120","-142",0,0.495670245930031,0.436507936507936
"2025_15_WAS_NYG",2025,15,"100","DraftKings","+105","-125","-155","+130",0,0.467532467532468,0.582992641046607
"2025_15_LV_PHI",2025,15,"100","DraftKings","-950","+625","-950","+625",1,0.867716535433071,0.867716535433071
"2025_15_GB_DEN",2025,15,"100","DraftKings","+105","-125","+102","-122",1,0.467532467532468,0.47391341473828
"2025_15_DET_LA",2025,15,"100","DraftKings","-205","+170","-245","+200",1,0.644729178800233,0.680555555555556
"2025_15_CAR_NO",2025,15,"100","DraftKings","+124","-148","+124","-148",1,0.427940364439536,0.427940364439536
"2025_15_IND_SEA",2025,15,"100","DraftKings","-185","+154","-950","+625",1,0.622466551861174,0.867716535433071
"2025_15_TEN_SF",2025,15,"100","DraftKings","-900","+600","-950","+625",1,0.863013698630137,0.867716535433071
"2025_15_MIN_DAL",2025,15,"100","DraftKings","-425","+330","-265","+215",0,0.776833156216791,0.695769952073349
"2025_15_MIA_PIT",2025,15,"100","DraftKings","-166","+140","-185","+154",1,0.599638771824202,0.622466551861174
"2025_16_LA_SEA",2025,16,"100","DraftKings","-112","-108","-130","+110",1,0.504329754069969,0.542743538767396
"2025_16_PHI_WAS",2025,16,"100","DraftKings","+210","-258","+300","-380",0,0.309207116945932,0.24
"2025_16_GB_CHI",2025,16,"100","DraftKings","+136","-162","-118","-102",1,0.406630245840576,0.51736412571627
"2025_16_TB_CAR",2025,16,"100","DraftKings","+105","-125","+130","-155",1,0.467532467532468,0.417007358953393
"2025_16_BUF_CLE",2025,16,"100","DraftKings","+360","-470","+440","-600",0,0.208638360175695,0.177664974619289
"2025_16_LAC_DAL",2025,16,"100","DraftKings","-125","+105","-118","-102",0,0.532467532467533,0.51736412571627
"2025_16_CIN_MIA",2025,16,"100","DraftKings","+105","-125","+170","-205",0,0.467532467532468,0.355270821199767
"2025_16_NYJ_NO",2025,16,"100","DraftKings","-192","+160","-325","+260",1,0.630940343781598,0.733542319749216
"2025_16_MIN_NYG",2025,16,"100","DraftKings","-102","-118","+124","-148",0,0.48263587428373,0.427940364439536
"2025_16_KC_TEN",2025,16,"100","DraftKings","+470","-650","+154","-185",1,0.168350168350168,0.377533448138826
"2025_16_ATL_ARI",2025,16,"100","DraftKings","-118","-102","+120","-142",0,0.51736412571627,0.436507936507936
"2025_16_JAX_DEN",2025,16,"100","DraftKings","-148","+124","-175","+145",0,0.572059635560464,0.609236234458259
"2025_16_PIT_DET",2025,16,"100","DraftKings","-285","+230","-425","+330",0,0.70954356846473,0.776833156216791
"2025_16_LV_HOU",2025,16,"100","DraftKings","-700","+500","-1450","+850",1,0.84,0.898858075040783
"2025_16_NE_BAL",2025,16,"100","DraftKings","-142","+120","-205","+170",0,0.563492063492063,0.644729178800233
"2025_16_SF_IND",2025,16,"100","DraftKings","+195","-238","+185","-225",0,0.324968753004519,0.336351875808538
"2025_17_DAL_WAS",2025,17,"100","DraftKings","+136","-162","+400","-535",0,0.406630245840576,0.191842900302115
"2025_17_DET_MIN",2025,17,"100","DraftKings","+150","-180","+285","-360",1,0.383561643835616,0.249187432286024
"2025_17_DEN_KC",2025,17,"100","DraftKings","+185","-225","+750","-1200",0,0.336351875808538,0.11304347826087
"2025_17_HOU_LAC",2025,17,"100","DraftKings","+105","-125","-118","-102",0,0.467532467532468,0.51736412571627
"2025_17_BAL_GB",2025,17,"100","DraftKings","-142","+120","-142","+120",0,0.563492063492063,0.563492063492063
"2025_17_SEA_CAR",2025,17,"100","DraftKings","+320","-410","+245","-305",0,0.228494623655914,0.277920741121976
"2025_17_ARI_CIN",2025,17,"100","DraftKings","-238","+195","-345","+275",1,0.675031246995481,0.744069015097052
"2025_17_PIT_CLE",2025,17,"100","DraftKings","+154","-185","+170","-205",1,0.377533448138826,0.355270821199767
"2025_17_JAX_IND",2025,17,"100","DraftKings","+195","-238","+190","-230",0,0.324968753004519,0.33099297893681
"2025_17_TB_MIA",2025,17,"100","DraftKings","+130","-155","+215","-265",1,0.417007358953393,0.304230047926651
"2025_17_NE_NYJ",2025,17,"100","DraftKings","+380","-500","+650","-1000",0,0.2,0.127906976744186
"2025_17_NO_TEN",2025,17,"100","DraftKings","+105","-125","-110","-110",0,0.467532467532468,0.5
"2025_17_NYG_LV",2025,17,"100","DraftKings","+136","-162","+136","-162",0,0.406630245840576,0.406630245840576
"2025_17_PHI_BUF",2025,17,"100","DraftKings","-162","+136","-170","+142",0,0.593369754159424,0.603756970942178
"2025_17_CHI_SF",2025,17,"100","DraftKings","-162","+136","-225","+185",1,0.593369754159424,0.663648124191462
"2025_17_LA_ATL",2025,17,"100","DraftKings","+350","-455","+295","-375",1,0.213256484149856,0.242811501597444
"2025_18_CAR_TB",2025,18,"100","DraftKings","-192","+160","-155","+130",1,0.630940343781598,0.582992641046607
"2025_18_SEA_SF",2025,18,"100","DraftKings","-108","-112","+130","-155",0,0.495670245930031,0.417007358953393
"2025_18_NO_ATL",2025,18,"100","DraftKings","-155","+130","-192","+160",1,0.582992641046607,0.630940343781598
"2025_18_CLE_CIN",2025,18,"100","DraftKings","-325","+260","-440","+340",0,0.733542319749216,0.781906300484653
"2025_18_IND_HOU",2025,18,"100","DraftKings","-455","+350","-520","+390",1,0.786743515850144,0.804292929292929
"2025_18_TEN_JAX",2025,18,"100","DraftKings","-575","+425","-850","+575",1,0.817258883248731,0.857943925233645
"2025_18_GB_MIN",2025,18,"100","DraftKings","-325","+260","-750","+525",1,0.733542319749216,0.846501128668172
"2025_18_DAL_NYG",2025,18,"100","DraftKings","+180","-218","+140","-166",1,0.342524773804395,0.400361228175798
"2025_18_NYJ_BUF",2025,18,"100","DraftKings","-800","+550","-800","+550",1,0.852459016393443,0.852459016393443
"2025_18_DET_CHI",2025,18,"100","DraftKings","+100","-120","-170","+142",0,0.478260869565217,0.603756970942178
"2025_18_LAC_DEN",2025,18,"100","DraftKings","-485","+370","-1650","+950",1,0.795775877116425,0.908256880733945
"2025_18_ARI_LA",2025,18,"100","DraftKings","-470","+360","-1350","+800",1,0.791361639824305,0.893382352941177
"2025_18_KC_LV",2025,18,"100","DraftKings","+200","-245","+180","-218",1,0.319444444444444,0.342524773804395
"2025_18_MIA_NE",2025,18,"100","DraftKings","-625","+455","-1350","+800",1,0.827123695976155,0.893382352941177
"2025_18_WAS_PHI",2025,18,"100","DraftKings","-345","+275","-180","+150",0,0.744069015097052,0.616438356164384
"2025_18_BAL_PIT",2025,18,"100","DraftKings","+136","-162","+170","-205",1,0.406630245840576,0.355270821199767
"2025_19_LA_CAR",2025,19,"100","DraftKings","+440","-600","+410","-550",0,0.177664974619289,0.188133140376266
"2025_19_GB_CHI",2025,19,"100","DraftKings","-105","-115","+110","-130",1,0.489165763813651,0.457256461232604
"2025_19_BUF_JAX",2025,19,"100","DraftKings","-102","-118","-122","+102",0,0.48263587428373,0.52608658526172
"2025_19_SF_PHI",2025,19,"100","DraftKings","-185","+154","-250","+205",0,0.622466551861174,0.685393258426966
"2025_19_LAC_NE",2025,19,"100","DraftKings","-185","+154","-218","+180",1,0.622466551861174,0.657475226195605
"2025_19_HOU_PIT",2025,19,"100","DraftKings","+120","-142","+130","-155",0,0.436507936507936,0.417007358953393
"2025_20_BUF_DEN",2025,20,"100","DraftKings","-108","-112","-125","+105",1,0.495670245930031,0.532467532467533
"2025_20_SF_SEA",2025,20,"100","DraftKings","-340","+270","-340","+270",1,0.740871613663133,0.740871613663133
"2025_20_HOU_NE",2025,20,"100","DraftKings","-155","+130","-180","+150",1,0.582992641046607,0.616438356164384
"2025_20_LA_CHI",2025,20,"100","DraftKings","+160","-192","+160","-192",0,0.369059656218402,0.369059656218402
"2025_21_NE_DEN",2025,21,"100","DraftKings","+205","-250","+170","-205",0,0.314606741573034,0.355270821199767
"2025_21_LA_SEA",2025,21,"100","DraftKings","-130","+110","-142","+120",1,0.542743538767396,0.563492063492063
"2025_22_SEA_NE",2025,22,"100","DraftKings","+164","-198","+190","-230",0,0.363095818305878,0.33099297893681
