file,sha256_committed,sha256_rerun,identical
screen/features.csv,aac7e722f2c760297be6be55c89a7b55f2069f16402e9a9dca4a58cf830f088f,aac7e722f2c760297be6be55c89a7b55f2069f16402e9a9dca4a58cf830f088f,TRUE
screen/joint.csv,681ed78d1d00dcd79e0e98c0c8104e4d6fe5b0a5dcd06ae832acfa29bf3c63de,681ed78d1d00dcd79e0e98c0c8104e4d6fe5b0a5dcd06ae832acfa29bf3c63de,TRUE
models/scores_tune.csv,6c8fc32ecad120aabf16d8858c48519368e1dbae80bee33d83fa813fa6ac8c6f,6c8fc32ecad120aabf16d8858c48519368e1dbae80bee33d83fa813fa6ac8c6f,TRUE
models/reliability_tune.csv,e13d53883c2c1b431c82a019393a2f624d93b223fe8694367e1627a7ca48c964,e13d53883c2c1b431c82a019393a2f624d93b223fe8694367e1627a7ca48c964,TRUE
models/boosting_rounds.csv,b2fd4bf3e15d02d6f49380d2004404b4ee9e836bf59faa01839b5d852f7ed1bc,b2fd4bf3e15d02d6f49380d2004404b4ee9e836bf59faa01839b5d852f7ed1bc,TRUE
models/control_shuffled_labels.csv,f531fc7fd8f364ffb6870964572ca95bf1ca53dd73fea07a61a6a0dac3f343f0,f531fc7fd8f364ffb6870964572ca95bf1ca53dd73fea07a61a6a0dac3f343f0,TRUE
handicap/scores_tune.csv,e82ddb1d8a8d6a2367e4e618be41b6af0266964f6cb5e3998ca66b1c749637a7,e82ddb1d8a8d6a2367e4e618be41b6af0266964f6cb5e3998ca66b1c749637a7,TRUE
handicap/betting_tune.csv,d77a526f1f1256b767a1e1e17f26b6d219805dcd422572911d3fb540170c73f9,d77a526f1f1256b767a1e1e17f26b6d219805dcd422572911d3fb540170c73f9,TRUE
tracking/moneyline_tune.csv,a924a391b196fa21fcdd5faf04b6e6b41c44f72b1346612ad8579f3cf64cfef1,a924a391b196fa21fcdd5faf04b6e6b41c44f72b1346612ad8579f3cf64cfef1,TRUE
tracking/handicap_tune.csv,24d5a7f7d6b94153e0c16527f2b2539be35ba261086f9ccd8969e5301cfed8e5,24d5a7f7d6b94153e0c16527f2b2539be35ba261086f9ccd8969e5301cfed8e5,TRUE
TABLES.md,3e1ca6d9a15042ba9e213b43da09bb9d099e6278df8e400383d9f03650beab1e,3e1ca6d9a15042ba9e213b43da09bb9d099e6278df8e400383d9f03650beab1e,TRUE
