variant,season,size,decay,cv_deviance,chosen
"N1",2018,1,1,1.24785,FALSE
"N1",2018,1,10,1.23561,FALSE
"N1",2018,1,100,1.22791,FALSE
"N1",2018,1,1000,1.22181,FALSE
"N1",2018,1,10000,1.22086,FALSE
"N1",2018,2,1,1.24488,FALSE
"N1",2018,2,10,1.23561,FALSE
"N1",2018,2,100,1.22792,FALSE
"N1",2018,2,1000,1.22182,FALSE
"N1",2018,2,10000,1.22086,TRUE
"N1",2018,3,1,1.28857,FALSE
"N1",2018,3,10,1.23563,FALSE
"N1",2018,3,100,1.22794,FALSE
"N1",2018,3,1000,1.22183,FALSE
"N1",2018,3,10000,1.22087,FALSE
"N1",2019,1,1,1.25723,FALSE
"N1",2019,1,10,1.23445,FALSE
"N1",2019,1,100,1.22757,FALSE
"N1",2019,1,1000,1.22211,FALSE
"N1",2019,1,10000,1.22151,TRUE
"N1",2019,2,1,1.25427,FALSE
"N1",2019,2,10,1.23446,FALSE
"N1",2019,2,100,1.22759,FALSE
"N1",2019,2,1000,1.22212,FALSE
"N1",2019,2,10000,1.22151,FALSE
"N1",2019,3,1,1.30559,FALSE
"N1",2019,3,10,1.23445,FALSE
"N1",2019,3,100,1.2276,FALSE
"N1",2019,3,1000,1.22213,FALSE
"N1",2019,3,10000,1.22151,FALSE
"N1",2020,1,1,1.26098,FALSE
"N1",2020,1,10,1.23532,FALSE
"N1",2020,1,100,1.22969,FALSE
"N1",2020,1,1000,1.22389,FALSE
"N1",2020,1,10000,1.22272,TRUE
"N1",2020,2,1,1.27503,FALSE
"N1",2020,2,10,1.23532,FALSE
"N1",2020,2,100,1.2297,FALSE
"N1",2020,2,1000,1.22391,FALSE
"N1",2020,2,10000,1.22272,FALSE
"N1",2020,3,1,1.2961,FALSE
"N1",2020,3,10,1.23533,FALSE
"N1",2020,3,100,1.22971,FALSE
"N1",2020,3,1000,1.22391,FALSE
"N1",2020,3,10000,1.22272,FALSE
"N1",2021,1,1,1.24401,FALSE
"N1",2021,1,10,1.22879,FALSE
"N1",2021,1,100,1.22434,FALSE
"N1",2021,1,1000,1.2197,FALSE
"N1",2021,1,10000,1.21878,FALSE
"N1",2021,2,1,1.26224,FALSE
"N1",2021,2,10,1.2288,FALSE
"N1",2021,2,100,1.22434,FALSE
"N1",2021,2,1000,1.2197,FALSE
"N1",2021,2,10000,1.21878,FALSE
"N1",2021,3,1,1.27102,FALSE
"N1",2021,3,10,1.2288,FALSE
"N1",2021,3,100,1.22435,FALSE
"N1",2021,3,1000,1.21971,FALSE
"N1",2021,3,10000,1.21878,TRUE
"N1",2022,1,1,1.25349,FALSE
"N1",2022,1,10,1.23233,FALSE
"N1",2022,1,100,1.22799,FALSE
"N1",2022,1,1000,1.22249,FALSE
"N1",2022,1,10000,1.22126,FALSE
"N1",2022,2,1,1.27036,FALSE
"N1",2022,2,10,1.23234,FALSE
"N1",2022,2,100,1.228,FALSE
"N1",2022,2,1000,1.22249,FALSE
"N1",2022,2,10000,1.22125,FALSE
"N1",2022,3,1,1.29148,FALSE
"N1",2022,3,10,1.23233,FALSE
"N1",2022,3,100,1.22801,FALSE
"N1",2022,3,1000,1.22248,FALSE
"N1",2022,3,10000,1.22125,TRUE
"N1_NARROW",2018,1,1,1.24785,FALSE
"N1_NARROW",2018,1,10,1.23561,FALSE
"N1_NARROW",2018,1,100,1.22791,TRUE
"N1_NARROW",2018,2,1,1.24488,FALSE
"N1_NARROW",2018,2,10,1.23561,FALSE
"N1_NARROW",2018,2,100,1.22792,FALSE
"N1_NARROW",2018,3,1,1.28857,FALSE
"N1_NARROW",2018,3,10,1.23563,FALSE
"N1_NARROW",2018,3,100,1.22794,FALSE
"N1_NARROW",2019,1,1,1.25723,FALSE
"N1_NARROW",2019,1,10,1.23445,FALSE
"N1_NARROW",2019,1,100,1.22757,TRUE
"N1_NARROW",2019,2,1,1.25427,FALSE
"N1_NARROW",2019,2,10,1.23446,FALSE
"N1_NARROW",2019,2,100,1.22759,FALSE
"N1_NARROW",2019,3,1,1.30559,FALSE
"N1_NARROW",2019,3,10,1.23445,FALSE
"N1_NARROW",2019,3,100,1.2276,FALSE
"N1_NARROW",2020,1,1,1.26098,FALSE
"N1_NARROW",2020,1,10,1.23532,FALSE
"N1_NARROW",2020,1,100,1.22969,TRUE
"N1_NARROW",2020,2,1,1.27503,FALSE
"N1_NARROW",2020,2,10,1.23532,FALSE
"N1_NARROW",2020,2,100,1.2297,FALSE
"N1_NARROW",2020,3,1,1.2961,FALSE
"N1_NARROW",2020,3,10,1.23533,FALSE
"N1_NARROW",2020,3,100,1.22971,FALSE
"N1_NARROW",2021,1,1,1.24401,FALSE
"N1_NARROW",2021,1,10,1.22879,FALSE
"N1_NARROW",2021,1,100,1.22434,TRUE
"N1_NARROW",2021,2,1,1.26224,FALSE
"N1_NARROW",2021,2,10,1.2288,FALSE
"N1_NARROW",2021,2,100,1.22434,FALSE
"N1_NARROW",2021,3,1,1.27102,FALSE
"N1_NARROW",2021,3,10,1.2288,FALSE
"N1_NARROW",2021,3,100,1.22435,FALSE
"N1_NARROW",2022,1,1,1.25349,FALSE
"N1_NARROW",2022,1,10,1.23233,FALSE
"N1_NARROW",2022,1,100,1.22799,TRUE
"N1_NARROW",2022,2,1,1.27036,FALSE
"N1_NARROW",2022,2,10,1.23234,FALSE
"N1_NARROW",2022,2,100,1.228,FALSE
"N1_NARROW",2022,3,1,1.29148,FALSE
"N1_NARROW",2022,3,10,1.23233,FALSE
"N1_NARROW",2022,3,100,1.22801,FALSE
