wk,expert,weight,n_past
201401,"LR_E1",0.125,0
201401,"GLMNET",0.125,0
201401,"XGB",0.125,0
201401,"GBM",0.125,0
201401,"C1",0.125,0
201401,"C2",0.125,0
201401,"E1",0.125,0
201401,"C0",0.125,0
201402,"LR_E1",0.114412,16
201402,"GLMNET",0.119933,16
201402,"XGB",0.112127,16
201402,"GBM",0.123285,16
201402,"C1",0.13068,16
201402,"C2",0.141232,16
201402,"E1",0.137698,16
201402,"C0",0.120633,16
201403,"LR_E1",0.11324,32
201403,"GLMNET",0.119581,32
201403,"XGB",0.111099,32
201403,"GBM",0.110988,32
201403,"C1",0.13319,32
201403,"C2",0.146594,32
201403,"E1",0.142904,32
201403,"C0",0.122404,32
201404,"LR_E1",0.110992,48
201404,"GLMNET",0.119056,48
201404,"XGB",0.119249,48
201404,"GBM",0.12808,48
201404,"C1",0.136262,48
201404,"C2",0.128127,48
201404,"E1",0.13747,48
201404,"C0",0.120764,48
201405,"LR_E1",0.107007,61
201405,"GLMNET",0.11476,61
201405,"XGB",0.118962,61
201405,"GBM",0.147888,61
201405,"C1",0.137252,61
201405,"C2",0.120674,61
201405,"E1",0.13515,61
201405,"C0",0.118307,61
201406,"LR_E1",0.110556,76
201406,"GLMNET",0.120369,76
201406,"XGB",0.13488,76
201406,"GBM",0.153318,76
201406,"C1",0.11965,76
201406,"C2",0.114034,76
201406,"E1",0.124743,76
201406,"C0",0.122451,76
201407,"LR_E1",0.10284,90
201407,"GLMNET",0.116942,90
201407,"XGB",0.122771,90
201407,"GBM",0.132815,90
201407,"C1",0.157996,90
201407,"C2",0.107409,90
201407,"E1",0.142146,90
201407,"C0",0.117082,90
201408,"LR_E1",0.109027,105
201408,"GLMNET",0.123062,105
201408,"XGB",0.137375,105
201408,"GBM",0.140419,105
201408,"C1",0.128571,105
201408,"C2",0.107316,105
201408,"E1",0.129928,105
201408,"C0",0.124302,105
201409,"LR_E1",0.109806,120
201409,"GLMNET",0.125343,120
201409,"XGB",0.13213,120
201409,"GBM",0.136958,120
201409,"C1",0.127311,120
201409,"C2",0.110193,120
201409,"E1",0.131661,120
201409,"C0",0.126598,120
201410,"LR_E1",0.108157,133
201410,"GLMNET",0.124044,133
201410,"XGB",0.137417,133
201410,"GBM",0.139823,133
201410,"C1",0.132329,133
201410,"C2",0.102264,133
201410,"E1",0.130938,133
201410,"C0",0.125028,133
201411,"LR_E1",0.11023,146
201411,"GLMNET",0.126327,146
201411,"XGB",0.14124,146
201411,"GBM",0.139921,146
201411,"C1",0.131353,146
201411,"C2",0.0965008,146
201411,"E1",0.127531,146
201411,"C0",0.126897,146
201412,"LR_E1",0.105707,160
201412,"GLMNET",0.121738,160
201412,"XGB",0.126613,160
201412,"GBM",0.124948,160
201412,"C1",0.154538,160
201412,"C2",0.0990752,160
201412,"E1",0.141809,160
201412,"C0",0.125572,160
201413,"LR_E1",0.109294,175
201413,"GLMNET",0.12576,175
201413,"XGB",0.139169,175
201413,"GBM",0.139415,175
201413,"C1",0.146008,175
201413,"C2",0.0833587,175
201413,"E1",0.128789,175
201413,"C0",0.128206,175
201414,"LR_E1",0.116358,191
201414,"GLMNET",0.13321,191
201414,"XGB",0.139067,191
201414,"GBM",0.134756,191
201414,"C1",0.137704,191
201414,"C2",0.0787061,191
201414,"E1",0.125058,191
201414,"C0",0.135142,191
201415,"LR_E1",0.112197,207
201415,"GLMNET",0.12991,207
201415,"XGB",0.134482,207
201415,"GBM",0.135338,207
201415,"C1",0.153215,207
201415,"C2",0.0743459,207
201415,"E1",0.129932,207
201415,"C0",0.13058,207
201416,"LR_E1",0.110938,223
201416,"GLMNET",0.130149,223
201416,"XGB",0.13739,223
201416,"GBM",0.140174,223
201416,"C1",0.164501,223
201416,"C2",0.0633645,223
201416,"E1",0.126066,223
201416,"C0",0.127417,223
201417,"LR_E1",0.108074,239
201417,"GLMNET",0.126676,239
201417,"XGB",0.134881,239
201417,"GBM",0.132257,239
201417,"C1",0.158558,239
201417,"C2",0.0741189,239
201417,"E1",0.134945,239
201417,"C0",0.13049,239
201418,"LR_E1",0.120688,255
201418,"GLMNET",0.140638,255
201418,"XGB",0.145417,255
201418,"GBM",0.136014,255
201418,"C1",0.128445,255
201418,"C2",0.0674962,255
201418,"E1",0.119612,255
201418,"C0",0.141689,255
201419,"LR_E1",0.124744,259
201419,"GLMNET",0.144817,259
201419,"XGB",0.151313,259
201419,"GBM",0.14048,259
201419,"C1",0.112722,259
201419,"C2",0.0675132,259
201419,"E1",0.113349,259
201419,"C0",0.145062,259
201420,"LR_E1",0.123738,263
201420,"GLMNET",0.143801,263
201420,"XGB",0.150836,263
201420,"GBM",0.139776,263
201420,"C1",0.11542,263
201420,"C2",0.0672102,263
201420,"E1",0.114632,263
201420,"C0",0.144586,263
201421,"LR_E1",0.126517,265
201421,"GLMNET",0.146775,265
201421,"XGB",0.154903,265
201421,"GBM",0.142966,265
201421,"C1",0.109874,265
201421,"C2",0.0634684,265
201421,"E1",0.108702,265
201421,"C0",0.146796,265
201501,"LR_E1",0.127758,266
201501,"GLMNET",0.147684,266
201501,"XGB",0.158476,266
201501,"GBM",0.146353,266
201501,"C1",0.10619,266
201501,"C2",0.0613372,266
201501,"E1",0.105055,266
201501,"C0",0.147148,266
201502,"LR_E1",0.122584,282
201502,"GLMNET",0.143282,282
201502,"XGB",0.180316,282
201502,"GBM",0.151349,282
201502,"C1",0.0984555,282
201502,"C2",0.0604756,282
201502,"E1",0.100919,282
201502,"C0",0.142619,282
201503,"LR_E1",0.110033,298
201503,"GLMNET",0.130412,298
201503,"XGB",0.156035,298
201503,"GBM",0.129456,298
201503,"C1",0.132001,298
201503,"C2",0.0743911,298
201503,"E1",0.130499,298
201503,"C0",0.137172,298
201504,"LR_E1",0.11669,314
201504,"GLMNET",0.137997,314
201504,"XGB",0.164968,314
201504,"GBM",0.130125,314
201504,"C1",0.136058,314
201504,"C2",0.0558911,314
201504,"E1",0.116283,314
201504,"C0",0.141988,314
201505,"LR_E1",0.122988,329
201505,"GLMNET",0.145151,329
201505,"XGB",0.167485,329
201505,"GBM",0.136429,329
201505,"C1",0.113666,329
201505,"C2",0.0571427,329
201505,"E1",0.108006,329
201505,"C0",0.149132,329
201506,"LR_E1",0.117888,343
201506,"GLMNET",0.140691,343
201506,"XGB",0.148099,343
201506,"GBM",0.13135,343
201506,"C1",0.14049,343
201506,"C2",0.0563873,343
201506,"E1",0.121249,343
201506,"C0",0.143845,343
201507,"LR_E1",0.110388,357
201507,"GLMNET",0.132405,357
201507,"XGB",0.141031,357
201507,"GBM",0.124523,357
201507,"C1",0.168254,357
201507,"C2",0.0544158,357
201507,"E1",0.132304,357
201507,"C0",0.13668,357
201508,"LR_E1",0.121409,371
201508,"GLMNET",0.145677,371
201508,"XGB",0.153967,371
201508,"GBM",0.13616,371
201508,"C1",0.136045,371
201508,"C2",0.0465545,371
201508,"E1",0.110716,371
201508,"C0",0.149471,371
201509,"LR_E1",0.120711,385
201509,"GLMNET",0.145219,385
201509,"XGB",0.153917,385
201509,"GBM",0.135482,385
201509,"C1",0.140461,385
201509,"C2",0.0445879,385
201509,"E1",0.111091,385
201509,"C0",0.148531,385
201510,"LR_E1",0.116921,398
201510,"GLMNET",0.140631,398
201510,"XGB",0.153088,398
201510,"GBM",0.134245,398
201510,"C1",0.144815,398
201510,"C2",0.0466673,398
201510,"E1",0.11633,398
201510,"C0",0.147302,398
201511,"LR_E1",0.106962,412
201511,"GLMNET",0.12859,412
201511,"XGB",0.143799,412
201511,"GBM",0.12689,412
201511,"C1",0.158029,412
201511,"C2",0.0584065,412
201511,"E1",0.137745,412
201511,"C0",0.139579,412
201512,"LR_E1",0.1032,426
201512,"GLMNET",0.124202,426
201512,"XGB",0.138698,426
201512,"GBM",0.122547,426
201512,"C1",0.174112,426
201512,"C2",0.0568808,426
201512,"E1",0.145664,426
201512,"C0",0.134696,426
201513,"LR_E1",0.0939891,442
201513,"GLMNET",0.112721,442
201513,"XGB",0.127361,442
201513,"GBM",0.111314,442
201513,"C1",0.208742,442
201513,"C2",0.0584924,442
201513,"E1",0.164276,442
201513,"C0",0.123105,442
201514,"LR_E1",0.101279,458
201514,"GLMNET",0.121747,458
201514,"XGB",0.133724,458
201514,"GBM",0.118339,458
201514,"C1",0.192736,458
201514,"C2",0.0514844,458
201514,"E1",0.151553,458
201514,"C0",0.129137,458
201515,"LR_E1",0.109129,474
201515,"GLMNET",0.132327,474
201515,"XGB",0.144746,474
201515,"GBM",0.128938,474
201515,"C1",0.163611,474
201515,"C2",0.046641,474
201515,"E1",0.134632,474
201515,"C0",0.139977,474
201516,"LR_E1",0.109686,490
201516,"GLMNET",0.132757,490
201516,"XGB",0.148514,490
201516,"GBM",0.129486,490
201516,"C1",0.168511,490
201516,"C2",0.0424652,490
201516,"E1",0.132676,490
201516,"C0",0.135905,490
201517,"LR_E1",0.107134,506
201517,"GLMNET",0.130026,506
201517,"XGB",0.153209,506
201517,"GBM",0.131543,506
201517,"C1",0.16159,506
201517,"C2",0.0442719,506
201517,"E1",0.134157,506
201517,"C0",0.138069,506
201518,"LR_E1",0.0975012,522
201518,"GLMNET",0.117726,522
201518,"XGB",0.138248,522
201518,"GBM",0.114534,522
201518,"C1",0.188981,522
201518,"C2",0.0541208,522
201518,"E1",0.162123,522
201518,"C0",0.126767,522
201519,"LR_E1",0.0994232,526
201519,"GLMNET",0.120291,526
201519,"XGB",0.142185,526
201519,"GBM",0.119619,526
201519,"C1",0.190461,526
201519,"C2",0.0475145,526
201519,"E1",0.153729,526
201519,"C0",0.126777,526
201520,"LR_E1",0.106181,530
201520,"GLMNET",0.128834,530
201520,"XGB",0.151004,530
201520,"GBM",0.12755,530
201520,"C1",0.162032,530
201520,"C2",0.0465072,530
201520,"E1",0.141504,530
201520,"C0",0.136388,530
201521,"LR_E1",0.104273,532
201521,"GLMNET",0.126354,532
201521,"XGB",0.15205,532
201521,"GBM",0.127948,532
201521,"C1",0.164941,532
201521,"C2",0.0464837,532
201521,"E1",0.142871,532
201521,"C0",0.135081,532
201601,"LR_E1",0.102249,533
201601,"GLMNET",0.124022,533
201601,"XGB",0.153859,533
201601,"GBM",0.127786,533
201601,"C1",0.170597,533
201601,"C2",0.04476,533
201601,"E1",0.142608,533
201601,"C0",0.134119,533
201602,"LR_E1",0.0965849,549
201602,"GLMNET",0.116498,549
201602,"XGB",0.147322,549
201602,"GBM",0.126059,549
201602,"C1",0.198768,549
201602,"C2",0.0414574,549
201602,"E1",0.149529,549
201602,"C0",0.123781,549
201603,"LR_E1",0.0920795,565
201603,"GLMNET",0.110401,565
201603,"XGB",0.141989,565
201603,"GBM",0.124846,565
201603,"C1",0.213401,565
201603,"C2",0.0418875,565
201603,"E1",0.156648,565
201603,"C0",0.118749,565
201604,"LR_E1",0.0833094,581
201604,"GLMNET",0.0988527,581
201604,"XGB",0.130561,581
201604,"GBM",0.108432,581
201604,"C1",0.270061,581
201604,"C2",0.0360074,581
201604,"E1",0.165741,581
201604,"C0",0.107036,581
201605,"LR_E1",0.081735,596
201605,"GLMNET",0.0967202,596
201605,"XGB",0.121515,596
201605,"GBM",0.103408,596
201605,"C1",0.283133,596
201605,"C2",0.0363927,596
201605,"E1",0.172152,596
201605,"C0",0.104944,596
201606,"LR_E1",0.0874794,610
201606,"GLMNET",0.104875,610
201606,"XGB",0.129495,610
201606,"GBM",0.107171,610
201606,"C1",0.261316,610
201606,"C2",0.0343071,610
201606,"E1",0.162275,610
201606,"C0",0.113083,610
201607,"LR_E1",0.0913404,625
201607,"GLMNET",0.109647,625
201607,"XGB",0.135513,625
201607,"GBM",0.114386,625
201607,"C1",0.218698,625
201607,"C2",0.0420138,625
201607,"E1",0.166121,625
201607,"C0",0.12228,625
201608,"LR_E1",0.0965579,639
201608,"GLMNET",0.116793,639
201608,"XGB",0.140373,639
201608,"GBM",0.125047,639
201608,"C1",0.204392,639
201608,"C2",0.0360339,639
201608,"E1",0.150696,639
201608,"C0",0.130107,639
201609,"LR_E1",0.101265,651
201609,"GLMNET",0.122875,651
201609,"XGB",0.154759,651
201609,"GBM",0.139109,651
201609,"C1",0.168212,651
201609,"C2",0.0362329,651
201609,"E1",0.139105,651
201609,"C0",0.138442,651
201610,"LR_E1",0.106703,664
201610,"GLMNET",0.129964,664
201610,"XGB",0.160974,664
201610,"GBM",0.139836,664
201610,"C1",0.152204,664
201610,"C2",0.0340545,664
201610,"E1",0.129995,664
201610,"C0",0.14627,664
201611,"LR_E1",0.0939989,678
201611,"GLMNET",0.113196,678
201611,"XGB",0.138991,678
201611,"GBM",0.121687,678
201611,"C1",0.211932,678
201611,"C2",0.0343375,678
201611,"E1",0.157763,678
201611,"C0",0.128094,678
201612,"LR_E1",0.0963721,692
201612,"GLMNET",0.115304,692
201612,"XGB",0.140706,692
201612,"GBM",0.12312,692
201612,"C1",0.205625,692
201612,"C2",0.0334144,692
201612,"E1",0.154987,692
201612,"C0",0.130471,692
201613,"LR_E1",0.107533,708
201613,"GLMNET",0.130158,708
201613,"XGB",0.157062,708
201613,"GBM",0.146621,708
201613,"C1",0.157535,708
201613,"C2",0.0279056,708
201613,"E1",0.126631,708
201613,"C0",0.146554,708
201614,"LR_E1",0.105607,723
201614,"GLMNET",0.126584,723
201614,"XGB",0.152251,723
201614,"GBM",0.139524,723
201614,"C1",0.180702,723
201614,"C2",0.0241612,723
201614,"E1",0.12905,723
201614,"C0",0.14212,723
201615,"LR_E1",0.104409,739
201615,"GLMNET",0.122386,739
201615,"XGB",0.131848,739
201615,"GBM",0.116461,739
201615,"C1",0.206253,739
201615,"C2",0.0284657,739
201615,"E1",0.152136,739
201615,"C0",0.138042,739
201616,"LR_E1",0.106212,755
201616,"GLMNET",0.125248,755
201616,"XGB",0.133379,755
201616,"GBM",0.120337,755
201616,"C1",0.213741,755
201616,"C2",0.0225526,755
201616,"E1",0.140455,755
201616,"C0",0.138076,755
201617,"LR_E1",0.107975,771
201617,"GLMNET",0.127997,771
201617,"XGB",0.138485,771
201617,"GBM",0.121249,771
201617,"C1",0.190745,771
201617,"C2",0.0257928,771
201617,"E1",0.143834,771
201617,"C0",0.143923,771
201618,"LR_E1",0.114397,787
201618,"GLMNET",0.133143,787
201618,"XGB",0.144917,787
201618,"GBM",0.124787,787
201618,"C1",0.169968,787
201618,"C2",0.0246222,787
201618,"E1",0.137665,787
201618,"C0",0.150501,787
201619,"LR_E1",0.120159,791
201619,"GLMNET",0.140741,791
201619,"XGB",0.152984,791
201619,"GBM",0.13134,791
201619,"C1",0.145026,791
201619,"C2",0.0241637,791
201619,"E1",0.126773,791
201619,"C0",0.158814,791
201620,"LR_E1",0.119801,795
201620,"GLMNET",0.140204,795
201620,"XGB",0.151636,795
201620,"GBM",0.130616,795
201620,"C1",0.147811,795
201620,"C2",0.0240648,795
201620,"E1",0.128064,795
201620,"C0",0.157803,795
201621,"LR_E1",0.121294,797
201621,"GLMNET",0.141829,797
201621,"XGB",0.153534,797
201621,"GBM",0.132386,797
201621,"C1",0.141441,797
201621,"C2",0.024167,797
201621,"E1",0.125841,797
201621,"C0",0.159508,797
201701,"LR_E1",0.121683,798
201701,"GLMNET",0.142289,798
201701,"XGB",0.153506,798
201701,"GBM",0.132293,798
201701,"C1",0.142745,798
201701,"C2",0.02347,798
201701,"E1",0.124717,798
201701,"C0",0.159297,798
201702,"LR_E1",0.125674,813
201702,"GLMNET",0.150232,813
201702,"XGB",0.160945,813
201702,"GBM",0.138223,813
201702,"C1",0.138416,813
201702,"C2",0.016222,813
201702,"E1",0.10347,813
201702,"C0",0.166818,813
201703,"LR_E1",0.129718,829
201703,"GLMNET",0.153901,829
201703,"XGB",0.161948,829
201703,"GBM",0.139925,829
201703,"C1",0.136794,829
201703,"C2",0.0137489,829
201703,"E1",0.0959095,829
201703,"C0",0.168056,829
201704,"LR_E1",0.125004,845
201704,"GLMNET",0.145525,845
201704,"XGB",0.159533,845
201704,"GBM",0.132846,845
201704,"C1",0.141596,845
201704,"C2",0.0174886,845
201704,"E1",0.112065,845
201704,"C0",0.165942,845
201705,"LR_E1",0.12044,860
201705,"GLMNET",0.138457,860
201705,"XGB",0.151953,860
201705,"GBM",0.12767,860
201705,"C1",0.161258,860
201705,"C2",0.01811,860
201705,"E1",0.12332,860
201705,"C0",0.158792,860
201706,"LR_E1",0.118674,874
201706,"GLMNET",0.133905,874
201706,"XGB",0.14434,874
201706,"GBM",0.122812,874
201706,"C1",0.17797,874
201706,"C2",0.0186644,874
201706,"E1",0.132997,874
201706,"C0",0.150636,874
201707,"LR_E1",0.115624,888
201707,"GLMNET",0.132366,888
201707,"XGB",0.144018,888
201707,"GBM",0.123485,888
201707,"C1",0.176543,888
201707,"C2",0.0199883,888
201707,"E1",0.138583,888
201707,"C0",0.149393,888
201708,"LR_E1",0.124108,903
201708,"GLMNET",0.14436,903
201708,"XGB",0.158593,903
201708,"GBM",0.133831,903
201708,"C1",0.139079,903
201708,"C2",0.0176079,903
201708,"E1",0.117239,903
201708,"C0",0.165182,903
201709,"LR_E1",0.130926,916
201709,"GLMNET",0.152445,916
201709,"XGB",0.165502,916
201709,"GBM",0.139451,916
201709,"C1",0.125271,916
201709,"C2",0.0140468,916
201709,"E1",0.100498,916
201709,"C0",0.171861,916
201710,"LR_E1",0.133943,929
201710,"GLMNET",0.158585,929
201710,"XGB",0.172688,929
201710,"GBM",0.145467,929
201710,"C1",0.106082,929
201710,"C2",0.0131523,929
201710,"E1",0.0907443,929
201710,"C0",0.179341,929
201711,"LR_E1",0.138461,943
201711,"GLMNET",0.163346,943
201711,"XGB",0.175871,943
201711,"GBM",0.147836,943
201711,"C1",0.0976462,943
201711,"C2",0.0115306,943
201711,"E1",0.0826046,943
201711,"C0",0.182703,943
201712,"LR_E1",0.143576,957
201712,"GLMNET",0.17053,957
201712,"XGB",0.180499,957
201712,"GBM",0.152296,957
201712,"C1",0.082454,957
201712,"C2",0.0104477,957
201712,"E1",0.0731869,957
201712,"C0",0.187011,957
201713,"LR_E1",0.149036,973
201713,"GLMNET",0.180025,973
201713,"XGB",0.186496,973
201713,"GBM",0.158262,973
201713,"C1",0.0659589,973
201713,"C2",0.0079934,973
201713,"E1",0.0577823,973
201713,"C0",0.194446,973
201714,"LR_E1",0.150358,989
201714,"GLMNET",0.180232,989
201714,"XGB",0.189146,989
201714,"GBM",0.15827,989
201714,"C1",0.06027,989
201714,"C2",0.00811311,989
201714,"E1",0.0565063,989
201714,"C0",0.197105,989
201715,"LR_E1",0.149771,1005
201715,"GLMNET",0.183219,1005
201715,"XGB",0.195335,1005
201715,"GBM",0.161555,1005
201715,"C1",0.0514947,1005
201715,"C2",0.00670684,1005
201715,"E1",0.0485003,1005
201715,"C0",0.203418,1005
201716,"LR_E1",0.155589,1021
201716,"GLMNET",0.19192,1021
201716,"XGB",0.19909,1021
201716,"GBM",0.164004,1021
201716,"C1",0.0411895,1021
201716,"C2",0.00466495,1021
201716,"E1",0.0370999,1021
201716,"C0",0.206444,1021
201717,"LR_E1",0.158629,1037
201717,"GLMNET",0.195349,1037
201717,"XGB",0.201107,1037
201717,"GBM",0.164426,1037
201717,"C1",0.0348238,1037
201717,"C2",0.00424272,1037
201717,"E1",0.0329545,1037
201717,"C0",0.208468,1037
201718,"LR_E1",0.159763,1053
201718,"GLMNET",0.199165,1053
201718,"XGB",0.207978,1053
201718,"GBM",0.17009,1053
201718,"C1",0.0211786,1053
201718,"C2",0.0031997,1053
201718,"E1",0.0225277,1053
201718,"C0",0.216098,1053
201719,"LR_E1",0.158605,1057
201719,"GLMNET",0.196538,1057
201719,"XGB",0.207329,1057
201719,"GBM",0.169714,1057
201719,"C1",0.0233383,1057
201719,"C2",0.00366572,1057
201719,"E1",0.0256498,1057
201719,"C0",0.215161,1057
201720,"LR_E1",0.157987,1061
201720,"GLMNET",0.194939,1061
201720,"XGB",0.206981,1061
201720,"GBM",0.169627,1061
201720,"C1",0.0237379,1061
201720,"C2",0.00408659,1061
201720,"E1",0.0273534,1061
201720,"C0",0.215288,1061
201721,"LR_E1",0.157685,1063
201721,"GLMNET",0.193812,1063
201721,"XGB",0.206486,1063
201721,"GBM",0.169192,1063
201721,"C1",0.0249824,1063
201721,"C2",0.00416907,1063
201721,"E1",0.0284106,1063
201721,"C0",0.215263,1063
201801,"LR_E1",0.157367,1064
201801,"GLMNET",0.192663,1064
201801,"XGB",0.205691,1064
201801,"GBM",0.168819,1064
201801,"C1",0.0262928,1064
201801,"C2",0.00449268,1064
201801,"E1",0.0302622,1064
201801,"C0",0.214412,1064
201802,"LR_E1",0.157089,1079
201802,"GLMNET",0.190963,1079
201802,"XGB",0.208072,1079
201802,"GBM",0.167877,1079
201802,"C1",0.0276191,1079
201802,"C2",0.00448783,1079
201802,"E1",0.0312787,1079
201802,"C0",0.212614,1079
201803,"LR_E1",0.156598,1094
201803,"GLMNET",0.190365,1094
201803,"XGB",0.210964,1094
201803,"GBM",0.169223,1094
201803,"C1",0.0233101,1094
201803,"C2",0.0044562,1094
201803,"E1",0.0292267,1094
201803,"C0",0.215857,1094
201804,"LR_E1",0.153591,1110
201804,"GLMNET",0.184827,1110
201804,"XGB",0.211095,1110
201804,"GBM",0.16937,1110
201804,"C1",0.0273616,1110
201804,"C2",0.00495909,1110
201804,"E1",0.0335389,1110
201804,"C0",0.215258,1110
201805,"LR_E1",0.15701,1125
201805,"GLMNET",0.190654,1125
201805,"XGB",0.216883,1125
201805,"GBM",0.164322,1125
201805,"C1",0.0204482,1125
201805,"C2",0.00430266,1125
201805,"E1",0.0273666,1125
201805,"C0",0.219013,1125
201806,"LR_E1",0.153436,1140
201806,"GLMNET",0.187596,1140
201806,"XGB",0.2248,1140
201806,"GBM",0.172497,1140
201806,"C1",0.0156417,1140
201806,"C2",0.00414203,1140
201806,"E1",0.0237287,1140
201806,"C0",0.218159,1140
201807,"LR_E1",0.161613,1155
201807,"GLMNET",0.192969,1155
201807,"XGB",0.211547,1155
201807,"GBM",0.162519,1155
201807,"C1",0.0163131,1155
201807,"C2",0.00491209,1155
201807,"E1",0.0269309,1155
201807,"C0",0.223195,1155
201808,"LR_E1",0.16025,1169
201808,"GLMNET",0.191484,1169
201808,"XGB",0.22644,1169
201808,"GBM",0.161175,1169
201808,"C1",0.0141099,1169
201808,"C2",0.00426134,1169
201808,"E1",0.0237898,1169
201808,"C0",0.218489,1169
201809,"LR_E1",0.165894,1183
201809,"GLMNET",0.195111,1183
201809,"XGB",0.224514,1183
201809,"GBM",0.154586,1183
201809,"C1",0.0135233,1183
201809,"C2",0.00420273,1183
201809,"E1",0.0233608,1183
201809,"C0",0.218808,1183
201810,"LR_E1",0.170498,1196
201810,"GLMNET",0.194519,1196
201810,"XGB",0.222702,1196
201810,"GBM",0.14783,1196
201810,"C1",0.0154495,1196
201810,"C2",0.00498301,1196
201810,"E1",0.0275077,1196
201810,"C0",0.21651,1196
201811,"LR_E1",0.166863,1210
201811,"GLMNET",0.192977,1210
201811,"XGB",0.222743,1210
201811,"GBM",0.150713,1210
201811,"C1",0.0147773,1210
201811,"C2",0.00495144,1210
201811,"E1",0.0271597,1210
201811,"C0",0.219816,1210
201812,"LR_E1",0.157885,1223
201812,"GLMNET",0.183948,1223
201812,"XGB",0.238735,1223
201812,"GBM",0.167241,1223
201812,"C1",0.0112948,1223
201812,"C2",0.00517599,1223
201812,"E1",0.024704,1223
201812,"C0",0.211015,1223
201813,"LR_E1",0.156629,1238
201813,"GLMNET",0.183243,1238
201813,"XGB",0.24225,1238
201813,"GBM",0.174841,1238
201813,"C1",0.00855787,1238
201813,"C2",0.0048447,1238
201813,"E1",0.0212116,1238
201813,"C0",0.208423,1238
201814,"LR_E1",0.160319,1254
201814,"GLMNET",0.187367,1254
201814,"XGB",0.225643,1254
201814,"GBM",0.168546,1254
201814,"C1",0.00981816,1254
201814,"C2",0.00534269,1254
201814,"E1",0.0238409,1254
201814,"C0",0.219123,1254
201815,"LR_E1",0.156268,1270
201815,"GLMNET",0.186961,1270
201815,"XGB",0.227822,1270
201815,"GBM",0.171072,1270
201815,"C1",0.00686025,1270
201815,"C2",0.00603792,1270
201815,"E1",0.021551,1270
201815,"C0",0.223428,1270
201816,"LR_E1",0.156945,1286
201816,"GLMNET",0.185874,1286
201816,"XGB",0.226663,1286
201816,"GBM",0.167788,1286
201816,"C1",0.00697064,1286
201816,"C2",0.00747587,1286
201816,"E1",0.0245415,1286
201816,"C0",0.223742,1286
201817,"LR_E1",0.154035,1302
201817,"GLMNET",0.185876,1302
201817,"XGB",0.2288,1302
201817,"GBM",0.181776,1302
201817,"C1",0.00525221,1302
201817,"C2",0.00529627,1302
201817,"E1",0.0180783,1302
201817,"C0",0.220886,1302
201818,"LR_E1",0.151803,1318
201818,"GLMNET",0.179311,1318
201818,"XGB",0.223179,1318
201818,"GBM",0.201012,1318
201818,"C1",0.00589913,1318
201818,"C2",0.00562002,1318
201818,"E1",0.020053,1318
201818,"C0",0.213122,1318
201819,"LR_E1",0.153977,1322
201819,"GLMNET",0.181486,1322
201819,"XGB",0.223933,1322
201819,"GBM",0.189668,1322
201819,"C1",0.0064623,1322
201819,"C2",0.00596663,1322
201819,"E1",0.0216374,1322
201819,"C0",0.21687,1322
201820,"LR_E1",0.155965,1326
201820,"GLMNET",0.183736,1326
201820,"XGB",0.224037,1326
201820,"GBM",0.186179,1326
201820,"C1",0.00550788,1326
201820,"C2",0.00606832,1326
201820,"E1",0.020387,1326
201820,"C0",0.218119,1326
201821,"LR_E1",0.155317,1328
201821,"GLMNET",0.18378,1328
201821,"XGB",0.22457,1328
201821,"GBM",0.185154,1328
201821,"C1",0.00571657,1328
201821,"C2",0.00596886,1328
201821,"E1",0.0206043,1328
201821,"C0",0.21889,1328
201901,"LR_E1",0.154956,1329
201901,"GLMNET",0.183403,1329
201901,"XGB",0.223727,1329
201901,"GBM",0.188123,1329
201901,"C1",0.00563082,1329
201901,"C2",0.00591744,1329
201901,"E1",0.0203614,1329
201901,"C0",0.217881,1329
201902,"LR_E1",0.158201,1344
201902,"GLMNET",0.187243,1344
201902,"XGB",0.223305,1344
201902,"GBM",0.182872,1344
201902,"C1",0.00520849,1344
201902,"C2",0.00520857,1344
201902,"E1",0.0184653,1344
201902,"C0",0.219496,1344
201903,"LR_E1",0.157237,1360
201903,"GLMNET",0.186997,1360
201903,"XGB",0.21978,1360
201903,"GBM",0.193782,1360
201903,"C1",0.00430574,1360
201903,"C2",0.00480178,1360
201903,"E1",0.016265,1360
201903,"C0",0.216832,1360
201904,"LR_E1",0.162236,1376
201904,"GLMNET",0.19009,1376
201904,"XGB",0.219608,1376
201904,"GBM",0.181374,1376
201904,"C1",0.00442567,1376
201904,"C2",0.00526015,1376
201904,"E1",0.017586,1376
201904,"C0",0.21942,1376
201905,"LR_E1",0.164418,1391
201905,"GLMNET",0.191433,1391
201905,"XGB",0.219669,1391
201905,"GBM",0.167237,1391
201905,"C1",0.00575234,1391
201905,"C2",0.00577925,1391
201905,"E1",0.0212204,1391
201905,"C0",0.224491,1391
201906,"LR_E1",0.165026,1406
201906,"GLMNET",0.197763,1406
201906,"XGB",0.227559,1406
201906,"GBM",0.146594,1406
201906,"C1",0.00530192,1406
201906,"C2",0.0049795,1406
201906,"E1",0.0190987,1406
201906,"C0",0.233679,1406
201907,"LR_E1",0.165024,1420
201907,"GLMNET",0.195098,1420
201907,"XGB",0.226315,1420
201907,"GBM",0.148778,1420
201907,"C1",0.00567115,1420
201907,"C2",0.00581626,1420
201907,"E1",0.0216166,1420
201907,"C0",0.231681,1420
201908,"LR_E1",0.169001,1434
201908,"GLMNET",0.197281,1434
201908,"XGB",0.223322,1434
201908,"GBM",0.148953,1434
201908,"C1",0.00583317,1434
201908,"C2",0.00554598,1434
201908,"E1",0.0217472,1434
201908,"C0",0.228316,1434
201909,"LR_E1",0.172652,1449
201909,"GLMNET",0.200419,1449
201909,"XGB",0.222541,1449
201909,"GBM",0.148943,1449
201909,"C1",0.00473853,1449
201909,"C2",0.00475983,1449
201909,"E1",0.018367,1449
201909,"C0",0.22758,1449
201910,"LR_E1",0.174183,1463
201910,"GLMNET",0.191401,1463
201910,"XGB",0.222476,1463
201910,"GBM",0.145572,1463
201910,"C1",0.00577653,1463
201910,"C2",0.00725979,1463
201910,"E1",0.0253656,1463
201910,"C0",0.227966,1463
201911,"LR_E1",0.166818,1476
201911,"GLMNET",0.186183,1476
201911,"XGB",0.226158,1476
201911,"GBM",0.147308,1476
201911,"C1",0.00651685,1476
201911,"C2",0.00750194,1476
201911,"E1",0.0275592,1476
201911,"C0",0.231955,1476
201912,"LR_E1",0.169861,1490
201912,"GLMNET",0.191011,1490
201912,"XGB",0.226599,1490
201912,"GBM",0.146789,1490
201912,"C1",0.00485324,1490
201912,"C2",0.00633054,1490
201912,"E1",0.0220935,1490
201912,"C0",0.232463,1490
201913,"LR_E1",0.172283,1504
201913,"GLMNET",0.190783,1504
201913,"XGB",0.225771,1504
201913,"GBM",0.145584,1504
201913,"C1",0.00460469,1504
201913,"C2",0.00672176,1504
201913,"E1",0.0224207,1504
201913,"C0",0.231831,1504
201914,"LR_E1",0.169122,1520
201914,"GLMNET",0.188002,1520
201914,"XGB",0.227983,1520
201914,"GBM",0.146614,1520
201914,"C1",0.00532145,1520
201914,"C2",0.00606799,1520
201914,"E1",0.0233967,1520
201914,"C0",0.233493,1520
201915,"LR_E1",0.171637,1536
201915,"GLMNET",0.189402,1536
201915,"XGB",0.227132,1536
201915,"GBM",0.146146,1536
201915,"C1",0.0050723,1536
201915,"C2",0.00564603,1536
201915,"E1",0.0223636,1536
201915,"C0",0.232602,1536
201916,"LR_E1",0.169729,1552
201916,"GLMNET",0.191708,1552
201916,"XGB",0.228485,1552
201916,"GBM",0.147637,1552
201916,"C1",0.00453929,1552
201916,"C2",0.00463892,1552
201916,"E1",0.0194984,1552
201916,"C0",0.233763,1552
201917,"LR_E1",0.166618,1568
201917,"GLMNET",0.193632,1568
201917,"XGB",0.230938,1568
201917,"GBM",0.14926,1568
201917,"C1",0.00379659,1568
201917,"C2",0.0037569,1568
201917,"E1",0.016145,1568
201917,"C0",0.235852,1568
201918,"LR_E1",0.165194,1584
201918,"GLMNET",0.196716,1584
201918,"XGB",0.233713,1584
201918,"GBM",0.151061,1584
201918,"C1",0.00252609,1584
201918,"C2",0.00219443,1584
201918,"E1",0.0101983,1584
201918,"C0",0.238396,1584
201919,"LR_E1",0.164176,1588
201919,"GLMNET",0.196222,1588
201919,"XGB",0.233568,1588
201919,"GBM",0.151988,1588
201919,"C1",0.0027183,1588
201919,"C2",0.0022014,1588
201919,"E1",0.0106005,1588
201919,"C0",0.238526,1588
201920,"LR_E1",0.163241,1592
201920,"GLMNET",0.196344,1592
201920,"XGB",0.234213,1592
201920,"GBM",0.15233,1592
201920,"C1",0.00259738,1592
201920,"C2",0.00206902,1592
201920,"E1",0.010059,1592
201920,"C0",0.239147,1592
201921,"LR_E1",0.163133,1594
201921,"GLMNET",0.196908,1594
201921,"XGB",0.234476,1594
201921,"GBM",0.152581,1594
201921,"C1",0.00233733,1594
201921,"C2",0.00194044,1594
201921,"E1",0.00926497,1594
201921,"C0",0.239359,1594
202001,"LR_E1",0.162965,1595
202001,"GLMNET",0.196534,1595
202001,"XGB",0.235009,1595
202001,"GBM",0.152357,1595
202001,"C1",0.00234842,1595
202001,"C2",0.0019437,1595
202001,"E1",0.00929479,1595
202001,"C0",0.239549,1595
202002,"LR_E1",0.164134,1611
202002,"GLMNET",0.196795,1611
202002,"XGB",0.233983,1611
202002,"GBM",0.152651,1611
202002,"C1",0.00253078,1611
202002,"C2",0.00183745,1611
202002,"E1",0.00947679,1611
202002,"C0",0.238592,1611
202003,"LR_E1",0.167169,1627
202003,"GLMNET",0.199059,1627
202003,"XGB",0.232932,1627
202003,"GBM",0.151031,1627
202003,"C1",0.00179902,1627
202003,"C2",0.00175403,1627
202003,"E1",0.00795861,1627
202003,"C0",0.238298,1627
202004,"LR_E1",0.167713,1642
202004,"GLMNET",0.201638,1642
202004,"XGB",0.231529,1642
202004,"GBM",0.15203,1642
202004,"C1",0.00166008,1642
202004,"C2",0.00143598,1642
202004,"E1",0.00701078,1642
202004,"C0",0.236982,1642
202005,"LR_E1",0.169121,1657
202005,"GLMNET",0.203908,1657
202005,"XGB",0.229836,1657
202005,"GBM",0.152524,1657
202005,"C1",0.00155858,1657
202005,"C2",0.00126836,1657
202005,"E1",0.00641816,1657
202005,"C0",0.235365,1657
202006,"LR_E1",0.167718,1671
202006,"GLMNET",0.202208,1671
202006,"XGB",0.231215,1671
202006,"GBM",0.152926,1671
202006,"C1",0.00153365,1671
202006,"C2",0.0012247,1671
202006,"E1",0.00629953,1671
202006,"C0",0.236876,1671
202007,"LR_E1",0.167747,1685
202007,"GLMNET",0.202872,1685
202007,"XGB",0.230814,1685
202007,"GBM",0.153333,1685
202007,"C1",0.0014919,1685
202007,"C2",0.0010913,1685
202007,"E1",0.00591564,1685
202007,"C0",0.236735,1685
202008,"LR_E1",0.170275,1699
202008,"GLMNET",0.207008,1699
202008,"XGB",0.228923,1699
202008,"GBM",0.15106,1699
202008,"C1",0.00122017,1699
202008,"C2",0.000932227,1699
202008,"E1",0.00501861,1699
202008,"C0",0.235563,1699
202009,"LR_E1",0.167025,1713
202009,"GLMNET",0.205307,1713
202009,"XGB",0.231195,1713
202009,"GBM",0.152398,1713
202009,"C1",0.00117133,1713
202009,"C2",0.00085575,1713
202009,"E1",0.00475533,1713
202009,"C0",0.237293,1713
202010,"LR_E1",0.168808,1727
202010,"GLMNET",0.208141,1727
202010,"XGB",0.228841,1727
202010,"GBM",0.153218,1727
202010,"C1",0.00114655,1727
202010,"C2",0.000597177,1727
202010,"E1",0.00402702,1727
202010,"C0",0.235222,1727
202011,"LR_E1",0.167389,1741
202011,"GLMNET",0.205738,1741
202011,"XGB",0.229168,1741
202011,"GBM",0.154837,1741
202011,"C1",0.00100644,1741
202011,"C2",0.000594834,1741
202011,"E1",0.00384646,1741
202011,"C0",0.237421,1741
202012,"LR_E1",0.165973,1755
202012,"GLMNET",0.201596,1755
202012,"XGB",0.231699,1755
202012,"GBM",0.152644,1755
202012,"C1",0.00113134,1755
202012,"C2",0.00077105,1755
202012,"E1",0.00469617,1755
202012,"C0",0.241489,1755
202013,"LR_E1",0.171239,1771
202013,"GLMNET",0.206372,1771
202013,"XGB",0.221786,1771
202013,"GBM",0.152757,1771
202013,"C1",0.00109033,1771
202013,"C2",0.000644952,1771
202013,"E1",0.00425574,1771
202013,"C0",0.241856,1771
202014,"LR_E1",0.171809,1786
202014,"GLMNET",0.209204,1786
202014,"XGB",0.217187,1786
202014,"GBM",0.158396,1786
202014,"C1",0.00104213,1786
202014,"C2",0.000549724,1786
202014,"E1",0.00387403,1786
202014,"C0",0.237938,1786
202015,"LR_E1",0.170371,1802
202015,"GLMNET",0.211641,1802
202015,"XGB",0.222521,1802
202015,"GBM",0.154667,1802
202015,"C1",0.000776264,1802
202015,"C2",0.000411664,1802
202015,"E1",0.0029248,1802
202015,"C0",0.236687,1802
202016,"LR_E1",0.170562,1818
202016,"GLMNET",0.211956,1818
202016,"XGB",0.220984,1818
202016,"GBM",0.155031,1818
202016,"C1",0.000784211,1818
202016,"C2",0.000385045,1818
202016,"E1",0.00286021,1818
202016,"C0",0.237438,1818
202017,"LR_E1",0.170094,1834
202017,"GLMNET",0.20995,1834
202017,"XGB",0.218051,1834
202017,"GBM",0.158175,1834
202017,"C1",0.000841214,1834
202017,"C2",0.000404982,1834
202017,"E1",0.00308975,1834
202017,"C0",0.239395,1834
202018,"LR_E1",0.174709,1850
202018,"GLMNET",0.213074,1850
202018,"XGB",0.218235,1850
202018,"GBM",0.15476,1850
202018,"C1",0.000541459,1850
202018,"C2",0.000301427,1850
202018,"E1",0.00214986,1850
202018,"C0",0.23623,1850
202019,"LR_E1",0.176348,1856
202019,"GLMNET",0.214575,1856
202019,"XGB",0.21685,1856
202019,"GBM",0.154922,1856
202019,"C1",0.000517678,1856
202019,"C2",0.0003044,1856
202019,"E1",0.00211508,1856
202019,"C0",0.234368,1856
202020,"LR_E1",0.176122,1860
202020,"GLMNET",0.214777,1860
202020,"XGB",0.218426,1860
202020,"GBM",0.15419,1860
202020,"C1",0.000484732,1860
202020,"C2",0.0002882,1860
202020,"E1",0.00199908,1860
202020,"C0",0.233713,1860
202021,"LR_E1",0.175791,1862
202021,"GLMNET",0.21508,1862
202021,"XGB",0.217745,1862
202021,"GBM",0.154641,1862
202021,"C1",0.000478743,1862
202021,"C2",0.000276971,1862
202021,"E1",0.00194793,1862
202021,"C0",0.234039,1862
202101,"LR_E1",0.175523,1863
202101,"GLMNET",0.214151,1863
202101,"XGB",0.216784,1863
202101,"GBM",0.155003,1863
202101,"C1",0.000496548,1863
202101,"C2",0.000297152,1863
202101,"E1",0.00205584,1863
202101,"C0",0.235689,1863
202102,"LR_E1",0.176049,1879
202102,"GLMNET",0.214855,1879
202102,"XGB",0.208483,1879
202102,"GBM",0.158116,1879
202102,"C1",0.000548323,1879
202102,"C2",0.000268323,1879
202102,"E1",0.00206625,1879
202102,"C0",0.239615,1879
202103,"LR_E1",0.175845,1895
202103,"GLMNET",0.216624,1895
202103,"XGB",0.207901,1895
202103,"GBM",0.158443,1895
202103,"C1",0.000433509,1895
202103,"C2",0.00022911,1895
202103,"E1",0.00170738,1895
202103,"C0",0.238817,1895
202104,"LR_E1",0.177193,1911
202104,"GLMNET",0.218404,1911
202104,"XGB",0.206617,1911
202104,"GBM",0.158493,1911
202104,"C1",0.000363282,1911
202104,"C2",0.0002092,1911
202104,"E1",0.00151423,1911
202104,"C0",0.237207,1911
202105,"LR_E1",0.177741,1927
202105,"GLMNET",0.221263,1927
202105,"XGB",0.204108,1927
202105,"GBM",0.159452,1927
202105,"C1",0.000308345,1927
202105,"C2",0.000182479,1927
202105,"E1",0.00131207,1927
202105,"C0",0.235634,1927
202106,"LR_E1",0.181614,1943
202106,"GLMNET",0.225121,1943
202106,"XGB",0.201265,1943
202106,"GBM",0.158681,1943
202106,"C1",0.000281789,1943
202106,"C2",0.00016805,1943
202106,"E1",0.00121526,1943
202106,"C0",0.231653,1943
202107,"LR_E1",0.183864,1957
202107,"GLMNET",0.229032,1957
202107,"XGB",0.198648,1957
202107,"GBM",0.158461,1957
202107,"C1",0.000225774,1957
202107,"C2",0.000143996,1957
202107,"E1",0.00101536,1957
202107,"C0",0.22861,1957
202108,"LR_E1",0.184091,1970
202108,"GLMNET",0.226355,1970
202108,"XGB",0.199475,1970
202108,"GBM",0.158101,1970
202108,"C1",0.000266084,1970
202108,"C2",0.000171309,1970
202108,"E1",0.00121517,1970
202108,"C0",0.230326,1970
202109,"LR_E1",0.185012,1985
202109,"GLMNET",0.224192,1985
202109,"XGB",0.198482,1985
202109,"GBM",0.160854,1985
202109,"C1",0.000355114,1985
202109,"C2",0.000210413,1985
202109,"E1",0.00158011,1985
202109,"C0",0.229315,1985
202110,"LR_E1",0.182255,1999
202110,"GLMNET",0.221849,1999
202110,"XGB",0.19921,1999
202110,"GBM",0.164355,1999
202110,"C1",0.000396228,1999
202110,"C2",0.000198184,1999
202110,"E1",0.00163234,1999
202110,"C0",0.230105,1999
202111,"LR_E1",0.17643,2012
202111,"GLMNET",0.217721,2012
202111,"XGB",0.203004,2012
202111,"GBM",0.165836,2012
202111,"C1",0.000375507,2012
202111,"C2",0.000196015,2012
202111,"E1",0.00159023,2012
202111,"C0",0.234847,2012
202112,"LR_E1",0.176382,2027
202112,"GLMNET",0.220578,2027
202112,"XGB",0.201475,2027
202112,"GBM",0.167329,2027
202112,"C1",0.000287174,2027
202112,"C2",0.000165874,2027
202112,"E1",0.00128794,2027
202112,"C0",0.232495,2027
202113,"LR_E1",0.175394,2042
202113,"GLMNET",0.217327,2042
202113,"XGB",0.203982,2042
202113,"GBM",0.166307,2042
202113,"C1",0.000298848,2042
202113,"C2",0.000195176,2042
202113,"E1",0.00144968,2042
202113,"C0",0.235046,2042
202114,"LR_E1",0.174067,2056
202114,"GLMNET",0.21834,2056
202114,"XGB",0.204212,2056
202114,"GBM",0.166969,2056
202114,"C1",0.000245003,2056
202114,"C2",0.000153493,2056
202114,"E1",0.00117073,2056
202114,"C0",0.234843,2056
202115,"LR_E1",0.176543,2070
202115,"GLMNET",0.222143,2070
202115,"XGB",0.201762,2070
202115,"GBM",0.166043,2070
202115,"C1",0.000185157,2070
202115,"C2",0.000125822,2070
202115,"E1",0.000933648,2070
202115,"C0",0.232264,2070
202116,"LR_E1",0.175553,2086
202116,"GLMNET",0.222962,2086
202116,"XGB",0.201487,2086
202116,"GBM",0.167242,2086
202116,"C1",0.00014322,2086
202116,"C2",9.75736e-05,2086
202116,"E1",0.000731715,2086
202116,"C0",0.231784,2086
202117,"LR_E1",0.174758,2102
202117,"GLMNET",0.221899,2102
202117,"XGB",0.20238,2102
202117,"GBM",0.167337,2102
202117,"C1",0.000144064,2102
202117,"C2",8.24122e-05,2102
202117,"E1",0.000677717,2102
202117,"C0",0.232722,2102
202118,"LR_E1",0.17388,2118
202118,"GLMNET",0.221441,2118
202118,"XGB",0.203549,2118
202118,"GBM",0.166481,2118
202118,"C1",0.000115414,2118
202118,"C2",7.62653e-05,2118
202118,"E1",0.000590464,2118
202118,"C0",0.233868,2118
202119,"LR_E1",0.170548,2134
202119,"GLMNET",0.219524,2134
202119,"XGB",0.20498,2134
202119,"GBM",0.168039,2134
202119,"C1",8.88417e-05,2134
202119,"C2",5.74064e-05,2134
202119,"E1",0.000449806,2134
202119,"C0",0.236313,2134
202120,"LR_E1",0.170835,2140
202120,"GLMNET",0.219797,2140
202120,"XGB",0.205312,2140
202120,"GBM",0.167032,2140
202120,"C1",8.50011e-05,2140
202120,"C2",5.66357e-05,2140
202120,"E1",0.000439273,2140
202120,"C0",0.236444,2140
202121,"LR_E1",0.170836,2144
202121,"GLMNET",0.220007,2144
202121,"XGB",0.204508,2144
202121,"GBM",0.168583,2144
202121,"C1",9.15933e-05,2144
202121,"C2",5.28674e-05,2144
202121,"E1",0.000440913,2144
202121,"C0",0.23548,2144
202122,"LR_E1",0.170446,2146
202122,"GLMNET",0.219667,2146
202122,"XGB",0.204632,2146
202122,"GBM",0.169062,2146
202122,"C1",9.08887e-05,2146
202122,"C2",5.14394e-05,2146
202122,"E1",0.000433269,2146
202122,"C0",0.235618,2146
202201,"LR_E1",0.171025,2147
202201,"GLMNET",0.220425,2147
202201,"XGB",0.204063,2147
202201,"GBM",0.169112,2147
202201,"C1",8.87203e-05,2147
202201,"C2",5.03423e-05,2147
202201,"E1",0.000423482,2147
202201,"C0",0.234813,2147
202202,"LR_E1",0.171305,2162
202202,"GLMNET",0.220575,2162
202202,"XGB",0.203506,2162
202202,"GBM",0.169945,2162
202202,"C1",9.39351e-05,2162
202202,"C2",4.97115e-05,2162
202202,"E1",0.000435643,2162
202202,"C0",0.234091,2162
202203,"LR_E1",0.169686,2178
202203,"GLMNET",0.218079,2178
202203,"XGB",0.205553,2178
202203,"GBM",0.169381,2178
202203,"C1",8.58165e-05,2178
202203,"C2",5.96837e-05,2178
202203,"E1",0.000463257,2178
202203,"C0",0.236692,2178
202204,"LR_E1",0.168142,2194
202204,"GLMNET",0.217221,2194
202204,"XGB",0.206773,2194
202204,"GBM",0.169603,2194
202204,"C1",6.83965e-05,2194
202204,"C2",4.56364e-05,2194
202204,"E1",0.000363855,2194
202204,"C0",0.237783,2194
202205,"LR_E1",0.169664,2210
202205,"GLMNET",0.21925,2210
202205,"XGB",0.20519,2210
202205,"GBM",0.169536,2210
202205,"C1",5.51952e-05,2210
202205,"C2",4.16088e-05,2210
202205,"E1",0.000313689,2210
202205,"C0",0.23595,2210
202206,"LR_E1",0.170732,2226
202206,"GLMNET",0.220552,2226
202206,"XGB",0.203839,2226
202206,"GBM",0.170642,2226
202206,"C1",5.61539e-05,2226
202206,"C2",3.96352e-05,2226
202206,"E1",0.000309617,2226
202206,"C0",0.23383,2226
202207,"LR_E1",0.168986,2240
202207,"GLMNET",0.218347,2240
202207,"XGB",0.203151,2240
202207,"GBM",0.171571,2240
202207,"C1",5.76752e-05,2240
202207,"C2",3.92418e-05,2240
202207,"E1",0.000315303,2240
202207,"C0",0.237532,2240
202208,"LR_E1",0.167807,2254
202208,"GLMNET",0.21658,2254
202208,"XGB",0.203978,2254
202208,"GBM",0.171803,2254
202208,"C1",7.12684e-05,2254
202208,"C2",4.19504e-05,2254
202208,"E1",0.000366625,2254
202208,"C0",0.239352,2254
202209,"LR_E1",0.169652,2269
202209,"GLMNET",0.218747,2269
202209,"XGB",0.201903,2269
202209,"GBM",0.171686,2269
202209,"C1",6.33477e-05,2269
202209,"C2",4.2049e-05,2269
202209,"E1",0.000350453,2269
202209,"C0",0.237557,2269
202210,"LR_E1",0.169234,2282
202210,"GLMNET",0.218174,2282
202210,"XGB",0.202727,2282
202210,"GBM",0.171317,2282
202210,"C1",5.78668e-05,2282
202210,"C2",4.18922e-05,2282
202210,"E1",0.000340055,2282
202210,"C0",0.238107,2282
202211,"LR_E1",0.166597,2296
202211,"GLMNET",0.215174,2296
202211,"XGB",0.2051,2296
202211,"GBM",0.172051,2296
202211,"C1",6.53017e-05,2296
202211,"C2",3.74128e-05,2296
202211,"E1",0.000343958,2296
202211,"C0",0.240632,2296
202212,"LR_E1",0.169665,2310
202212,"GLMNET",0.218792,2310
202212,"XGB",0.201949,2310
202212,"GBM",0.172634,2310
202212,"C1",5.90867e-05,2310
202212,"C2",3.78315e-05,2310
202212,"E1",0.0003331,2310
202212,"C0",0.23653,2310
202213,"LR_E1",0.16816,2326
202213,"GLMNET",0.21767,2326
202213,"XGB",0.20507,2326
202213,"GBM",0.171284,2326
202213,"C1",4.68203e-05,2326
202213,"C2",2.95691e-05,2326
202213,"E1",0.000264709,2326
202213,"C0",0.237475,2326
202214,"LR_E1",0.16828,2340
202214,"GLMNET",0.217878,2340
202214,"XGB",0.207183,2340
202214,"GBM",0.168701,2340
202214,"C1",4.03053e-05,2340
202214,"C2",2.37865e-05,2340
202214,"E1",0.000222322,2340
202214,"C0",0.237672,2340
202215,"LR_E1",0.168892,2353
202215,"GLMNET",0.218533,2353
202215,"XGB",0.203676,2353
202215,"GBM",0.16959,2353
202215,"C1",4.05417e-05,2353
202215,"C2",2.67021e-05,2353
202215,"E1",0.000237834,2353
202215,"C0",0.239004,2353
202216,"LR_E1",0.168946,2369
202216,"GLMNET",0.219084,2369
202216,"XGB",0.204036,2369
202216,"GBM",0.168582,2369
202216,"C1",2.98606e-05,2369
202216,"C2",2.35093e-05,2369
202216,"E1",0.000194011,2369
202216,"C0",0.239106,2369
202217,"LR_E1",0.169983,2385
202217,"GLMNET",0.220494,2385
202217,"XGB",0.203018,2385
202217,"GBM",0.168638,2385
202217,"C1",2.74031e-05,2385
202217,"C2",1.98678e-05,2385
202217,"E1",0.000172639,2385
202217,"C0",0.237646,2385
202218,"LR_E1",0.170821,2400
202218,"GLMNET",0.221752,2400
202218,"XGB",0.2037,2400
202218,"GBM",0.166986,2400
202218,"C1",2.07467e-05,2400
202218,"C2",1.62124e-05,2400
202218,"E1",0.000136589,2400
202218,"C0",0.236566,2400
202219,"LR_E1",0.170589,2416
202219,"GLMNET",0.221618,2416
202219,"XGB",0.204778,2416
202219,"GBM",0.166217,2416
202219,"C1",1.34237e-05,2416
202219,"C2",1.2298e-05,2416
202219,"E1",9.65478e-05,2416
202219,"C0",0.236676,2416
202220,"LR_E1",0.171298,2422
202220,"GLMNET",0.222633,2422
202220,"XGB",0.203516,2422
202220,"GBM",0.166013,2422
202220,"C1",1.32849e-05,2422
202220,"C2",1.30132e-05,2422
202220,"E1",9.90751e-05,2422
202220,"C0",0.236415,2422
202221,"LR_E1",0.171383,2426
202221,"GLMNET",0.222763,2426
202221,"XGB",0.203207,2426
202221,"GBM",0.165982,2426
202221,"C1",1.40426e-05,2426
202221,"C2",1.39861e-05,2426
202221,"E1",0.000105686,2426
202221,"C0",0.236532,2426
202222,"LR_E1",0.171142,2428
202222,"GLMNET",0.22246,2428
202222,"XGB",0.202612,2428
202222,"GBM",0.165698,2428
202222,"C1",1.29067e-05,2428
202222,"C2",1.43358e-05,2428
202222,"E1",0.000103057,2428
202222,"C0",0.237956,2428
