wk,n_train,term,value
201801,1064,"rounds",50
201802,1079,"rounds",74
201803,1094,"rounds",70
201804,1110,"rounds",122
201805,1125,"rounds",152
201806,1140,"rounds",83
201807,1155,"rounds",83
201808,1169,"rounds",83
201809,1183,"rounds",83
201810,1196,"rounds",83
201811,1210,"rounds",69
201812,1223,"rounds",70
201813,1238,"rounds",26
201814,1254,"rounds",26
201815,1270,"rounds",26
201816,1286,"rounds",26
201817,1302,"rounds",58
201818,1318,"rounds",58
201819,1322,"rounds",58
201820,1326,"rounds",67
201821,1328,"rounds",59
201901,1329,"rounds",26
201902,1344,"rounds",37
201903,1360,"rounds",16
201904,1376,"rounds",1
201905,1391,"rounds",1
201906,1406,"rounds",1
201907,1420,"rounds",1
201908,1434,"rounds",1
201909,1449,"rounds",5
201910,1463,"rounds",7
201911,1476,"rounds",7
201912,1490,"rounds",15
201913,1504,"rounds",15
201914,1520,"rounds",15
201915,1536,"rounds",15
201916,1552,"rounds",36
201917,1568,"rounds",43
201918,1584,"rounds",16
201919,1588,"rounds",15
201920,1592,"rounds",15
201921,1594,"rounds",15
202001,1595,"rounds",15
202002,1611,"rounds",70
202003,1627,"rounds",5
202004,1642,"rounds",4
202005,1657,"rounds",5
202006,1671,"rounds",1
202007,1685,"rounds",1
202008,1699,"rounds",1
202009,1713,"rounds",2
202010,1727,"rounds",6
202011,1741,"rounds",4
202012,1755,"rounds",5
202013,1771,"rounds",7
202014,1786,"rounds",15
202015,1802,"rounds",15
202016,1818,"rounds",43
202017,1834,"rounds",43
202018,1850,"rounds",43
202019,1856,"rounds",37
202020,1860,"rounds",36
202021,1862,"rounds",43
202101,1863,"rounds",15
202102,1879,"rounds",4
202103,1895,"rounds",4
202104,1911,"rounds",4
202105,1927,"rounds",2
202106,1943,"rounds",1
202107,1957,"rounds",1
202108,1970,"rounds",4
202109,1985,"rounds",4
202110,1999,"rounds",4
202111,2012,"rounds",4
202112,2027,"rounds",4
202113,2042,"rounds",4
202114,2056,"rounds",4
202115,2070,"rounds",4
202116,2086,"rounds",4
202117,2102,"rounds",4
202118,2118,"rounds",4
202119,2134,"rounds",4
202120,2140,"rounds",4
202121,2144,"rounds",4
202122,2146,"rounds",4
202201,2147,"rounds",5
202202,2162,"rounds",1
202203,2178,"rounds",1
202204,2194,"rounds",1
202205,2210,"rounds",1
202206,2226,"rounds",1
202207,2240,"rounds",1
202208,2254,"rounds",2
202209,2269,"rounds",1
202210,2282,"rounds",1
202211,2296,"rounds",2
202212,2310,"rounds",2
202213,2326,"rounds",1
202214,2340,"rounds",2
202215,2353,"rounds",2
202216,2369,"rounds",1
202217,2385,"rounds",2
202218,2400,"rounds",1
202219,2416,"rounds",2
202220,2422,"rounds",1
202221,2426,"rounds",1
202222,2428,"rounds",1
