candidate,calibration,column,bin,n,mean_p,obs_rate,obs_lo,obs_hi
"S1","none","p_S1",1,137,0.217596,0.19708,0.139128,0.271558
"S1","none","p_S1",2,136,0.323342,0.330882,0.257402,0.413654
"S1","none","p_S1",3,137,0.396927,0.394161,0.31629,0.477805
"S1","none","p_S1",4,136,0.473518,0.477941,0.395754,0.561341
"S1","none","p_S1",5,137,0.545237,0.532847,0.449547,0.614355
"S1","none","p_S1",6,136,0.599644,0.529412,0.445871,0.611336
"S1","none","p_S1",7,136,0.645708,0.595588,0.511576,0.674348
"S1","none","p_S1",8,137,0.700322,0.664234,0.58163,0.737878
"S1","none","p_S1",9,136,0.754533,0.830882,0.759001,0.884584
"S1","none","p_S1",10,137,0.829021,0.854015,0.78525,0.903467
"R1","none","p_R1",1,137,0.207071,0.19708,0.139128,0.271558
"R1","none","p_R1",2,136,0.315612,0.338235,0.264138,0.42122
"R1","none","p_R1",3,137,0.393891,0.386861,0.309453,0.470442
"R1","none","p_R1",4,136,0.472993,0.485294,0.402861,0.568535
"R1","none","p_R1",5,137,0.548437,0.518248,0.435227,0.600274
"R1","none","p_R1",6,136,0.602775,0.522059,0.438659,0.604246
"R1","none","p_R1",7,136,0.651167,0.602941,0.518967,0.681259
"R1","none","p_R1",8,137,0.707151,0.693431,0.611824,0.764485
"R1","none","p_R1",9,136,0.763071,0.801471,0.726558,0.85982
"R1","none","p_R1",10,137,0.839466,0.861314,0.793534,0.909384
"O1","none","p_O1",1,137,0.215785,0.19708,0.139128,0.271558
"O1","none","p_O1",2,136,0.323781,0.308824,0.23732,0.39083
"O1","none","p_O1",3,137,0.399377,0.416058,0.336911,0.499785
"O1","none","p_O1",4,136,0.477414,0.485294,0.402861,0.568535
"O1","none","p_O1",5,137,0.55067,0.518248,0.435227,0.600274
"O1","none","p_O1",6,136,0.60475,0.529412,0.445871,0.611336
"O1","none","p_O1",7,136,0.650942,0.610294,0.526377,0.688152
"O1","none","p_O1",8,137,0.706373,0.671533,0.589147,0.744561
"O1","none","p_O1",9,136,0.760257,0.808824,0.734615,0.866065
"O1","none","p_O1",10,137,0.835423,0.861314,0.793534,0.909384
"GLMNET","none","p_GLMNET",1,137,0.205053,0.19708,0.139128,0.271558
"GLMNET","none","p_GLMNET",2,136,0.313413,0.330882,0.257402,0.413654
"GLMNET","none","p_GLMNET",3,137,0.390031,0.394161,0.31629,0.477805
"GLMNET","none","p_GLMNET",4,136,0.470853,0.477941,0.395754,0.561341
"GLMNET","none","p_GLMNET",5,137,0.547182,0.540146,0.456733,0.621369
"GLMNET","none","p_GLMNET",6,136,0.604113,0.522059,0.438659,0.604246
"GLMNET","none","p_GLMNET",7,136,0.65195,0.602941,0.518967,0.681259
"GLMNET","none","p_GLMNET",8,137,0.709204,0.664234,0.58163,0.737878
"GLMNET","none","p_GLMNET",9,136,0.765078,0.823529,0.750835,0.878449
"GLMNET","none","p_GLMNET",10,137,0.840433,0.854015,0.78525,0.903467
"XGB","isotonic","p_XGB__isotonic",1,137,0.175436,0.189781,0.13293,0.263555
"XGB","isotonic","p_XGB__isotonic",2,136,0.332809,0.367647,0.291284,0.451282
"XGB","isotonic","p_XGB__isotonic",3,137,0.417544,0.437956,0.357692,0.521605
"XGB","isotonic","p_XGB__isotonic",4,136,0.471657,0.477941,0.395754,0.561341
"XGB","isotonic","p_XGB__isotonic",5,137,0.523729,0.50365,0.420975,0.586125
"XGB","isotonic","p_XGB__isotonic",6,136,0.568776,0.463235,0.381591,0.546899
"XGB","isotonic","p_XGB__isotonic",7,136,0.640502,0.639706,0.556204,0.715532
"XGB","isotonic","p_XGB__isotonic",8,137,0.712316,0.678832,0.596685,0.751223
"XGB","isotonic","p_XGB__isotonic",9,136,0.780489,0.808824,0.734615,0.866065
"XGB","isotonic","p_XGB__isotonic",10,137,0.842555,0.839416,0.768819,0.891497
"S1_MIN","none","p_S1_MIN",1,137,0.214739,0.20438,0.145358,0.279527
"S1_MIN","none","p_S1_MIN",2,136,0.321095,0.323529,0.250687,0.406067
"S1_MIN","none","p_S1_MIN",3,137,0.396687,0.394161,0.31629,0.477805
"S1_MIN","none","p_S1_MIN",4,136,0.473535,0.485294,0.402861,0.568535
"S1_MIN","none","p_S1_MIN",5,137,0.544915,0.532847,0.449547,0.614355
"S1_MIN","none","p_S1_MIN",6,136,0.599183,0.514706,0.431465,0.597139
"S1_MIN","none","p_S1_MIN",7,136,0.646767,0.595588,0.511576,0.674348
"S1_MIN","none","p_S1_MIN",8,137,0.70231,0.678832,0.596685,0.751223
"S1_MIN","none","p_S1_MIN",9,136,0.756201,0.823529,0.750835,0.878449
"S1_MIN","none","p_S1_MIN",10,137,0.831653,0.854015,0.78525,0.903467
"G2_GAPS","none","p_G2_GAPS",1,137,0.21929,0.189781,0.13293,0.263555
"G2_GAPS","none","p_G2_GAPS",2,136,0.325494,0.338235,0.264138,0.42122
"G2_GAPS","none","p_G2_GAPS",3,137,0.398814,0.40146,0.323145,0.48515
"G2_GAPS","none","p_G2_GAPS",4,136,0.475328,0.470588,0.388664,0.554129
"G2_GAPS","none","p_G2_GAPS",5,137,0.547964,0.525547,0.442378,0.607323
"G2_GAPS","none","p_G2_GAPS",6,136,0.601684,0.529412,0.445871,0.611336
"G2_GAPS","none","p_G2_GAPS",7,136,0.647194,0.617647,0.533805,0.695025
"G2_GAPS","none","p_G2_GAPS",8,137,0.701896,0.649635,0.566655,0.724452
"G2_GAPS","none","p_G2_GAPS",9,136,0.755561,0.823529,0.750835,0.878449
"G2_GAPS","none","p_G2_GAPS",10,137,0.829945,0.861314,0.793534,0.909384
"C0","none","p_c0",1,137,0.223527,0.19708,0.139128,0.271558
"C0","none","p_c0",2,136,0.330995,0.323529,0.250687,0.406067
"C0","none","p_c0",3,137,0.404583,0.416058,0.336911,0.499785
"C0","none","p_c0",4,136,0.48165,0.463235,0.381591,0.546899
"C0","none","p_c0",5,137,0.554602,0.525547,0.442378,0.607323
"C0","none","p_c0",6,136,0.607639,0.507353,0.424288,0.590014
"C0","none","p_c0",7,136,0.652358,0.625,0.541252,0.70188
"C0","none","p_c0",8,137,0.706468,0.686131,0.604244,0.757865
"C0","none","p_c0",9,136,0.760171,0.808824,0.734615,0.866065
"C0","none","p_c0",10,137,0.833532,0.854015,0.78525,0.903467
"T1","none","p_T1",1,137,0.209774,0.20438,0.145358,0.279527
"T1","none","p_T1",2,136,0.313321,0.301471,0.23067,0.383179
"T1","none","p_T1",3,137,0.38768,0.437956,0.357692,0.521605
"T1","none","p_T1",4,136,0.466884,0.470588,0.388664,0.554129
"T1","none","p_T1",5,137,0.534322,0.510949,0.428092,0.593208
"T1","none","p_T1",6,136,0.591485,0.566176,0.482195,0.646522
"T1","none","p_T1",7,136,0.641647,0.551471,0.467613,0.632501
"T1","none","p_T1",8,137,0.69569,0.678832,0.596685,0.751223
"T1","none","p_T1",9,136,0.748789,0.816176,0.742707,0.872275
"T1","none","p_T1",10,137,0.826511,0.868613,0.801867,0.915251
"GLMNET","spline","p_GLMNET__spline",1,137,0.20802,0.182482,0.126768,0.255517
"GLMNET","spline","p_GLMNET__spline",2,136,0.314007,0.352941,0.277672,0.436291
"GLMNET","spline","p_GLMNET__spline",3,137,0.389099,0.394161,0.31629,0.477805
"GLMNET","spline","p_GLMNET__spline",4,136,0.467905,0.477941,0.395754,0.561341
"GLMNET","spline","p_GLMNET__spline",5,137,0.540006,0.518248,0.435227,0.600274
"GLMNET","spline","p_GLMNET__spline",6,136,0.597175,0.536765,0.453101,0.618409
"GLMNET","spline","p_GLMNET__spline",7,136,0.64663,0.595588,0.511576,0.674348
"GLMNET","spline","p_GLMNET__spline",8,137,0.704226,0.664234,0.58163,0.737878
"GLMNET","spline","p_GLMNET__spline",9,136,0.760324,0.830882,0.759001,0.884584
"GLMNET","spline","p_GLMNET__spline",10,137,0.837743,0.854015,0.78525,0.903467
"LR_E1","none","p_LR_E1",1,137,0.204943,0.20438,0.145358,0.279527
"LR_E1","none","p_LR_E1",2,136,0.315642,0.316176,0.243993,0.39846
"LR_E1","none","p_LR_E1",3,137,0.391881,0.408759,0.330019,0.492477
"LR_E1","none","p_LR_E1",4,136,0.472493,0.477941,0.395754,0.561341
"LR_E1","none","p_LR_E1",5,137,0.547891,0.518248,0.435227,0.600274
"LR_E1","none","p_LR_E1",6,136,0.603826,0.544118,0.460348,0.625463
"LR_E1","none","p_LR_E1",7,136,0.652847,0.573529,0.489514,0.653505
"LR_E1","none","p_LR_E1",8,137,0.71051,0.686131,0.604244,0.757865
"LR_E1","none","p_LR_E1",9,136,0.766099,0.823529,0.750835,0.878449
"LR_E1","none","p_LR_E1",10,137,0.842668,0.854015,0.78525,0.903467
"N1","none","p_N1",1,137,0.222902,0.19708,0.139128,0.271558
"N1","none","p_N1",2,136,0.330283,0.330882,0.257402,0.413654
"N1","none","p_N1",3,137,0.404228,0.40146,0.323145,0.48515
"N1","none","p_N1",4,136,0.481278,0.470588,0.388664,0.554129
"N1","none","p_N1",5,137,0.554194,0.540146,0.456733,0.621369
"N1","none","p_N1",6,136,0.60738,0.507353,0.424288,0.590014
"N1","none","p_N1",7,136,0.65221,0.610294,0.526377,0.688152
"N1","none","p_N1",8,137,0.706433,0.686131,0.604244,0.757865
"N1","none","p_N1",9,136,0.760203,0.808824,0.734615,0.866065
"N1","none","p_N1",10,137,0.833623,0.854015,0.78525,0.903467
"GLMNET","platt","p_GLMNET__platt",1,137,0.205933,0.189781,0.13293,0.263555
"GLMNET","platt","p_GLMNET__platt",2,136,0.313148,0.338235,0.264138,0.42122
"GLMNET","platt","p_GLMNET__platt",3,137,0.389263,0.40146,0.323145,0.48515
"GLMNET","platt","p_GLMNET__platt",4,136,0.469177,0.470588,0.388664,0.554129
"GLMNET","platt","p_GLMNET__platt",5,137,0.542414,0.525547,0.442378,0.607323
"GLMNET","platt","p_GLMNET__platt",6,136,0.599362,0.551471,0.467613,0.632501
"GLMNET","platt","p_GLMNET__platt",7,136,0.647981,0.580882,0.49685,0.660471
"GLMNET","platt","p_GLMNET__platt",8,137,0.704552,0.671533,0.589147,0.744561
"GLMNET","platt","p_GLMNET__platt",9,136,0.759451,0.823529,0.750835,0.878449
"GLMNET","platt","p_GLMNET__platt",10,137,0.835614,0.854015,0.78525,0.903467
"LR_E1","spline","p_LR_E1__spline",1,137,0.208529,0.19708,0.139128,0.271558
"LR_E1","spline","p_LR_E1__spline",2,136,0.316572,0.316176,0.243993,0.39846
"LR_E1","spline","p_LR_E1__spline",3,137,0.390552,0.408759,0.330019,0.492477
"LR_E1","spline","p_LR_E1__spline",4,136,0.469109,0.5,0.417128,0.582872
"LR_E1","spline","p_LR_E1__spline",5,137,0.540412,0.510949,0.428092,0.593208
"LR_E1","spline","p_LR_E1__spline",6,136,0.596227,0.544118,0.460348,0.625463
"LR_E1","spline","p_LR_E1__spline",7,136,0.646544,0.573529,0.489514,0.653505
"LR_E1","spline","p_LR_E1__spline",8,137,0.704595,0.678832,0.596685,0.751223
"LR_E1","spline","p_LR_E1__spline",9,136,0.759987,0.823529,0.750835,0.878449
"LR_E1","spline","p_LR_E1__spline",10,137,0.838734,0.854015,0.78525,0.903467
"XGB","spline","p_XGB__spline",1,137,0.213336,0.189781,0.13293,0.263555
"XGB","spline","p_XGB__spline",2,136,0.319314,0.316176,0.243993,0.39846
"XGB","spline","p_XGB__spline",3,137,0.394755,0.437956,0.357692,0.521605
"XGB","spline","p_XGB__spline",4,136,0.47216,0.477941,0.395754,0.561341
"XGB","spline","p_XGB__spline",5,137,0.542705,0.518248,0.435227,0.600274
"XGB","spline","p_XGB__spline",6,136,0.598283,0.522059,0.438659,0.604246
"XGB","spline","p_XGB__spline",7,136,0.646445,0.602941,0.518967,0.681259
"XGB","spline","p_XGB__spline",8,137,0.701722,0.649635,0.566655,0.724452
"XGB","spline","p_XGB__spline",9,136,0.756541,0.838235,0.767208,0.89068
"XGB","spline","p_XGB__spline",10,137,0.834859,0.854015,0.78525,0.903467
"LR_E1","platt","p_LR_E1__platt",1,137,0.206411,0.19708,0.139128,0.271558
"LR_E1","platt","p_LR_E1__platt",2,136,0.315784,0.316176,0.243993,0.39846
"LR_E1","platt","p_LR_E1__platt",3,137,0.390818,0.408759,0.330019,0.492477
"LR_E1","platt","p_LR_E1__platt",4,136,0.470471,0.5,0.417128,0.582872
"LR_E1","platt","p_LR_E1__platt",5,137,0.542734,0.489051,0.406792,0.571908
"LR_E1","platt","p_LR_E1__platt",6,136,0.598167,0.566176,0.482195,0.646522
"LR_E1","platt","p_LR_E1__platt",7,136,0.647804,0.573529,0.489514,0.653505
"LR_E1","platt","p_LR_E1__platt",8,137,0.704852,0.678832,0.596685,0.751223
"LR_E1","platt","p_LR_E1__platt",9,136,0.759103,0.823529,0.750835,0.878449
"LR_E1","platt","p_LR_E1__platt",10,137,0.836803,0.854015,0.78525,0.903467
"GBM","none","p_GBM",1,137,0.214038,0.189781,0.13293,0.263555
"GBM","none","p_GBM",2,136,0.323662,0.294118,0.224042,0.375505
"GBM","none","p_GBM",3,137,0.398042,0.459854,0.378631,0.543267
"GBM","none","p_GBM",4,136,0.477624,0.492647,0.409986,0.575712
"GBM","none","p_GBM",5,137,0.548005,0.49635,0.413875,0.579025
"GBM","none","p_GBM",6,136,0.600905,0.536765,0.453101,0.618409
"GBM","none","p_GBM",7,136,0.64903,0.610294,0.526377,0.688152
"GBM","none","p_GBM",8,137,0.704081,0.642336,0.559198,0.717709
"GBM","none","p_GBM",9,136,0.760589,0.823529,0.750835,0.878449
"GBM","none","p_GBM",10,137,0.835907,0.861314,0.793534,0.909384
"XGB","none","p_XGB",1,137,0.219788,0.211679,0.151621,0.287465
"XGB","none","p_XGB",2,136,0.327533,0.308824,0.23732,0.39083
"XGB","none","p_XGB",3,137,0.40365,0.430657,0.350747,0.514349
"XGB","none","p_XGB",4,136,0.481453,0.455882,0.374537,0.539652
"XGB","none","p_XGB",5,137,0.553504,0.540146,0.456733,0.621369
"XGB","none","p_XGB",6,136,0.607274,0.507353,0.424288,0.590014
"XGB","none","p_XGB",7,136,0.652756,0.602941,0.518967,0.681259
"XGB","none","p_XGB",8,137,0.706424,0.664234,0.58163,0.737878
"XGB","none","p_XGB",9,136,0.759439,0.830882,0.759001,0.884584
"XGB","none","p_XGB",10,137,0.834917,0.854015,0.78525,0.903467
"XGB","platt","p_XGB__platt",1,137,0.211246,0.189781,0.13293,0.263555
"XGB","platt","p_XGB__platt",2,136,0.318625,0.316176,0.243993,0.39846
"XGB","platt","p_XGB__platt",3,137,0.395084,0.437956,0.357692,0.521605
"XGB","platt","p_XGB__platt",4,136,0.473386,0.455882,0.374537,0.539652
"XGB","platt","p_XGB__platt",5,137,0.544968,0.540146,0.456733,0.621369
"XGB","platt","p_XGB__platt",6,136,0.600363,0.507353,0.424288,0.590014
"XGB","platt","p_XGB__platt",7,136,0.647684,0.617647,0.533805,0.695025
"XGB","platt","p_XGB__platt",8,137,0.702041,0.649635,0.566655,0.724452
"XGB","platt","p_XGB__platt",9,136,0.755761,0.838235,0.767208,0.89068
"XGB","platt","p_XGB__platt",10,137,0.832713,0.854015,0.78525,0.903467
"G2","none","p_G2",1,137,0.219075,0.189781,0.13293,0.263555
"G2","none","p_G2",2,136,0.325562,0.338235,0.264138,0.42122
"G2","none","p_G2",3,137,0.398778,0.408759,0.330019,0.492477
"G2","none","p_G2",4,136,0.475282,0.470588,0.388664,0.554129
"G2","none","p_G2",5,137,0.547714,0.510949,0.428092,0.593208
"G2","none","p_G2",6,136,0.601777,0.522059,0.438659,0.604246
"G2","none","p_G2",7,136,0.647088,0.632353,0.548718,0.708716
"G2","none","p_G2",8,137,0.702224,0.656934,0.574133,0.731175
"G2","none","p_G2",9,136,0.755355,0.816176,0.742707,0.872275
"G2","none","p_G2",10,137,0.830011,0.861314,0.793534,0.909384
"GBM","spline","p_GBM__spline",1,137,0.212908,0.182482,0.126768,0.255517
"GBM","spline","p_GBM__spline",2,136,0.32052,0.308824,0.23732,0.39083
"GBM","spline","p_GBM__spline",3,137,0.393516,0.437956,0.357692,0.521605
"GBM","spline","p_GBM__spline",4,136,0.471653,0.5,0.417128,0.582872
"GBM","spline","p_GBM__spline",5,137,0.540309,0.50365,0.420975,0.586125
"GBM","spline","p_GBM__spline",6,136,0.593053,0.551471,0.467613,0.632501
"GBM","spline","p_GBM__spline",7,136,0.642734,0.602941,0.518967,0.681259
"GBM","spline","p_GBM__spline",8,137,0.699044,0.635036,0.551759,0.710947
"GBM","spline","p_GBM__spline",9,136,0.755767,0.816176,0.742707,0.872275
"GBM","spline","p_GBM__spline",10,137,0.833965,0.868613,0.801867,0.915251
"GBM","platt","p_GBM__platt",1,137,0.211272,0.189781,0.13293,0.263555
"GBM","platt","p_GBM__platt",2,136,0.319834,0.301471,0.23067,0.383179
"GBM","platt","p_GBM__platt",3,137,0.393616,0.445255,0.364654,0.528843
"GBM","platt","p_GBM__platt",4,136,0.472688,0.5,0.417128,0.582872
"GBM","platt","p_GBM__platt",5,137,0.542213,0.489051,0.406792,0.571908
"GBM","platt","p_GBM__platt",6,136,0.594901,0.558824,0.474895,0.63952
"GBM","platt","p_GBM__platt",7,136,0.64398,0.602941,0.518967,0.681259
"GBM","platt","p_GBM__platt",8,137,0.699428,0.635036,0.551759,0.710947
"GBM","platt","p_GBM__platt",9,136,0.755136,0.823529,0.750835,0.878449
"GBM","platt","p_GBM__platt",10,137,0.832301,0.861314,0.793534,0.909384
"GLMNET","isotonic","p_GLMNET__isotonic",1,137,0.166671,0.19708,0.139128,0.271558
"GLMNET","isotonic","p_GLMNET__isotonic",2,136,0.323116,0.330882,0.257402,0.413654
"GLMNET","isotonic","p_GLMNET__isotonic",3,137,0.424118,0.474453,0.392677,0.557622
"GLMNET","isotonic","p_GLMNET__isotonic",4,136,0.46104,0.448529,0.367499,0.532387
"GLMNET","isotonic","p_GLMNET__isotonic",5,137,0.526274,0.518248,0.435227,0.600274
"GLMNET","isotonic","p_GLMNET__isotonic",6,136,0.567563,0.485294,0.402861,0.568535
"GLMNET","isotonic","p_GLMNET__isotonic",7,136,0.636414,0.617647,0.533805,0.695025
"GLMNET","isotonic","p_GLMNET__isotonic",8,137,0.713708,0.693431,0.611824,0.764485
"GLMNET","isotonic","p_GLMNET__isotonic",9,136,0.775935,0.801471,0.726558,0.85982
"GLMNET","isotonic","p_GLMNET__isotonic",10,137,0.856557,0.839416,0.768819,0.891497
"LR_C1C2","none","p_LR_C1C2",1,137,0.210133,0.182482,0.126768,0.255517
"LR_C1C2","none","p_LR_C1C2",2,136,0.320586,0.367647,0.291284,0.451282
"LR_C1C2","none","p_LR_C1C2",3,137,0.395299,0.379562,0.302634,0.46306
"LR_C1C2","none","p_LR_C1C2",4,136,0.474795,0.507353,0.424288,0.590014
"LR_C1C2","none","p_LR_C1C2",5,137,0.54933,0.50365,0.420975,0.586125
"LR_C1C2","none","p_LR_C1C2",6,136,0.60339,0.551471,0.467613,0.632501
"LR_C1C2","none","p_LR_C1C2",7,136,0.652036,0.544118,0.460348,0.625463
"LR_C1C2","none","p_LR_C1C2",8,137,0.708227,0.693431,0.611824,0.764485
"LR_C1C2","none","p_LR_C1C2",9,136,0.762125,0.816176,0.742707,0.872275
"LR_C1C2","none","p_LR_C1C2",10,137,0.839486,0.861314,0.793534,0.909384
"LR_C1C2","spline","p_LR_C1C2__spline",1,137,0.211032,0.189781,0.13293,0.263555
"LR_C1C2","spline","p_LR_C1C2__spline",2,136,0.319411,0.345588,0.270895,0.428765
"LR_C1C2","spline","p_LR_C1C2__spline",3,137,0.392347,0.408759,0.330019,0.492477
"LR_C1C2","spline","p_LR_C1C2__spline",4,136,0.470779,0.507353,0.424288,0.590014
"LR_C1C2","spline","p_LR_C1C2__spline",5,137,0.541751,0.467153,0.385645,0.550453
"LR_C1C2","spline","p_LR_C1C2__spline",6,136,0.597345,0.551471,0.467613,0.632501
"LR_C1C2","spline","p_LR_C1C2__spline",7,136,0.645996,0.588235,0.504204,0.667419
"LR_C1C2","spline","p_LR_C1C2__spline",8,137,0.703487,0.671533,0.589147,0.744561
"LR_C1C2","spline","p_LR_C1C2__spline",9,136,0.757616,0.816176,0.742707,0.872275
"LR_C1C2","spline","p_LR_C1C2__spline",10,137,0.836686,0.861314,0.793534,0.909384
"LR_C1C2","platt","p_LR_C1C2__platt",1,137,0.209098,0.189781,0.13293,0.263555
"LR_C1C2","platt","p_LR_C1C2__platt",2,136,0.318903,0.345588,0.270895,0.428765
"LR_C1C2","platt","p_LR_C1C2__platt",3,137,0.39268,0.40146,0.323145,0.48515
"LR_C1C2","platt","p_LR_C1C2__platt",4,136,0.471869,0.507353,0.424288,0.590014
"LR_C1C2","platt","p_LR_C1C2__platt",5,137,0.5438,0.474453,0.392677,0.557622
"LR_C1C2","platt","p_LR_C1C2__platt",6,136,0.598872,0.566176,0.482195,0.646522
"LR_C1C2","platt","p_LR_C1C2__platt",7,136,0.647094,0.573529,0.489514,0.653505
"LR_C1C2","platt","p_LR_C1C2__platt",8,137,0.703675,0.671533,0.589147,0.744561
"LR_C1C2","platt","p_LR_C1C2__platt",9,136,0.75687,0.823529,0.750835,0.878449
"LR_C1C2","platt","p_LR_C1C2__platt",10,137,0.835016,0.854015,0.78525,0.903467
"LR_E1","isotonic","p_LR_E1__isotonic",1,137,0.176399,0.218978,0.157914,0.295372
"LR_E1","isotonic","p_LR_E1__isotonic",2,136,0.328126,0.375,0.29812,0.458748
"LR_E1","isotonic","p_LR_E1__isotonic",3,137,0.422697,0.394161,0.31629,0.477805
"LR_E1","isotonic","p_LR_E1__isotonic",4,136,0.470537,0.477941,0.395754,0.561341
"LR_E1","isotonic","p_LR_E1__isotonic",5,137,0.524207,0.489051,0.406792,0.571908
"LR_E1","isotonic","p_LR_E1__isotonic",6,136,0.570026,0.558824,0.474895,0.63952
"LR_E1","isotonic","p_LR_E1__isotonic",7,136,0.635924,0.558824,0.474895,0.63952
"LR_E1","isotonic","p_LR_E1__isotonic",8,137,0.706816,0.678832,0.596685,0.751223
"LR_E1","isotonic","p_LR_E1__isotonic",9,136,0.774751,0.816176,0.742707,0.872275
"LR_E1","isotonic","p_LR_E1__isotonic",10,137,0.855309,0.839416,0.768819,0.891497
"LR_C1C2","isotonic","p_LR_C1C2__isotonic",1,137,0.172795,0.19708,0.139128,0.271558
"LR_C1C2","isotonic","p_LR_C1C2__isotonic",2,136,0.337367,0.382353,0.304975,0.466195
"LR_C1C2","isotonic","p_LR_C1C2__isotonic",3,137,0.42138,0.394161,0.31629,0.477805
"LR_C1C2","isotonic","p_LR_C1C2__isotonic",4,136,0.448945,0.448529,0.367499,0.532387
"LR_C1C2","isotonic","p_LR_C1C2__isotonic",5,137,0.533535,0.554745,0.471157,0.635346
"LR_C1C2","isotonic","p_LR_C1C2__isotonic",6,136,0.575204,0.522059,0.438659,0.604246
"LR_C1C2","isotonic","p_LR_C1C2__isotonic",7,136,0.650477,0.573529,0.489514,0.653505
"LR_C1C2","isotonic","p_LR_C1C2__isotonic",8,137,0.708554,0.70073,0.619426,0.771083
"LR_C1C2","isotonic","p_LR_C1C2__isotonic",9,136,0.770035,0.779412,0.702584,0.840888
"LR_C1C2","isotonic","p_LR_C1C2__isotonic",10,137,0.847416,0.854015,0.78525,0.903467
"GBM","isotonic","p_GBM__isotonic",1,137,0.176599,0.20438,0.145358,0.279527
"GBM","isotonic","p_GBM__isotonic",2,136,0.317603,0.294118,0.224042,0.375505
"GBM","isotonic","p_GBM__isotonic",3,137,0.421724,0.481752,0.399726,0.564773
"GBM","isotonic","p_GBM__isotonic",4,136,0.476285,0.492647,0.409986,0.575712
"GBM","isotonic","p_GBM__isotonic",5,137,0.538889,0.474453,0.392677,0.557622
"GBM","isotonic","p_GBM__isotonic",6,136,0.570556,0.566176,0.482195,0.646522
"GBM","isotonic","p_GBM__isotonic",7,136,0.621611,0.580882,0.49685,0.660471
"GBM","isotonic","p_GBM__isotonic",8,137,0.702269,0.664234,0.58163,0.737878
"GBM","isotonic","p_GBM__isotonic",9,136,0.781724,0.816176,0.742707,0.872275
"GBM","isotonic","p_GBM__isotonic",10,137,0.842625,0.832117,0.760668,0.885448
"XGB_FREE","none","p_XGB_FREE",1,137,0.256078,0.248175,0.183375,0.326713
"XGB_FREE","none","p_XGB_FREE",2,136,0.331717,0.294118,0.224042,0.375505
"XGB_FREE","none","p_XGB_FREE",3,137,0.421358,0.452555,0.371634,0.536064
"XGB_FREE","none","p_XGB_FREE",4,136,0.47171,0.426471,0.346495,0.510486
"XGB_FREE","none","p_XGB_FREE",5,137,0.519606,0.583942,0.500215,0.663089
"XGB_FREE","none","p_XGB_FREE",6,136,0.569201,0.463235,0.381591,0.546899
"XGB_FREE","none","p_XGB_FREE",7,136,0.633109,0.632353,0.548718,0.708716
"XGB_FREE","none","p_XGB_FREE",8,137,0.706092,0.686131,0.604244,0.757865
"XGB_FREE","none","p_XGB_FREE",9,136,0.764263,0.779412,0.702584,0.840888
"XGB_FREE","none","p_XGB_FREE",10,137,0.813562,0.839416,0.768819,0.891497
"XGB_FREE","platt","p_XGB_FREE__platt",1,137,0.245937,0.270073,0.202749,0.34994
"XGB_FREE","platt","p_XGB_FREE__platt",2,136,0.32871,0.272059,0.204296,0.352345
"XGB_FREE","platt","p_XGB_FREE__platt",3,137,0.416741,0.459854,0.378631,0.543267
"XGB_FREE","platt","p_XGB_FREE__platt",4,136,0.468831,0.419118,0.339529,0.50315
"XGB_FREE","platt","p_XGB_FREE__platt",5,137,0.518583,0.591241,0.507523,0.669981
"XGB_FREE","platt","p_XGB_FREE__platt",6,136,0.571021,0.455882,0.374537,0.539652
"XGB_FREE","platt","p_XGB_FREE__platt",7,136,0.637775,0.632353,0.548718,0.708716
"XGB_FREE","platt","p_XGB_FREE__platt",8,137,0.712254,0.678832,0.596685,0.751223
"XGB_FREE","platt","p_XGB_FREE__platt",9,136,0.770585,0.779412,0.702584,0.840888
"XGB_FREE","platt","p_XGB_FREE__platt",10,137,0.822158,0.846715,0.777013,0.897504
"XGB_FREE","spline","p_XGB_FREE__spline",1,137,0.245903,0.270073,0.202749,0.34994
"XGB_FREE","spline","p_XGB_FREE__spline",2,136,0.328691,0.272059,0.204296,0.352345
"XGB_FREE","spline","p_XGB_FREE__spline",3,137,0.416745,0.459854,0.378631,0.543267
"XGB_FREE","spline","p_XGB_FREE__spline",4,136,0.468845,0.419118,0.339529,0.50315
"XGB_FREE","spline","p_XGB_FREE__spline",5,137,0.518605,0.591241,0.507523,0.669981
"XGB_FREE","spline","p_XGB_FREE__spline",6,136,0.571042,0.455882,0.374537,0.539652
"XGB_FREE","spline","p_XGB_FREE__spline",7,136,0.637786,0.632353,0.548718,0.708716
"XGB_FREE","spline","p_XGB_FREE__spline",8,137,0.712257,0.678832,0.596685,0.751223
"XGB_FREE","spline","p_XGB_FREE__spline",9,136,0.770575,0.779412,0.702584,0.840888
"XGB_FREE","spline","p_XGB_FREE__spline",10,137,0.822133,0.846715,0.777013,0.897504
"N1_NARROW","none","p_N1_NARROW",1,137,0.212798,0.182482,0.126768,0.255517
"N1_NARROW","none","p_N1_NARROW",2,136,0.319518,0.323529,0.250687,0.406067
"N1_NARROW","none","p_N1_NARROW",3,137,0.40038,0.445255,0.364654,0.528843
"N1_NARROW","none","p_N1_NARROW",4,136,0.478403,0.529412,0.445871,0.611336
"N1_NARROW","none","p_N1_NARROW",5,137,0.547673,0.481752,0.399726,0.564773
"N1_NARROW","none","p_N1_NARROW",6,136,0.604539,0.522059,0.438659,0.604246
"N1_NARROW","none","p_N1_NARROW",7,136,0.64966,0.580882,0.49685,0.660471
"N1_NARROW","none","p_N1_NARROW",8,137,0.705447,0.678832,0.596685,0.751223
"N1_NARROW","none","p_N1_NARROW",9,136,0.760793,0.794118,0.718535,0.853541
"N1_NARROW","none","p_N1_NARROW",10,137,0.839434,0.868613,0.801867,0.915251
"XGB_FREE","isotonic","p_XGB_FREE__isotonic",1,137,0.208395,0.233577,0.170589,0.311098
"XGB_FREE","isotonic","p_XGB_FREE__isotonic",2,136,0.314635,0.308824,0.23732,0.39083
"XGB_FREE","isotonic","p_XGB_FREE__isotonic",3,137,0.424398,0.452555,0.371634,0.536064
"XGB_FREE","isotonic","p_XGB_FREE__isotonic",4,136,0.470563,0.448529,0.367499,0.532387
"XGB_FREE","isotonic","p_XGB_FREE__isotonic",5,137,0.54339,0.554745,0.471157,0.635346
"XGB_FREE","isotonic","p_XGB_FREE__isotonic",6,136,0.56774,0.522059,0.438659,0.604246
"XGB_FREE","isotonic","p_XGB_FREE__isotonic",7,136,0.620806,0.558824,0.474895,0.63952
"XGB_FREE","isotonic","p_XGB_FREE__isotonic",8,137,0.73002,0.715328,0.634697,0.784214
"XGB_FREE","isotonic","p_XGB_FREE__isotonic",9,136,0.775665,0.764706,0.686753,0.828115
"XGB_FREE","isotonic","p_XGB_FREE__isotonic",10,137,0.828902,0.846715,0.777013,0.897504
"e1","none","p_e1",1,137,0.27027,0.277372,0.209256,0.357634
"e1","none","p_e1",2,136,0.38142,0.272059,0.204296,0.352345
"e1","none","p_e1",3,137,0.446332,0.49635,0.413875,0.579025
"e1","none","p_e1",4,136,0.498785,0.448529,0.367499,0.532387
"e1","none","p_e1",5,137,0.543087,0.50365,0.420975,0.586125
"e1","none","p_e1",6,136,0.591727,0.522059,0.438659,0.604246
"e1","none","p_e1",7,136,0.627846,0.602941,0.518967,0.681259
"e1","none","p_e1",8,137,0.669147,0.722628,0.642366,0.790744
"e1","none","p_e1",9,136,0.724258,0.75,0.671035,0.815229
"e1","none","p_e1",10,137,0.810884,0.810219,0.736445,0.86707
"e1","platt","p_e1__platt",1,137,0.23221,0.270073,0.202749,0.34994
"e1","platt","p_e1__platt",2,136,0.356059,0.286765,0.217436,0.367809
"e1","platt","p_e1__platt",3,137,0.431676,0.467153,0.385645,0.550453
"e1","platt","p_e1__platt",4,136,0.493574,0.448529,0.367499,0.532387
"e1","platt","p_e1__platt",5,137,0.547361,0.518248,0.435227,0.600274
"e1","platt","p_e1__platt",6,136,0.605331,0.514706,0.431465,0.597139
"e1","platt","p_e1__platt",7,136,0.646062,0.639706,0.556204,0.715532
"e1","platt","p_e1__platt",8,137,0.695384,0.671533,0.589147,0.744561
"e1","platt","p_e1__platt",9,136,0.75571,0.779412,0.702584,0.840888
"e1","platt","p_e1__platt",10,137,0.846708,0.810219,0.736445,0.86707
"e1","spline","p_e1__spline",1,137,0.235786,0.270073,0.202749,0.34994
"e1","spline","p_e1__spline",2,136,0.35593,0.301471,0.23067,0.383179
"e1","spline","p_e1__spline",3,137,0.429833,0.452555,0.371634,0.536064
"e1","spline","p_e1__spline",4,136,0.491464,0.441176,0.36048,0.525105
"e1","spline","p_e1__spline",5,137,0.545373,0.532847,0.449547,0.614355
"e1","spline","p_e1__spline",6,136,0.604258,0.529412,0.445871,0.611336
"e1","spline","p_e1__spline",7,136,0.645707,0.617647,0.533805,0.695025
"e1","spline","p_e1__spline",8,137,0.695925,0.686131,0.604244,0.757865
"e1","spline","p_e1__spline",9,136,0.757176,0.764706,0.686753,0.828115
"e1","spline","p_e1__spline",10,137,0.848526,0.810219,0.736445,0.86707
"c2","none","p_c2",1,137,0.273055,0.255474,0.189808,0.334481
"c2","none","p_c2",2,136,0.386831,0.316176,0.243993,0.39846
"c2","none","p_c2",3,137,0.455232,0.386861,0.309453,0.470442
"c2","none","p_c2",4,136,0.511445,0.544118,0.460348,0.625463
"c2","none","p_c2",5,137,0.557938,0.489051,0.406792,0.571908
"c2","none","p_c2",6,136,0.604176,0.544118,0.460348,0.625463
"c2","none","p_c2",7,136,0.650474,0.617647,0.533805,0.695025
"c2","none","p_c2",8,137,0.69198,0.737226,0.657777,0.803734
"c2","none","p_c2",9,136,0.74223,0.691176,0.60917,0.76268
"c2","none","p_c2",10,137,0.82641,0.824818,0.752557,0.879359
"e1","isotonic","p_e1__isotonic",1,137,0.233507,0.270073,0.202749,0.34994
"e1","isotonic","p_e1__isotonic",2,136,0.331702,0.316176,0.243993,0.39846
"e1","isotonic","p_e1__isotonic",3,137,0.438679,0.481752,0.399726,0.564773
"e1","isotonic","p_e1__isotonic",4,136,0.482683,0.507353,0.424288,0.590014
"e1","isotonic","p_e1__isotonic",5,137,0.528487,0.423358,0.34382,0.507076
"e1","isotonic","p_e1__isotonic",6,136,0.60143,0.536765,0.453101,0.618409
"e1","isotonic","p_e1__isotonic",7,136,0.661536,0.602941,0.518967,0.681259
"e1","isotonic","p_e1__isotonic",8,137,0.712988,0.766423,0.688902,0.829411
"e1","isotonic","p_e1__isotonic",9,136,0.746424,0.705882,0.624495,0.775958
"e1","isotonic","p_e1__isotonic",10,137,0.874571,0.79562,0.720473,0.854642
"c1","none","p_c1",1,137,0.257734,0.270073,0.202749,0.34994
"c1","none","p_c1",2,136,0.367051,0.338235,0.264138,0.42122
"c1","none","p_c1",3,137,0.430102,0.452555,0.371634,0.536064
"c1","none","p_c1",4,136,0.483232,0.477941,0.395754,0.561341
"c1","none","p_c1",5,137,0.531988,0.49635,0.413875,0.579025
"c1","none","p_c1",6,136,0.57302,0.551471,0.467613,0.632501
"c1","none","p_c1",7,136,0.610118,0.610294,0.526377,0.688152
"c1","none","p_c1",8,137,0.652409,0.613139,0.529558,0.690547
"c1","none","p_c1",9,136,0.711706,0.757353,0.678881,0.821686
"c1","none","p_c1",10,137,0.802559,0.839416,0.768819,0.891497
