column,candidate,family,calibration,source,description,n,brier,logloss,ece,slope,slope_lo,slope_hi,recal_intercept,recal_intercept_lo,recal_intercept_hi,citl,citl_lo,citl_hi,skill,skill_lo,skill_hi,dm_p,bh_q,mean_abs_logit_vs_close,ll_skill,ll_skill_lo,ll_skill_hi,dm_ll_p
"p_S1","S1","S1","none","v3 (new)","Stacked mesh: ridge meta-logistic on 7 level-0 logits, offset logit(close), lambda.1se",1365,0.210972,0.60954,0.0305008,1.04334,0.890753,1.19593,-0.0453129,-0.164494,0.0738679,-0.037072,-0.152013,0.0778694,0.000684243,-0.000972461,0.0023387,0.262302,0.999997,0.0354788,0.000231812,-0.00104667,0.00148639,0.390896
"p_R1","R1","R1","none","v3 (new)","Residual mesh: xgboost boosting the anchored glmnet's out-of-fold logit",1365,0.210978,0.609406,0.0284606,0.998227,0.852107,1.14435,-0.044686,-0.163864,0.074492,-0.0450375,-0.160668,0.0705931,0.000654166,-0.00252047,0.00383818,0.368109,0.999997,0.0596531,0.000451662,-0.00219599,0.00311046,0.388336
"p_O1","O1","O1","none","v3 (new)","Online convex blend (EWA) of 7 level-0 models + the close",1365,0.211035,0.609532,0.0315712,1.02609,0.876035,1.17614,-0.0611139,-0.180899,0.0586717,-0.0556626,-0.170869,0.0595439,0.000385413,-0.00135823,0.00215614,0.357971,0.999997,0.0313344,0.000244925,-0.0012475,0.00177,0.388742
"p_GLMNET","GLMNET","GLMNET","none","v2 (committed)","Elastic net, market unpenalised (G1)",1365,0.21105,0.609606,0.0291262,0.986429,0.842045,1.13081,-0.0404377,-0.15944,0.0785643,-0.0430992,-0.158903,0.0727043,0.000314322,-0.00202594,0.00277085,0.405168,0.999997,0.0463927,0.00012364,-0.00198526,0.00232657,0.457146
"p_XGB__isotonic","XGB","XGB","isotonic","v2 (committed)","xgboost anchored on the close (X1)",1365,0.211079,0.613076,0.0266941,0.911272,0.768545,1.054,-0.0121619,-0.130035,0.105712,-0.0282786,-0.144587,0.0880303,0.000175732,-0.00853507,0.00884494,0.485172,0.999997,0.198393,-0.00556757,-0.0201661,0.00651404,0.808231
"p_S1_MIN","S1_MIN","S1_MIN","none","v3 (new)","Stacked mesh, lambda.min (sensitivity)",1365,0.211083,0.609862,0.0287435,1.02857,0.877727,1.17942,-0.0432183,-0.162295,0.0758579,-0.0377664,-0.152876,0.0773429,0.000155747,-0.00207178,0.00234651,0.457065,0.999997,0.0439303,-0.000297272,-0.00215485,0.00150985,0.60056
"p_G2_GAPS","G2_GAPS","G2_GAPS","none","v3 (new)","GAM, offset close: Elo/EPA gap smooths only",1365,0.211111,0.609766,0.0325289,1.04341,0.890689,1.19613,-0.0538238,-0.173303,0.0656556,-0.0452143,-0.160137,0.0697084,2.7305e-05,-0.00133994,0.00134889,0.487837,0.999997,0.0290666,-0.000139484,-0.00117451,0.000878103,0.579338
"p_c0","C0","C0","none","market","No-vig closing moneyline (reference)",1365,0.211116,0.609681,0.0309627,1.04702,0.894073,1.19997,-0.0803685,-0.200917,0.0401803,-0.0698847,-0.184802,0.0450324,0,0,0,NA,NA,0,NA,NA,NA,NA
"p_T1","T1","T1","none","v3 (new)","Team mixed model: glmer, offset close, home/away team intercepts, 3-season window",1365,0.21112,0.610261,0.0336211,1.02512,0.874517,1.17571,-0.00824866,-0.126146,0.109648,-0.00429132,-0.119392,0.110809,-1.93717e-05,-0.0042032,0.0041787,0.502597,0.999997,0.0915911,-0.000950188,-0.00420827,0.00227068,0.65881
"p_GLMNET__spline","GLMNET","GLMNET","spline","v2 (committed)","Elastic net, market unpenalised (G1)",1365,0.211124,0.609845,0.0339155,0.998215,0.851711,1.14472,-0.027301,-0.145746,0.0911445,-0.0276191,-0.143178,0.0879396,-3.41063e-05,-0.00291046,0.00281628,0.507465,0.999997,0.0579866,-0.000269167,-0.00259687,0.00203221,0.572321
"p_LR_E1","LR_E1","LR_E1","none","v2 (committed)","Logistic stack: close + v1 ensemble (L1)",1365,0.211138,0.609911,0.0284813,0.98282,0.838641,1.127,-0.0451569,-0.164287,0.0739731,-0.0486117,-0.164437,0.0672139,-0.000100357,-0.00275161,0.00268101,0.526422,0.999997,0.0528691,-0.000376736,-0.00282749,0.00218689,0.610975
"p_N1","N1","N1","none","v3 (new)","nnet (size <= 3), skip weight on logit(close) fixed at 1, decay 1-10,000 by CV",1365,0.211159,0.609775,0.0284748,1.04439,0.891724,1.19705,-0.0784345,-0.198894,0.0420253,-0.0685962,-0.183536,0.046344,-0.000203582,-0.000580551,0.000170259,0.870186,0.999997,0.00522915,-0.000154588,-0.000447327,0.000141464,0.862742
"p_GLMNET__platt","GLMNET","GLMNET","platt","v2 (committed)","Elastic net, market unpenalised (G1)",1365,0.211193,0.610127,0.0301803,0.995827,0.84955,1.14211,-0.0276972,-0.146219,0.0908244,-0.0284553,-0.144025,0.0871145,-0.000360878,-0.00307926,0.00241193,0.583511,0.999997,0.056035,-0.000731493,-0.00299346,0.00152743,0.696534
"p_LR_E1__spline","LR_E1","LR_E1","spline","v2 (committed)","Logistic stack: close + v1 ensemble (L1)",1365,0.211197,0.610137,0.0319676,0.998488,0.851614,1.14536,-0.0302387,-0.148742,0.0882648,-0.030512,-0.146028,0.0850036,-0.000379968,-0.0032892,0.00264099,0.576571,0.999997,0.0634143,-0.000746793,-0.00320397,0.00173906,0.679598
"p_XGB__spline","XGB","XGB","spline","v2 (committed)","xgboost anchored on the close (X1)",1365,0.211235,0.609955,0.037262,1.01986,0.870153,1.16956,-0.0382352,-0.157061,0.0805908,-0.0345452,-0.149765,0.0806742,-0.0005619,-0.00421189,0.00312719,0.602828,0.999997,0.0603029,-0.000449691,-0.00337661,0.00250953,0.605339
"p_LR_E1__platt","LR_E1","LR_E1","platt","v2 (committed)","Logistic stack: close + v1 ensemble (L1)",1365,0.21126,0.610396,0.032452,0.996217,0.849549,1.14289,-0.0306162,-0.149195,0.0879628,-0.0313123,-0.146839,0.0842141,-0.000682341,-0.00345171,0.0022158,0.642898,0.999997,0.061782,-0.00117167,-0.00356291,0.0012999,0.775369
"p_GBM","GBM","GBM","none","v2 (committed)","gbm anchored on the close",1365,0.21129,0.61024,0.0435313,1.01922,0.869503,1.16894,-0.0534549,-0.172879,0.0659691,-0.0495608,-0.164774,0.0656525,-0.000821133,-0.0060859,0.00434584,0.596725,0.999997,0.0766118,-0.000917092,-0.0054205,0.00350157,0.630266
"p_XGB","XGB","XGB","none","v2 (committed)","xgboost anchored on the close (X1)",1365,0.211292,0.609998,0.0374651,1.03493,0.883384,1.18647,-0.0735463,-0.193809,0.046716,-0.0658825,-0.180924,0.0491594,-0.000830469,-0.00404978,0.00241009,0.69116,0.999997,0.0306088,-0.000519803,-0.00302841,0.00208241,0.657369
"p_XGB__platt","XGB","XGB","platt","v2 (committed)","xgboost anchored on the close (X1)",1365,0.211304,0.610227,0.0368038,1.01761,0.868102,1.16711,-0.0387017,-0.157612,0.0802087,-0.0353712,-0.150598,0.0798558,-0.000889098,-0.00453006,0.00275638,0.665547,0.999997,0.0582379,-0.00089525,-0.00380655,0.00206377,0.707376
"p_G2","G2","G2","none","v3 (new)","GAM, offset close: Elo/EPA gap smooths + 4 Tune-screened features",1365,0.211306,0.610213,0.0325202,1.03942,0.886929,1.1919,-0.0528876,-0.172297,0.0665214,-0.0450748,-0.160002,0.0698521,-0.000899041,-0.00255972,0.000755664,0.805188,0.999997,0.0322725,-0.000872652,-0.00212773,0.000363823,0.860539
"p_GBM__spline","GBM","GBM","spline","v2 (committed)","gbm anchored on the close",1365,0.211355,0.610501,0.0392115,1.02016,0.869852,1.17048,-0.0302243,-0.148723,0.0882749,-0.0266392,-0.14178,0.0885016,-0.00113112,-0.00672423,0.00438688,0.62069,0.999997,0.100199,-0.00134446,-0.00609579,0.00328335,0.672612
"p_GBM__platt","GBM","GBM","platt","v2 (committed)","gbm anchored on the close",1365,0.2114,0.610694,0.0410985,1.01819,0.868091,1.16829,-0.030822,-0.149396,0.0877518,-0.027535,-0.142688,0.0876175,-0.00134397,-0.0069071,0.00412056,0.644428,0.999997,0.0991805,-0.00166055,-0.006359,0.00293064,0.711423
"p_GLMNET__isotonic","GLMNET","GLMNET","isotonic","v2 (committed)","Elastic net, market unpenalised (G1)",1365,0.2116,0.615207,0.027296,0.870274,0.732169,1.00838,0.000985412,-0.116302,0.118273,-0.0215863,-0.138353,0.0951801,-0.00229236,-0.0100678,0.0062475,0.686727,0.999997,0.20742,-0.00906365,-0.0242146,0.0039196,0.900792
"p_LR_C1C2","LR_C1C2","LR_C1C2","none","v2 (committed)","Logistic stack: close + Elo + EPA",1365,0.211664,0.611078,0.0418586,0.993954,0.847304,1.1406,-0.0502536,-0.169494,0.068987,-0.0514899,-0.166993,0.0640132,-0.00259488,-0.00574174,0.000320583,0.921377,0.999997,0.0583961,-0.00229122,-0.00482577,0.000116783,0.932589
"p_LR_C1C2__spline","LR_C1C2","LR_C1C2","spline","v2 (committed)","Logistic stack: close + Elo + EPA",1365,0.211718,0.611318,0.0393583,1.00076,0.852707,1.14881,-0.0330167,-0.151542,0.0855087,-0.0328772,-0.148218,0.0824636,-0.00285005,-0.00631997,0.000528707,0.896865,0.999997,0.0714455,-0.00268406,-0.00543431,-5.3245e-05,0.929296
"p_LR_C1C2__platt","LR_C1C2","LR_C1C2","platt","v2 (committed)","Logistic stack: close + Elo + EPA",1365,0.211777,0.611542,0.0383358,0.998798,0.850915,1.14668,-0.0333285,-0.151921,0.0852638,-0.0335531,-0.148902,0.081796,-0.00312975,-0.00654536,0.000175399,0.923774,0.999997,0.0700285,-0.0030518,-0.00577005,-0.000422954,0.955823
"p_LR_E1__isotonic","LR_E1","LR_E1","isotonic","v2 (committed)","Logistic stack: close + v1 ensemble (L1)",1365,0.212236,0.617832,0.0334031,0.87065,0.730084,1.01122,-0.00465686,-0.121888,0.112575,-0.0278637,-0.144228,0.0885005,-0.005305,-0.0134471,0.0030663,0.879026,0.999997,0.196009,-0.0133696,-0.0299604,0.000795822,0.965358
"p_LR_C1C2__isotonic","LR_C1C2","LR_C1C2","isotonic","v2 (committed)","Logistic stack: close + Elo + EPA",1365,0.212276,0.617811,0.0271649,0.871945,0.730891,1.013,-0.00521337,-0.122456,0.11203,-0.0282838,-0.144619,0.0880515,-0.0054919,-0.0132308,0.00248255,0.878356,0.999997,0.203142,-0.0133352,-0.0292624,-6.757e-05,0.96412
"p_GBM__isotonic","GBM","GBM","isotonic","v2 (committed)","gbm anchored on the close",1365,0.212367,0.619196,0.0320495,0.870182,0.729256,1.01111,0.00198817,-0.11495,0.118926,-0.0206422,-0.136862,0.0955779,-0.00592372,-0.015611,0.00409645,0.852546,0.999997,0.218173,-0.015606,-0.0334119,-0.000126286,0.970233
"p_XGB_FREE","XGB_FREE","XGB_FREE","none","v2 (committed)","xgboost without the market anchor",1365,0.212941,0.614073,0.0353754,1.09485,0.933032,1.25666,-0.0535095,-0.172036,0.0650169,-0.0368246,-0.150638,0.076989,-0.00864445,-0.0213728,0.00358139,0.92375,0.999997,0.196411,-0.00720326,-0.0185054,0.00361312,0.921974
"p_XGB_FREE__platt","XGB_FREE","XGB_FREE","platt","v2 (committed)","xgboost without the market anchor",1365,0.213089,0.614329,0.04335,1.04964,0.893937,1.20534,-0.0487489,-0.167071,0.0695733,-0.0398972,-0.154233,0.0744381,-0.00934298,-0.022231,0.00297922,0.935193,0.999997,0.199108,-0.007624,-0.0190154,0.00329174,0.930442
"p_XGB_FREE__spline","XGB_FREE","XGB_FREE","spline","v2 (committed)","xgboost without the market anchor",1365,0.213091,0.614333,0.0433572,1.04959,0.893891,1.20529,-0.0487337,-0.167056,0.0695887,-0.03989,-0.154226,0.0744457,-0.00935228,-0.0222452,0.00297474,0.935394,0.999997,0.199099,-0.0076303,-0.0190243,0.00329095,0.930618
"p_N1_NARROW","N1_NARROW","N1_NARROW","none","v3 (new)","nnet as N1 with the development decay grid 1-100 (disclosed variant)",1365,0.213238,0.614506,0.0436354,0.976425,0.829654,1.12319,-0.0480639,-0.166939,0.0708116,-0.0529025,-0.16826,0.0624549,-0.0100511,-0.0182045,-0.00193625,0.993573,0.999997,0.122387,-0.00791276,-0.0143857,-0.00144772,0.993133
"p_XGB_FREE__isotonic","XGB_FREE","XGB_FREE","isotonic","v2 (committed)","xgboost without the market anchor",1365,0.213816,0.61917,0.0243485,0.929729,0.78396,1.0755,-0.0233363,-0.141161,0.0944884,-0.0369173,-0.152349,0.0785146,-0.0127869,-0.0270777,0.00125293,0.962113,0.999997,0.248032,-0.0155635,-0.0304838,-0.00105118,0.978856
"p_e1","e1","E1","none","v2 (committed)","v1 ensemble alone (Elo + EPA)",1365,0.219535,0.629073,0.0430162,1.10107,0.919403,1.28273,-0.0926199,-0.212709,0.0274693,-0.070389,-0.182614,0.0418363,-0.0398769,-0.0589458,-0.0207222,0.999964,0.999997,0.295984,-0.0318068,-0.0465136,-0.0171238,0.999981
"p_e1__platt","e1","E1","platt","v2 (committed)","v1 ensemble alone (Elo + EPA)",1365,0.219626,0.629813,0.0397551,0.919574,0.767384,1.07176,-0.0751328,-0.194293,0.044027,-0.0946538,-0.208968,0.0196607,-0.0403076,-0.0593857,-0.0209791,0.999952,0.999997,0.292921,-0.0330201,-0.0476915,-0.0181189,0.999981
"p_e1__spline","e1","E1","spline","v2 (committed)","v1 ensemble alone (Elo + EPA)",1365,0.219628,0.629828,0.0332461,0.918917,0.766926,1.07091,-0.075136,-0.19418,0.0439083,-0.094626,-0.208951,0.0196992,-0.0403162,-0.059395,-0.0208984,0.99995,0.999997,0.293828,-0.0330444,-0.0477818,-0.0181297,0.99998
"p_c2","c2","C2","none","v2 (committed)","EPA GLM alone",1365,0.219646,0.628875,0.0448777,1.06394,0.889948,1.23793,-0.150999,-0.274557,-0.0274403,-0.132981,-0.245711,-0.0202515,-0.0404024,-0.0605413,-0.0197121,0.999957,0.999997,0.301784,-0.0314809,-0.0463594,-0.0160082,0.999969
"p_e1__isotonic","e1","E1","isotonic","v2 (committed)","v1 ensemble alone (Elo + EPA)",1365,0.221135,0.637241,0.0521566,0.790717,0.64971,0.931724,-0.0492481,-0.166576,0.0680795,-0.097365,-0.21271,0.0179801,-0.0474563,-0.0674416,-0.0274571,0.999991,0.999997,0.360122,-0.0452041,-0.0650506,-0.0261302,0.999995
"p_c1","c1","C1","none","v2 (committed)","Elo alone",1365,0.222358,0.635788,0.02482,1.01784,0.84003,1.19566,-0.00862929,-0.124392,0.107133,-0.00584865,-0.118069,0.106372,-0.0532505,-0.0756476,-0.0313394,0.999997,0.999997,0.352751,-0.042821,-0.0602474,-0.0256871,0.999999
