candidate,column,season,n,skill
"S1","p_S1",2018,265,-0.00110914
"S1","p_S1",2019,266,-0.000222115
"S1","p_S1",2020,268,0.00164761
"S1","p_S1",2021,284,0.00413649
"S1","p_S1",2022,282,-0.00122968
"R1","p_R1",2018,265,0.00193904
"R1","p_R1",2019,266,-0.00141789
"R1","p_R1",2020,268,0.00221318
"R1","p_R1",2021,284,0.000738938
"R1","p_R1",2022,282,-8.94299e-05
"O1","p_O1",2018,265,0.00235634
"O1","p_O1",2019,266,-0.00192819
"O1","p_O1",2020,268,0.00146031
"O1","p_O1",2021,284,0.000345107
"O1","p_O1",2022,282,-0.000204556
"GLMNET","p_GLMNET",2018,265,-0.00232041
"GLMNET","p_GLMNET",2019,266,-0.000901087
"GLMNET","p_GLMNET",2020,268,0.003774
"GLMNET","p_GLMNET",2021,284,0.00105477
"GLMNET","p_GLMNET",2022,282,5.29918e-05
"S1_MIN","p_S1_MIN",2018,265,-0.00464512
"S1_MIN","p_S1_MIN",2019,266,0.000170524
"S1_MIN","p_S1_MIN",2020,268,0.00194407
"S1_MIN","p_S1_MIN",2021,284,0.00429813
"S1_MIN","p_S1_MIN",2022,282,-0.00125802
"G2_GAPS","p_G2_GAPS",2018,265,-0.00358524
"G2_GAPS","p_G2_GAPS",2019,266,-2.0833e-05
"G2_GAPS","p_G2_GAPS",2020,268,0.00130515
"G2_GAPS","p_G2_GAPS",2021,284,0.00316229
"G2_GAPS","p_G2_GAPS",2022,282,-0.000935945
"C0","p_c0",2018,265,0
"C0","p_c0",2019,266,0
"C0","p_c0",2020,268,0
"C0","p_c0",2021,284,0
"C0","p_c0",2022,282,0
"T1","p_T1",2018,265,-2.09338e-05
"T1","p_T1",2019,266,-0.00303597
"T1","p_T1",2020,268,0.00100705
"T1","p_T1",2021,284,0.00677497
"T1","p_T1",2022,282,-0.00516382
"LR_E1","p_LR_E1",2018,265,-0.00111887
"LR_E1","p_LR_E1",2019,266,-0.00155974
"LR_E1","p_LR_E1",2020,268,0.00334495
"LR_E1","p_LR_E1",2021,284,-0.000719619
"LR_E1","p_LR_E1",2022,282,-0.000230265
"N1","p_N1",2018,265,0.000289684
"N1","p_N1",2019,266,-0.000699759
"N1","p_N1",2020,268,0.000155673
"N1","p_N1",2021,284,-0.000139836
"N1","p_N1",2022,282,-0.00059124
"GBM","p_GBM",2018,265,0.00327698
"GBM","p_GBM",2019,266,-0.010734
"GBM","p_GBM",2020,268,0.00123716
"GBM","p_GBM",2021,284,0.00293896
"GBM","p_GBM",2022,282,-0.000987951
"XGB","p_XGB",2018,265,0.00241645
"XGB","p_XGB",2019,266,-0.00160173
"XGB","p_XGB",2020,268,-0.00238358
"XGB","p_XGB",2021,284,-0.0018362
"XGB","p_XGB",2022,282,-0.000705578
"G2","p_G2",2018,265,-0.00654911
"G2","p_G2",2019,266,-0.000483054
"G2","p_G2",2020,268,0.00129804
"G2","p_G2",2021,284,0.00314287
"G2","p_G2",2022,282,-0.00215961
"LR_C1C2","p_LR_C1C2",2018,265,-0.0117196
"LR_C1C2","p_LR_C1C2",2019,266,-0.00180145
"LR_C1C2","p_LR_C1C2",2020,268,0.00218779
"LR_C1C2","p_LR_C1C2",2021,284,0.000561948
"LR_C1C2","p_LR_C1C2",2022,282,-0.00234919
"XGB_FREE","p_XGB_FREE",2018,265,-0.0147212
"XGB_FREE","p_XGB_FREE",2019,266,-0.027772
"XGB_FREE","p_XGB_FREE",2020,268,-0.0051633
"XGB_FREE","p_XGB_FREE",2021,284,0.000828674
"XGB_FREE","p_XGB_FREE",2022,282,0.00249665
"N1_NARROW","p_N1_NARROW",2018,265,0.00278112
"N1_NARROW","p_N1_NARROW",2019,266,-0.0209268
"N1_NARROW","p_N1_NARROW",2020,268,0.00273165
"N1_NARROW","p_N1_NARROW",2021,284,-0.0142168
"N1_NARROW","p_N1_NARROW",2022,282,-0.0191476
"e1","p_e1",2018,265,-0.0146509
"e1","p_e1",2019,266,-0.030866
"e1","p_e1",2020,268,-0.055176
"e1","p_e1",2021,284,-0.0509978
"e1","p_e1",2022,282,-0.0469581
"c2","p_c2",2018,265,0.00921778
"c2","p_c2",2019,266,-0.0424231
"c2","p_c2",2020,268,-0.0688298
"c2","p_c2",2021,284,-0.0573222
"c2","p_c2",2022,282,-0.0419936
"c1","p_c1",2018,265,-0.0553297
"c1","p_c1",2019,266,-0.0340378
"c1","p_c1",2020,268,-0.0568413
"c1","p_c1",2021,284,-0.0556006
"c1","p_c1",2022,282,-0.0640558
